date,category,period,volume_actual,volume_baseline,avg_price,competitor_price,promo_depth,promo_share,feature_display,distribution_acv,tv_grps,digital_spend,avg_temp_c,consumer_confidence,cpi_food
2022-01-02,Ice Cream,history,780406.0,715192.3671406272,4.1106725541916145,4.307085862837891,23.100188124444625,62.97297919658324,24.284433610517375,68.9358219289229,90.55744287280623,74.4886489198958,4.503746616830196,93.86789218858914,
2022-01-09,Ice Cream,history,485250.0,464804.1397287661,4.6050612186024,4.528248134120487,16.045043761212618,39.78299842965386,32.00676311809856,67.52704904166599,0.0,63.06692753579499,4.688961220884122,93.32940949006152,
2022-01-16,Ice Cream,history,481054.0,464410.46088221134,4.213360992386491,4.294660859529212,26.85523372853547,43.74507695157631,15.624874143061408,70.10210361305884,0.0,0.0,4.091192657940171,93.99400340515226,
2022-01-23,Ice Cream,history,398197.0,376025.72472910554,4.513764951656804,4.349838827246745,17.81755437206445,37.711586773526186,17.35219730400109,69.0297215447292,74.88705046402421,60.30487300190292,3.9081664124442854,94.43986032625271,
2022-01-30,Ice Cream,history,561751.0,532063.9002197337,4.301963932499241,4.5313635762978635,20.250705850560955,52.60450039369047,15.667682931575213,69.04083100009534,163.82866315275731,29.39937526151119,4.192287348203582,94.61226968140988,
2022-02-06,Ice Cream,history,398248.0,383934.07684519544,4.466305162064414,4.791069937958961,19.36639549505503,36.12557473540236,14.982594612783316,68.30503396591263,135.439483003044,68.51462936902232,3.084073671717324,94.92428927625517,
2022-02-13,Ice Cream,history,492438.0,489675.9240024819,4.532273459353499,4.6704376096654405,24.387956523683755,31.1879360238453,18.70959498731168,67.94319805234929,0.0,35.470136078129975,4.50813648684579,97.5828927780204,
2022-02-20,Ice Cream,history,480414.0,476021.2948077149,4.337461299050905,4.411371702861182,25.687202231820415,42.74357341245579,18.94884771943096,68.54556974567878,60.22256825302697,32.47441587279375,3.095258147793161,95.07308645357624,
2022-02-27,Ice Cream,history,542536.0,535665.3699212773,4.551395784282486,4.283893694245929,24.220957436284262,26.141522609957757,18.337233681098844,69.6415987714991,0.0,32.14624468303182,6.976947320130494,94.13994843053426,
2022-03-06,Ice Cream,history,638346.0,594996.1927011563,4.644827127523388,4.651992993706954,20.522092599555844,27.9768969747764,19.981005759040507,69.15291654262487,66.13781156913531,0.0,8.716786890029756,94.09407174985618,
2022-03-13,Ice Cream,history,971859.0,903671.143358542,4.188810963457984,4.547001945957805,28.05685455025044,46.29541540328084,12.862049412929345,68.9240772641502,65.6864299400231,63.59124580427856,9.890205764530569,94.62966196031483,
2022-03-20,Ice Cream,history,596164.0,595907.9459093567,4.5981224508899965,4.326236364694857,18.069602681392187,35.109060345086945,16.539207190264797,69.32318969941885,0.0,0.0,10.772720748051718,95.08437474256432,
2022-03-27,Ice Cream,history,875265.0,839103.1340192814,4.3900153305577065,4.335379000231507,19.03153784254168,62.3416939177513,23.275691922684217,67.9870491822046,0.0,67.5372642134791,11.0877149234164,95.36020850805536,
2022-04-03,Ice Cream,history,920750.0,912014.3957059025,4.475551214635066,4.321871025543944,31.35428162068202,28.52642814946859,21.27399239441949,68.0578058098786,70.9437506597712,50.188839237127254,12.303731181625531,96.20628008919194,
2022-04-10,Ice Cream,history,950958.0,926719.709112273,4.433833877830729,4.652235752942093,24.545389401634335,41.72566434165353,21.96379970476525,69.32565788145862,0.0,23.52542090332489,12.32966508855237,93.59958282127197,
2022-04-17,Ice Cream,history,927154.0,923439.295338122,4.320561369761836,4.458825571474432,21.33528429656304,54.14544144353223,17.880881270087166,69.33608750575041,0.0,35.21233409813785,14.087168420791524,94.56492874797176,
2022-04-24,Ice Cream,history,1292312.0,1255378.2590099922,4.397067445152918,4.607258940381927,20.60819046563098,48.478521788162986,25.747936801032395,69.03619133050204,146.55371855149588,42.59806397348882,16.61404437836227,95.297077683078,
2022-05-01,Ice Cream,history,963546.0,954614.5237466224,4.636873265206807,4.650481226233204,18.59393146605772,33.39949635695045,23.87602570853338,70.01052671997014,0.0,39.41497916983365,17.305647370413826,95.9276971674032,
2022-05-08,Ice Cream,history,1173251.0,1171998.8151448062,4.6092099897067,4.567857635462043,26.616458839505132,30.885456639159617,24.605911883328503,69.5087424963654,62.08634471200251,47.598785775573674,18.840190402611483,94.05893169601114,
2022-05-15,Ice Cream,history,1214354.0,1156444.7812399361,4.497440051101939,4.664929476428636,25.735271746383592,32.24960561629503,21.761758050310092,69.59048426044875,0.0,41.542824594363566,18.579150844918335,96.58087712903829,
2022-05-22,Ice Cream,history,1318276.0,1372889.9760013558,4.447307098739431,4.694122034075583,27.79208009276625,35.65800157468119,34.324238374116604,67.73261813343403,0.0,32.47193375395366,18.949064353963976,94.94601380878542,
2022-05-29,Ice Cream,history,1412897.0,1493538.2789801427,4.460548001737617,4.5975899055893334,23.771471785117207,47.24630241984103,33.183502214065,68.94304405439726,0.0,65.05924368418253,22.765296980456583,94.19324569923955,
2022-06-05,Ice Cream,history,1307500.0,1405621.601072165,4.4044806615567715,4.265964858100367,29.62644676268944,41.625069768923794,15.902966980920452,69.78686635111232,95.08181781177484,28.0562886628402,20.861549441592473,93.8174640542837,
2022-06-12,Ice Cream,history,1815862.0,1808263.9276850654,4.160026446401444,4.434868775434794,26.2654598092104,59.69547129318996,23.280454091502055,68.6611824837613,0.0,45.43860432872197,20.33421333546263,94.45087930188797,
2022-06-19,Ice Cream,history,1300020.0,1329737.1480114332,4.642096535939998,4.352503628505134,20.14875112727884,36.77125465951749,23.870692172497524,69.49742017240816,90.5130355138159,39.08682882263134,22.361671532928497,95.99380412303331,
2022-06-26,Ice Cream,history,1600785.0,1588607.5619498051,4.5438429711179085,4.726249425082378,23.341333824311313,41.99677793725572,26.303559568776784,69.09650792598963,0.0,51.83361314959809,22.97024279317105,95.23216367515366,
2022-07-03,Ice Cream,history,2300090.0,2227404.2248148974,4.1803694022401645,4.358604024104518,25.950273222975333,70.51388813964306,19.416789330479183,71.03066787875079,0.0,46.951247435384346,24.08926420251015,93.9405162229622,
2022-07-10,Ice Cream,history,1892423.0,1786145.2862467128,4.426458969827365,4.0254352052873505,26.930844003507268,46.658021351146374,24.99679949633725,69.17925236288336,0.0,61.988930400698216,25.551876301945953,94.96157463326284,
2022-07-17,Ice Cream,history,2124881.0,1955092.802645021,4.550282588060603,4.545336343530622,24.010092144287853,44.276226327837385,27.431834550902312,69.15467005476313,281.01328373808104,46.70429392056829,25.667895148434116,94.3935761509401,
2022-07-24,Ice Cream,history,1995769.0,1976414.4004295093,4.581873569056124,4.781936677551202,21.983098072085404,45.23000234786243,29.686009381337733,70.56784365137933,131.7627072486642,79.97807954397277,24.642288109580143,94.74884267212224,
2022-07-31,Ice Cream,history,1480007.0,1530020.3742689714,4.61683903511827,4.5343345163242486,30.556326698961072,31.964873940967365,18.70625799179132,68.90298471516209,0.0,29.13837203007594,26.19411495685751,93.33298619161498,
2022-08-07,Ice Cream,history,994979.0,1045458.4437072295,4.787876833576179,4.675437671316991,17.919684900839908,29.48107286013572,15.337041390037992,70.58868406149581,83.4404825854612,59.1464896877238,23.934544837109147,94.59240143866693,
2022-08-14,Ice Cream,history,1145972.0,1266397.994454894,4.619571059343097,4.859463447124559,20.31355588164643,40.57069993070279,21.143502578401517,69.46111294050034,0.0,20.767651168826887,22.72143123918376,92.94266648128492,
2022-08-21,Ice Cream,history,984949.0,1128639.4556726667,4.629408066986014,4.6957625918794585,26.406151436631824,38.70577367635346,14.877737105511876,70.87162401555211,0.0,58.26591533315456,21.74927745135542,92.37289479935043,
2022-08-28,Ice Cream,history,553584.0,627066.3357407434,4.882630641602884,4.670181542250815,16.444848754035775,24.896902195284152,13.736859019887754,67.7931513437905,0.0,22.713633255994548,22.20351172284562,92.1359229104882,
2022-09-04,Ice Cream,history,1292463.0,1382271.3076898935,4.479364162345609,4.674477023816874,29.258310727426625,40.39802467353957,21.491320715050097,68.46652693102408,86.46637697927639,31.035502270038258,20.679886632168586,93.34876158214828,
2022-09-11,Ice Cream,history,1038158.0,1135320.4104410578,4.618673363758527,4.570635984666004,25.36514182302404,35.16101625907316,17.673824341479843,70.04873717662562,45.90184460841824,40.14035570200353,21.493731830660707,93.43177922394376,
2022-09-18,Ice Cream,history,1430221.0,1505271.6644192643,4.503591046657244,4.437165359621416,23.99009486246911,53.74975686081281,33.99299175916135,70.39047106750094,94.72556760998444,0.0,18.821669814346027,91.47469449011795,
2022-09-25,Ice Cream,history,805678.0,795199.598230261,4.779061422809071,5.033892611428633,16.161207416532438,38.0903622646307,21.747432254425856,68.74735065231133,0.0,18.42050103152064,16.55221965229912,91.1830085550858,
2022-10-02,Ice Cream,history,854661.0,861626.9316948765,4.80043142038913,4.662236995756195,22.20799515342599,28.973220766612688,25.61422673742742,68.88490918519805,153.2012857175883,40.47808119951826,14.246669884907009,92.55280968499927,
2022-10-09,Ice Cream,history,1018112.0,983984.9517878315,4.811482192477551,4.676890278380439,24.313775028308076,32.030636380427964,23.54537985026306,70.67289109152519,0.0,87.74365413413017,17.451576246105425,92.00970017665637,
2022-10-16,Ice Cream,history,1167571.0,1173115.9295315426,4.573427951561402,4.550914785484302,21.451429023628915,52.65927410124522,23.65346513485744,70.35048479701393,208.2500763789461,41.74033744465195,15.820092648277855,89.97154323699009,
2022-10-23,Ice Cream,history,660504.0,680373.5465809609,4.8222087293642595,4.86420794587778,22.157425165344844,33.59577610599408,18.070734026163507,69.81198997175248,0.0,55.95600586243144,10.910230910654652,91.37133166179116,
2022-10-30,Ice Cream,history,539741.0,553993.2616996063,4.733810116917604,4.512854750500675,20.627424331697256,41.932751250396755,12.060670300117732,68.70883797864603,0.0,65.96724455567444,10.65724256328603,91.2722133924328,
2022-11-06,Ice Cream,history,980525.0,1037254.167841126,4.339380193989207,4.5234558413919626,33.54785104306844,47.57291206107708,26.196673392453786,70.23111464953038,0.0,49.030360996507945,10.329544704152656,91.18535927597412,
2022-11-13,Ice Cream,history,751211.0,785815.9075193059,4.759632316476712,4.767195146972519,23.9385344505262,37.12269622886803,34.992357733826594,71.44425886817903,47.82418982868183,34.47161466321635,9.105107810974728,90.16610219773644,
2022-11-20,Ice Cream,history,655268.0,626577.6825637174,4.6877048105653785,4.546785813897051,24.088460700370593,43.82768213357959,18.36078060411416,69.5183695851973,88.39459817017327,42.01189858836309,8.25641641124401,89.29038780505613,
2022-11-27,Ice Cream,history,971637.0,962197.3984327695,4.451614807601028,4.4127839647982405,21.987092181918996,66.49664249942583,26.83239169611389,70.47261765207388,41.15325590758994,64.5411217739537,9.319231467984206,89.20886367399322,
2022-12-04,Ice Cream,history,639811.0,655142.1912403405,4.568561852083,4.728166546514893,30.1988036230044,42.76998890626471,26.81627316924526,69.1725546889209,0.0,96.0393217592873,5.418266837933507,88.46415234623926,
2022-12-11,Ice Cream,history,1119094.0,1194645.3642433058,3.8515717948535886,4.120126264278313,35.798205116301716,71.41052781387415,33.093653065638954,70.08751712214183,0.0,111.07579147597718,6.853451719888746,88.42638037550667,
2022-12-18,Ice Cream,history,401199.0,410162.8045842322,4.9301828616152115,4.960863046831203,19.149683374036144,35.957605561570695,21.741707264471465,70.45820764302194,124.59853127741124,26.535426042712125,4.763257274824404,89.13570252805036,
2022-12-25,Ice Cream,history,814396.0,821688.4502560116,4.348715172582843,4.721555856203172,24.565659659494813,74.0154024028542,29.205078666088617,69.75029219561138,49.24129665921511,28.42659241193241,5.0000363153127365,90.23986490595092,
2023-01-01,Ice Cream,history,424780.0,426809.3564822784,4.577897285090647,4.5201867700171805,25.665840630674687,46.2203101766237,16.797304822624852,71.9719186211965,60.20968648015055,36.002672765240845,3.0681740697740087,88.13866236918132,
2023-01-08,Ice Cream,history,281820.0,282707.391648017,4.902266317839615,4.7542767491894935,24.016164032445552,33.41288464770414,13.515176976903309,69.69684382386066,0.0,49.153642397792595,3.0,87.01565766501353,
2023-01-15,Ice Cream,history,575915.0,534544.6890200187,4.589744654438565,4.729973421269095,29.44986436216826,47.88936421716063,22.440920105711623,70.70998640024139,96.64268484342752,39.894257628703315,3.638004732174514,89.23345450531697,
2023-01-22,Ice Cream,history,312636.0,306577.3647024681,4.788957233290214,4.986235449980955,21.373124540817237,41.64854567533365,13.970864018024129,70.51148547839176,0.0,29.137818602051105,3.0,87.84003612372364,
2023-01-29,Ice Cream,history,294853.0,317559.9825432908,4.936686240632913,4.977399085514933,18.59363859516153,36.31774960535877,20.557220946810723,70.8233045294115,0.0,34.86322104011432,3.627465304941028,86.56175277563713,
2023-02-05,Ice Cream,history,340050.0,342682.9971325719,4.9766449741279155,5.115252865199663,21.889766007640237,28.459076429296413,15.647717296095038,71.15583819693921,0.0,75.58869872000398,5.113548300981992,87.88599347706017,
2023-02-12,Ice Cream,history,726295.0,738235.5843905899,4.733430526592547,4.732423134510459,29.202188346197712,35.03886891606458,33.46395169689415,71.10211715053055,114.58959541207868,50.47355890914238,6.187647791974121,85.84859469082595,
2023-02-19,Ice Cream,history,639279.0,642629.9041733458,4.5707823445334235,4.932935448158137,26.39836781729892,53.88704086462686,12.585822121669992,71.22379300801582,97.6037246880209,47.84287479340584,6.249101315277736,85.25838528327597,
2023-02-26,Ice Cream,history,720030.0,728506.8864045495,4.657030654950117,4.725951502337889,23.220761279646187,48.914705690598765,36.19037539333438,69.67660049446248,0.0,39.44930888351936,6.2078706095481495,83.75881920192252,
2023-03-05,Ice Cream,history,525802.0,547457.5740967491,4.870494406147196,4.803794276038434,22.252875749000346,35.159000365215945,16.64495950657997,71.83210244380915,70.74235273983102,39.00593466046831,7.485411310535873,85.06945575380487,
2023-03-12,Ice Cream,history,629994.0,645993.2977873177,5.019548961353319,5.165130317264216,17.94142421708462,34.58451731130716,20.89945775111477,72.22923905324824,75.28726614607763,92.92948233968976,10.42284319906956,83.51403454001704,
2023-03-19,Ice Cream,history,612820.0,622937.2916932186,4.81005099682808,5.112754677356213,16.46686117043338,56.39378650691439,26.160308149468616,70.91972394222934,0.0,81.2918619206379,7.080338618516496,83.45844418853018,
2023-03-26,Ice Cream,history,657098.0,666682.4884097062,4.947373414543801,4.797773227870908,21.13005285042156,37.51044701839833,29.30974981553169,72.78778044774846,0.0,50.10935908848021,9.46800785729281,84.08036848340014,
2023-04-02,Ice Cream,history,936386.0,946661.2372085191,4.715296765902303,4.973985352141253,24.227393683694412,48.408560680047586,20.652989904835614,71.78601296014378,231.43537093300233,26.078406410055575,11.181657985361037,83.37742771790062,
2023-04-09,Ice Cream,history,1272900.0,1216876.9349350338,4.403919886978511,4.380647337400083,26.891616756204513,67.02784616856152,23.92047302928793,71.4116192802994,64.58591852546836,47.608125816671105,11.69708054698663,83.44242890630522,
2023-04-16,Ice Cream,history,1201047.0,1149029.3971155665,4.702086177927767,4.919766520157809,23.24136732511429,63.584576398098775,20.69222010354976,71.18850655479815,227.800026617377,53.68377988665119,14.19621943071346,82.75881673209972,
2023-04-23,Ice Cream,history,742996.0,752761.9283692011,4.993189445335256,4.968281311854257,19.304282020735528,40.73190757182842,17.70525026650071,72.98434071494684,0.0,48.91400486997338,13.729501124331874,81.9332986275708,
2023-04-30,Ice Cream,history,912916.0,956021.2117612137,4.9825891126617785,4.913033349681462,27.657732575581203,35.61559939457725,23.049416386390476,72.56868193833377,54.64167397256387,31.884980799639777,15.43603621393239,80.95241467620797,
2023-05-07,Ice Cream,history,750397.0,768090.420698207,5.069943581790323,4.88207117672256,19.293832910099393,38.96682946046477,16.57014910973737,72.0887381203067,0.0,59.44114177649254,18.29502795119269,82.57072462755885,
2023-05-14,Ice Cream,history,743124.0,751884.6703837413,4.949369171998762,5.092931959556877,17.991286750050772,44.15785125935089,13.356997499899617,73.21644578964252,0.0,23.675048829229883,18.587343202562987,80.82359934524038,
2023-05-21,Ice Cream,history,734476.0,751994.6090640939,5.070749442147974,5.091485911475251,22.605767321941578,35.340509203844746,14.66414458545088,71.91497983195295,0.0,37.846914814399945,20.26110205543384,80.44392893238036,
2023-05-28,Ice Cream,history,651918.0,679544.6562566684,5.013896345553352,4.867308766681841,18.043894998141127,47.10323778772729,11.906962602859815,72.23714235529164,0.0,45.94220823170253,20.189420769205597,80.97281552479922,
2023-06-04,Ice Cream,history,1063721.0,979685.5861732807,5.022691341200004,4.957263226435783,21.975798311789504,35.61525448885867,17.181316083561722,72.54090392456598,42.69131044704668,51.764762625281655,22.661002169371404,80.81143526786012,
2023-06-11,Ice Cream,history,1621236.0,1585105.2002243826,4.7321724359938395,4.720201481230578,21.343000243339453,64.40683446578466,28.853179045575715,72.54737323692575,110.14900564949984,57.37240820061315,20.43886378553205,80.51653648085825,
2023-06-18,Ice Cream,history,1287140.0,1274092.6201942884,4.847785784095114,5.00162451827739,20.073976570028357,52.57600534736768,20.50729287669016,73.25887186326015,0.0,30.37555209735489,21.828820213094176,80.12671549282351,
2023-06-25,Ice Cream,history,1274891.0,1334023.0967526447,4.919251792378459,5.095269476758435,23.816157903803443,36.9159619219264,25.04337115847696,72.88073219626446,0.0,58.12756927891379,24.433334169619947,81.33228891950354,
2023-07-02,Ice Cream,history,1654865.0,1684161.2803802614,4.8293225451758355,4.986105817381317,27.297508693089753,47.870901507206526,28.801656912524308,71.64540051811791,0.0,56.20602071572874,23.988049426280035,80.11037944753257,
2023-07-09,Ice Cream,history,1384092.0,1405048.2994949992,4.927457296109184,4.893226109078843,25.826745753408268,36.998701773229534,28.722739623731915,73.02821683850102,0.0,38.35368152060428,23.32013406968531,81.59234220215897,
2023-07-16,Ice Cream,history,1289723.0,1211853.7115003793,4.940686819290135,4.867335354143837,27.034271647181065,35.93914476610983,28.06015132572667,73.87287497856015,0.0,42.94037219600467,24.183890887028248,81.16496403969586,
2023-07-23,Ice Cream,history,1774494.0,1679624.457748516,5.082566728809219,5.223419618825577,26.179929583137664,31.034407400950407,47.05371272902101,72.48913447054305,135.81253758465468,52.13168425163671,23.488337410510248,80.56987251243564,
2023-07-30,Ice Cream,history,1595451.0,1507380.1432233595,4.89797372496822,5.097758578754997,24.226189089852166,48.0826958959268,24.74606347486608,74.62071205710329,83.49026908487724,27.908400878980192,21.232067127841,80.02480655989163,
2023-08-06,Ice Cream,history,1191260.0,1157493.7668501404,5.1152661990088815,4.917124332920009,20.37008117604136,33.9588931891375,30.89383204897117,73.65166418606637,0.0,40.34910728044885,21.938955975221692,81.19231479198794,
2023-08-13,Ice Cream,history,1188790.0,1110148.42073992,4.936212154332631,5.060133491124346,27.535278051771787,38.941072162394235,17.87807416960032,72.81578648972705,0.0,36.01060772576269,21.697624631206853,81.46808597231951,
2023-08-20,Ice Cream,history,1172116.0,1058876.3132102625,5.044469118763473,4.928505190909276,25.6383953974932,36.24343569610815,16.905536237637698,72.43405599234144,73.483922452029,47.71279048185323,23.200054649484837,80.44173608427003,
2023-08-27,Ice Cream,history,1246999.0,1163122.5689977591,4.978318465027968,5.078379606888207,23.51656608578748,43.26907377792607,22.236483060099825,73.84926663630249,0.0,46.591342747927555,22.40096314188521,82.03697865495275,
2023-09-03,Ice Cream,history,988695.0,954702.9194004347,5.089656491509396,4.969725312455893,20.7226283420627,44.56038654453529,16.703881058391982,74.13067526932716,50.22069030224019,31.79774217218192,21.766996630453026,81.41811326706994,
2023-09-10,Ice Cream,history,1199284.0,1158549.4147460933,5.2642397213594485,5.322255242699567,21.27022640956392,27.22678642766358,55.73272831959138,74.42782040239531,0.0,57.987960720327976,20.681782453968417,83.35033218604883,
2023-09-17,Ice Cream,history,851376.0,844431.0397221707,4.893331692785233,5.050941955152803,19.721801825089305,60.407443810467434,15.784344568317383,73.2389520786964,0.0,45.83275335855346,17.861984809120294,81.37145143422492,
2023-09-24,Ice Cream,history,601132.0,618972.6181496385,5.131055881958917,4.8717901556830085,21.520086377518563,29.39813366978432,18.26337369404184,72.97902792876192,0.0,60.32074303392805,16.9288689829114,82.65448831807383,
2023-10-01,Ice Cream,history,911332.0,916412.821259016,5.14892618286863,5.035390196808951,22.14139290912997,35.88733708386751,27.96798690346668,74.39783233872355,74.62062997043637,32.59419702024527,16.35401814795208,83.40240936850219,
2023-10-08,Ice Cream,history,783548.0,777781.9237777144,5.193354423239788,5.329989680502306,16.78819550963849,39.273816022380345,21.6112829038802,74.21928331416362,107.00634716672472,43.076420365311854,15.214946890585782,83.55671784431773,
2023-10-15,Ice Cream,history,1185564.0,1216351.3540957805,4.627038979132966,4.841338957716146,24.65868061811107,67.51696161575194,19.38065547199112,75.9319215766179,0.0,38.21393732850748,16.153524290801897,82.3970637286763,
2023-10-22,Ice Cream,history,749065.0,754540.4339630004,5.060537594985864,5.228990762009236,21.607250704682695,38.17518481468233,20.91166521476505,73.83979855886201,0.0,23.874495185539107,14.85167086321712,83.83074829927585,
2023-10-29,Ice Cream,history,858433.0,857507.3142460195,4.9053294171315125,4.974077435536601,24.926660814000083,44.14078835055014,18.9659458280409,77.44218571573488,61.15306718725035,32.265297961944746,12.31067858984546,84.47593370864314,
2023-11-05,Ice Cream,history,829603.0,827399.1328233611,4.898803247181527,4.978760706476905,32.909953952526415,37.55245678655366,24.65197308850567,74.57793220091891,0.0,44.52232941495162,10.352567542823484,85.9091980743163,
2023-11-12,Ice Cream,history,644573.0,694542.6073222413,4.89321336855935,4.795142390586592,25.508730719358045,55.100524127806096,25.35617071879073,75.21838967834614,0.0,30.11494028811722,8.531475050774244,84.99625849093209,
2023-11-19,Ice Cream,history,799586.0,798849.7299927345,4.75591829878453,4.577700529919275,24.86435505648465,59.01507091183285,20.231528361421365,73.64282533193051,95.14817687400956,0.0,10.291873917742569,85.26356073272406,
2023-11-26,Ice Cream,history,647761.0,645997.6852298098,4.96816248180128,5.335535657196146,22.388492537975957,46.0615437169399,21.79221924389944,74.08177872751942,0.0,43.673087542065424,7.862900996466086,86.54559455185677,
2023-12-03,Ice Cream,history,1061555.0,1069020.479667346,4.5791426154484824,4.849987431835959,31.852534324524296,55.71425381630616,29.155147233820724,76.4138987738099,74.69006451176747,30.09007835598447,7.835519470779903,85.89360982614991,
2023-12-10,Ice Cream,history,410134.0,421729.49226307863,4.953520674336131,4.969249773378563,22.703315359957507,50.60518390798193,12.939347946228716,78.10060455008332,0.0,52.02778754435554,4.829770497467159,87.2195082844071,
2023-12-17,Ice Cream,history,563933.0,559318.5635067835,4.937990174833747,5.144440877543309,25.394285701090983,46.26874226892224,21.828243761509984,75.19627249569724,72.7520138199471,0.0,5.653950762722352,86.44887049099735,
2023-12-24,Ice Cream,history,696308.0,723507.1813992972,4.885941640762608,5.007997433966232,22.83234679113537,56.46840121758727,24.112639589841944,78.19073933210908,132.56132293960664,53.16937632819097,5.676836057330993,88.46585908039776,
2023-12-31,Ice Cream,history,523942.0,546658.7479558763,4.833509036924114,4.9492857709889035,21.890084076843184,61.93368402439864,17.362517748813993,75.96213449786163,96.17459204268108,47.68086425231702,4.219753868820218,87.9319187380164,
2024-01-07,Ice Cream,history,422581.0,436222.26203760365,4.976640823356335,4.949130625669471,23.965577758100892,45.99624953858679,19.849852205222493,76.98404222265134,0.0,28.782637882968825,3.307700414456305,87.33127593447433,
2024-01-14,Ice Cream,history,292389.0,292418.75135837885,5.292057546607892,4.904912264695067,16.620830338786956,29.7425115434931,19.82081207130127,77.75375156867804,67.05065199261365,32.4823321367751,3.332120091293826,89.78275644677238,
2024-01-21,Ice Cream,history,483098.0,484694.8018981959,5.160678198124857,5.057336902869452,21.875141955237552,36.55443460546118,21.925880993112564,76.73696795819919,122.75577100059454,56.29088920752541,4.758976454585221,90.14685653589522,
2024-01-28,Ice Cream,history,532794.0,529047.5392875521,5.203447533595396,5.0592309913750855,25.381273797990566,33.52579068207345,20.056817228148155,77.68567181963263,0.0,26.56112135538721,6.083046613071854,89.83380523869856,
2024-02-04,Ice Cream,history,482640.0,466022.60015219834,5.228620251797636,5.140090045806477,21.42162381400286,30.7230978511411,20.157455978732383,78.5603666276707,82.08891547307142,33.67480539801245,5.009577459216099,92.41964193304612,
2024-02-11,Ice Cream,history,384159.0,378340.5651972143,5.153085264266353,4.910109162342311,20.535141653665782,38.35841095674951,13.80284622617927,77.48108405360261,0.0,30.684909669890835,4.581781570347554,90.25786690132654,
2024-02-18,Ice Cream,history,573565.0,560498.8637507039,5.287191576542677,5.083753022966284,25.19169656957813,31.26962311141108,19.67242824732851,76.91406073049484,76.41983840449068,56.53032602720314,6.86057495143317,92.28628793510852,
2024-02-25,Ice Cream,history,691903.0,698305.2519040181,4.8879421174832025,4.991462957212334,26.051071831052035,49.505103173179144,21.48589107216218,78.45776020642657,101.35344068635747,21.23573805721671,5.095358371202252,93.60114224391504,
2024-03-03,Ice Cream,history,744856.0,758338.4084456554,4.952776777986957,5.170979132857715,22.27769012868674,50.035828504829496,16.26733603248952,78.5059393628693,170.99165602737864,40.8582895961827,7.519082032014636,92.63034720971726,
2024-03-10,Ice Cream,history,758228.0,768912.9533960359,5.209880179826837,5.1846184106979765,21.06519512130078,34.69860565916744,34.61906227446186,78.02776736773025,0.0,40.60171900912582,8.160192840209376,92.51290250608804,
2024-03-17,Ice Cream,history,1024115.0,1002390.912845108,4.9462565367640385,5.073810663165679,26.708921706085953,49.297783180907665,26.20939450799212,77.19699188785603,48.73686942888478,40.42928285709066,9.82063498238303,93.59378995577292,
2024-03-24,Ice Cream,history,722210.0,747331.9944866261,5.149883147683008,5.073053279604589,21.771871422077357,43.10593287162682,18.10713545418124,78.41337506727442,106.53235586893231,89.71041897512897,9.377090484507072,93.55866064161698,
2024-03-31,Ice Cream,history,982260.0,1011714.9519523375,5.051835991923307,5.194731983511132,23.74465558542377,44.55668614916645,22.56235788908852,77.22868706395485,0.0,73.78429412993229,13.419656677831362,94.50439653851932,
2024-04-07,Ice Cream,history,781989.0,782929.5244144517,5.192506400068772,5.111731222626151,19.034934820028443,44.0877434534144,13.296855224810615,78.66463529982394,205.58117646887715,23.121430445950768,12.72156315269494,96.73613567181104,
2024-04-14,Ice Cream,history,1046353.0,1043932.7125604374,4.897317911710471,5.363535709318723,25.326664833817212,51.79060415228845,14.07129363595413,78.10438224997202,0.0,46.9749242396135,13.77645361359137,94.04926986155716,
2024-04-21,Ice Cream,history,1141620.0,1186340.9526786208,5.103583117633442,5.142229728553165,25.48444331121703,36.239111711695,29.11292618740111,79.70608977492323,0.0,26.685025513027593,17.111647048668868,95.29214618858684,
2024-04-28,Ice Cream,history,743307.0,750757.9480306554,5.399666885124558,5.215593972558551,20.176163719452383,28.25577704578504,22.282472812267223,77.71897404085836,0.0,54.274942585401526,16.516168944312845,95.76010923972896,
2024-05-05,Ice Cream,history,1076256.0,1113003.505726165,4.829264802088977,4.918295735025088,22.335599200960058,65.62421909025869,14.712851748688154,79.8353072607054,0.0,67.51889522947695,18.310955581178668,96.89738075854284,
2024-05-12,Ice Cream,history,1254568.0,1145969.7087442796,5.209597528166785,5.277288105489783,26.191737606553197,33.78921334603889,19.008951212253383,80.080916261369,64.33563268740427,46.17965001955715,19.42603292834756,96.8529545254208,
2024-05-19,Ice Cream,history,1036015.0,1028850.27818263,5.227084407062629,5.149226478188681,21.439263414751593,43.96689408462786,14.44266179574162,78.94769131320021,123.91927083679995,42.67275049744523,17.88353372268214,96.14681754846082,
2024-05-26,Ice Cream,history,1284553.0,1287185.373559488,5.13680862299823,5.076911147750519,23.86947755525793,41.91142154385312,17.90029780953326,81.08376179380775,105.69498309511346,39.39742183944586,18.327597520483177,97.13993264887728,
2024-06-02,Ice Cream,history,1292974.0,1316153.7119235129,5.114949237343088,5.209624023765445,22.469936597209376,43.5304740699444,16.39516509617129,79.72523181191167,41.077393772122626,26.993702619324143,21.338936173713225,96.32842582137256,
2024-06-09,Ice Cream,history,1654284.0,1670087.8969183932,5.043448274289101,5.2910001179655,21.318007482406912,48.0102590301152,21.073821549552633,78.32282241158879,191.00901360694104,41.130935861928535,23.01142860569013,99.3707320126854,
2024-06-16,Ice Cream,history,1854862.0,1951807.4781105828,4.8306504882406,4.951949219397443,29.0317809577078,51.04886496220912,17.68460026021961,79.44834006768977,86.16304595586259,47.76368418651382,22.860692947824973,98.01224786271692,
2024-06-23,Ice Cream,history,2526995.0,2651187.5058971653,4.79350071410057,5.163355379102664,36.62066174665683,44.50505423803268,24.38289661367986,79.87770394915778,131.30577494106333,38.67298350368709,25.85112185301724,98.81316920422312,
2024-06-30,Ice Cream,history,2576661.0,2555715.0161446333,4.819542212474409,5.06232533129767,29.89881711161387,50.36395624702723,22.540598103050144,81.01311130672512,0.0,29.25687041199603,24.671260281718553,99.28242861244377,
2024-07-07,Ice Cream,history,2209167.0,2134662.6386453738,4.8667763328342115,5.050826368758581,36.07374613836534,44.496647941503056,17.303249098045306,78.40670439073048,0.0,58.10774768124657,23.97431091533168,98.93386851932208,
2024-07-14,Ice Cream,history,1777938.0,1775494.5958596775,4.974230998225015,4.799568410609845,33.964276177901475,41.85455936294125,20.640670147431017,81.53978175938012,0.0,44.30744564905669,23.38158020139877,100.46411349766426,
2024-07-21,Ice Cream,history,1787417.0,1725297.7105001938,5.194200250516861,5.430587618219083,20.278264904462205,42.13380486854015,26.76900235424669,80.45505283748302,83.87641304060658,59.62281682286688,25.59630492011361,99.29851043538385,
2024-07-28,Ice Cream,history,2157662.0,2058196.7351717954,5.080878293424235,5.315117330149933,23.032993095499823,47.96591980613263,28.50915553206849,82.22851051784738,154.44023360823434,31.529542058451376,23.839277545530695,99.94817271372568,
2024-08-04,Ice Cream,history,2254376.0,2055619.0739573953,5.024100698486504,5.092020588951252,39.9502114919421,34.90380596751406,22.54616216274929,82.89154936487512,0.0,47.26780304530591,23.967654370416433,99.6082360351417,
2024-08-11,Ice Cream,history,1649113.0,1622764.8155143245,5.132164247587598,4.948861152881221,26.333260161025024,36.335866130249265,28.555178270248597,81.94540492205034,0.0,62.4535912711505,23.57152762098473,98.94561890632022,
2024-08-18,Ice Cream,history,1512673.0,1352974.3957659649,5.25574486143919,5.180076902342592,21.190188879466415,36.31138405755628,26.179522842520107,80.03450579073044,0.0,113.9182825299266,25.675350020457063,101.6831271954301,
2024-08-25,Ice Cream,history,1304451.0,1200858.7347058896,5.123910007777655,5.227763358591344,27.343615427959424,38.20395509921368,21.49353289514065,80.51290362950613,0.0,43.84382563371872,19.90969349893652,98.6902219868456,
2024-09-01,Ice Cream,history,930118.0,885500.9173187139,5.401416462396184,5.5851668456530295,18.069303063267565,35.54736383130675,17.428770680100207,81.99470337109962,0.0,66.8023887349013,22.553310496146977,99.8734834931518,
2024-09-08,Ice Cream,history,1129488.0,1055433.3927872255,5.220359441823993,5.252562380975319,19.86648209789008,33.958768881511986,16.272671472208934,81.08450207828832,108.30039278745195,25.969218046460373,20.3672106970004,100.84215198213798,
2024-09-15,Ice Cream,history,1181015.0,1183115.2824770266,5.2393520106045655,5.194037582251661,25.168289962260648,41.13331579575875,16.143552372027134,80.17912770980097,142.97272498300367,50.701862807659175,19.09168798779311,100.2439585843997,
2024-09-22,Ice Cream,history,1427492.0,1456069.7462415295,4.85420914431513,5.038208548631561,24.04053266124032,60.8978295718261,19.959955445012284,82.02777720523153,0.0,45.07571069385418,17.262567065597633,98.82862656078296,
2024-09-29,Ice Cream,history,1153375.0,1163125.6898562454,5.108120431734001,5.092895564417828,24.49859705123474,45.44164669872709,24.17947676190451,81.43024148298647,0.0,47.29200977426565,15.314073935004576,103.37732331010878,
2024-10-06,Ice Cream,history,712723.0,709840.3575538647,5.433746823343954,5.457715844656845,17.91002749952482,30.1098817927797,12.199064623778265,82.2197856210102,115.81366893696644,0.0,15.739631958550593,100.44612384256686,
2024-10-13,Ice Cream,history,963371.0,1008669.64771991,5.21409562975837,5.308568576201504,23.39415308678484,43.65801640902469,15.188097513213709,82.85981198032155,52.59577664253832,29.492056214626956,15.707787397215624,101.03073685019224,
2024-10-20,Ice Cream,history,775186.0,748274.177571426,5.298593403323624,5.5080872089050885,17.069756239291436,42.3283369858839,11.3433324746148,83.2420414694793,76.62936608941314,34.14246717664848,14.014065804550109,100.6497999746882,
2024-10-27,Ice Cream,history,1009807.0,963310.2465916722,5.2204971090977885,5.019314959040125,22.23902139039224,48.77727385187173,20.98472612277501,82.53882295268112,59.697330435395024,24.04651800708566,12.439840113976306,102.76080956905156,
2024-11-03,Ice Cream,history,1075983.0,1057422.1190792813,4.959385467601113,4.956800677659801,26.270323167573295,52.12167279198464,19.972721715669916,83.8542014339002,0.0,48.587634846086615,11.739968287874497,100.09672501379708,
2024-11-10,Ice Cream,history,709216.0,697705.8543511628,5.267272794916461,5.123584832810098,24.579213013630728,34.24161049093486,23.64949091190808,83.05811403372832,0.0,67.04748894660216,8.769663364815298,100.23447370854856,
2024-11-17,Ice Cream,history,673659.0,673440.6080141927,5.053655121769834,5.029556776138795,20.032407785065896,56.945235667072566,20.278547818099028,82.13089937193068,0.0,0.0,8.619773247868473,100.48320131340375,
2024-11-24,Ice Cream,history,787536.0,817453.9819872824,4.955290238760327,5.016604381731825,26.74403467000276,48.82822849796199,31.008510648875088,83.62573562917574,0.0,79.67121542988916,6.833927774931429,102.17661673439387,
2024-12-01,Ice Cream,history,825808.0,791838.4100249443,4.986203981527696,5.163500404742848,28.053725346678664,49.56600503702528,17.719587624963097,83.41547497341101,66.02211311952529,33.39253243480695,6.600280998823011,102.82565603030648,
2024-12-08,Ice Cream,history,724495.0,733068.1923657056,4.610170969622073,4.94740925555269,35.63129169678716,55.49260409399551,13.419971405853165,84.13599346493301,0.0,44.54841449743213,5.100696737018158,101.70077413900631,
2024-12-15,Ice Cream,history,576306.0,573256.4033231334,5.253123664936984,5.182178277090062,20.185518710820304,43.54485042221234,23.05449452705831,83.3028865506639,0.0,39.358439712465554,7.241398109312552,101.1660044196916,
2024-12-22,Ice Cream,history,672809.0,643482.4644874657,5.278286122120047,5.26802754564826,21.632515552795404,35.74069152234454,25.150057105181144,82.7172832040098,88.35234618590448,35.2586144050367,6.24730412785824,101.39277536997956,
2024-12-29,Ice Cream,history,646151.0,654897.6425876868,5.096652015818004,5.3008200536886685,24.004573022908453,51.46736365640003,30.7096983691873,83.46839671606516,0.0,44.912968981760976,4.024942055887585,102.130926479679,
2025-01-05,Ice Cream,history,472599.0,500332.86538881256,5.387317308746035,5.247969747042721,21.24860156367174,32.45105386658639,18.245582250743148,83.02424585347528,329.9936409267926,23.76842137839876,4.402358702893787,102.33179400676428,
2025-01-12,Ice Cream,history,563402.0,571331.1405835606,5.298906592756797,5.123023426224668,20.718411458915146,42.34916634857916,25.57165180565182,83.56119672767294,59.78100831386675,44.06721400386661,4.386208385387767,102.88523903355544,
2025-01-19,Ice Cream,history,460279.0,473004.8053187839,5.422624675991666,5.407369626232052,21.392683815560716,30.03670367307918,19.29905591111028,84.84856224028113,141.39030022041004,24.498458979643186,4.159630008220258,102.74217992622992,
2025-01-26,Ice Cream,history,430417.0,435980.64909201814,5.3369434251442085,5.2647074683537545,22.979823290832684,40.5028261451617,15.810203672046422,85.7210955394493,54.583526063405344,45.96685370717883,3.2117928883357436,100.71507101083364,
2025-02-02,Ice Cream,history,473878.0,504770.217900569,5.4445802283881966,5.458315506299027,21.28403906143522,32.54328567473193,29.181278282868657,84.88280372681504,0.0,42.272573833001616,3.860357217320669,101.37141410970028,
2025-02-09,Ice Cream,history,415188.0,433907.3080233028,5.566033338514819,5.357311583328352,17.394202827591986,32.26550060634237,24.674509181486243,83.47114790173265,0.0,41.51841796416792,4.744759362036409,102.33145882666392,
2025-02-16,Ice Cream,history,578647.0,600389.3786849785,5.259861077322362,5.229153988003703,25.58094124473594,35.90485218543429,22.275129335102744,83.70006106597766,0.0,31.37736186455434,5.8940240715905245,102.5579714781827,
2025-02-23,Ice Cream,history,789575.0,781847.6967338682,5.131582525189458,5.182888349757632,20.64384841394884,48.4456040062477,19.94330587493479,84.41584446975473,121.9803832497557,51.707158621509855,7.077893166796361,101.8536913181876,
2025-03-02,Ice Cream,history,544644.0,545936.7178183392,5.426025413958082,5.605319612176883,18.01752607435525,39.91952296553154,16.779775913789667,84.43171705886412,0.0,38.008554391473474,6.226254822694095,104.24911499754762,
2025-03-09,Ice Cream,history,721411.0,736910.9815371761,5.301054101797909,5.516055972229332,22.22579604368188,39.54291122687116,22.893856044318124,82.94976269535317,0.0,30.76990236940872,8.512295791643762,102.07534002417364,
2025-03-16,Ice Cream,history,1078687.0,1013912.1725375102,5.248899723677882,5.155284621660596,32.22123184988041,30.389830110538277,34.830057854777486,81.98540572213376,36.416887657699505,55.01876207915805,9.813120002521629,103.06209172046772,
2025-03-23,Ice Cream,history,863638.0,913125.691559201,5.123394729458135,5.000781243108034,25.710014816188615,48.04707133725206,21.93994891659778,83.78868718181623,0.0,42.20241095148269,10.098568534443997,105.21542463590204,
2025-03-30,Ice Cream,history,1164491.0,1207344.1581333145,5.250717939330664,5.138571875553106,27.700251775217193,38.88667298778044,34.151728739089215,83.32136856019741,93.91184883405042,74.28098986464126,11.659800194267836,102.05706958823797,
2025-04-06,Ice Cream,history,1090599.0,1142823.8725523758,5.158030343605698,5.386219250360549,19.84497882183516,54.65675822524624,26.014616203686053,83.55704118893884,0.0,43.402140083997615,13.52064625678952,103.24238888318656,
2025-04-13,Ice Cream,history,1278997.0,1377796.5395938545,4.91223296607993,5.371956105952391,27.119603929267537,56.718431174894064,21.02653558103656,82.98615658242315,49.864121220375786,71.01998244022752,13.486446580743449,103.49506810016656,
2025-04-20,Ice Cream,history,954880.0,958585.5656843863,5.467671427013367,5.589733644352323,20.831364525876843,38.232794910891904,21.853460345577197,84.181738231979,0.0,33.18704741891913,16.125826771211276,103.48428033585492,
2025-04-27,Ice Cream,history,1048490.0,1077452.8452264501,5.421914518892173,5.55065191253413,12.7400831167157,45.42855310101607,25.69620280183094,84.62965170391355,229.4888252960825,41.322007325446705,17.207656223822934,102.01037345740907,
2025-05-04,Ice Cream,history,897469.0,933565.3777214516,5.480174405913896,5.095386641539832,21.382072480115625,27.226375105480503,16.054744730803513,85.21831484835313,38.31421628402083,43.25740295430045,18.12840350772123,101.98349570933853,
2025-05-11,Ice Cream,history,1307882.0,1311891.239415625,5.218338943700337,5.429232454973997,23.950922528470645,42.393393193141954,19.122071239659007,85.19910247900121,70.42725824558092,33.296173009061484,17.096420256744324,103.05010527612684,
2025-05-18,Ice Cream,history,1664154.0,1695056.1540141248,5.221172608488771,5.278068716545203,29.233300514584233,37.32453313681777,25.34266669376907,84.96655944625311,154.84124157324712,47.577393816051114,19.33628030477069,103.92143009857996,
2025-05-25,Ice Cream,history,1480715.0,1492897.987186059,5.190333781162992,5.3665280027257225,21.391453704625604,45.83103616402264,23.070287477019765,84.65785777339077,0.0,35.685530285343674,19.23257939489835,104.14978360857856,
2025-06-01,Ice Cream,history,1292803.0,1281873.6625438698,5.344527000299409,5.375829121505952,26.47705918411415,26.507407203606476,21.544082938901905,83.49498475005018,0.0,30.563625652994563,21.08513994254824,103.54724366444997,
2025-06-08,Ice Cream,history,2020944.0,2063612.2771078541,5.078960535707079,5.100954056132334,34.09307641273557,39.12231691513458,29.816234089244222,86.59145044616528,0.0,52.96346698007862,23.37175170344084,102.07130893328834,
2025-06-15,Ice Cream,history,2316414.0,2122748.4964420786,4.994699637026277,5.224649431243968,32.1139590056424,49.0213709807113,17.98371564980568,84.38775746711502,176.73747674899994,36.56840448058284,22.293762242623465,104.69704709080824,
2025-06-22,Ice Cream,history,2129736.0,2150322.1697372664,5.036427399427385,4.933771533965811,22.082771746201427,62.48707844645507,23.677545467700657,84.29437047586633,132.24696733746137,59.156290870996514,23.28041017702861,103.1634093168841,
2025-06-29,Ice Cream,history,3074274.0,3326446.5749049387,5.051233609882265,5.112692734806631,32.86988028297484,44.59455672269022,44.98475483768624,84.6496663244139,0.0,60.51074722310771,25.127191743781804,103.98262786102347,
2025-07-06,Ice Cream,history,3306673.0,3388965.1838386497,4.6968005049069514,5.036160302814225,36.90378543344985,52.0708522337925,19.276000483863346,86.29870628758621,274.05370836983053,47.59986789004109,23.70607205090636,103.40645855545264,
2025-07-13,Ice Cream,history,1800072.0,1822885.1574140773,5.424088436025084,5.031925920339185,19.357029455345337,41.95132466892421,31.245605511268913,85.08498613656955,0.0,38.21789911960055,25.54659676196952,103.16517715547404,
2025-07-20,Ice Cream,history,1776202.0,1930964.078952887,5.144704771973793,5.006593793919121,28.975632923784985,39.89357224479863,21.816208742917116,84.19614729546821,0.0,28.99733224467247,26.31867061720426,102.54289703495466,
2025-07-27,Ice Cream,history,1186026.0,1286980.152248558,5.384395459657012,5.354842993646794,27.949325206118484,29.689765101102783,13.149495241034678,84.7771259663063,37.003047555793735,39.5743293869779,23.09433854621936,102.57820476663044,
2025-08-03,Ice Cream,history,1404733.0,1512797.0911838028,5.238685388024907,5.360471042882976,25.163925919410133,42.05834945477386,12.239771780312292,84.67090362498689,156.87820084543108,67.97319651138007,23.49161006290846,102.99146516631228,
2025-08-10,Ice Cream,history,1628762.0,1674911.6769275067,5.421156420662608,5.273482322745552,20.48088414145105,34.76008575106666,29.21694136377103,86.74027936488031,154.79760877009602,52.657591273316235,22.717333836999295,102.59880248730744,
2025-08-17,Ice Cream,history,1461311.0,1560580.4036059484,5.230688320087106,5.275265520722748,20.003005061790606,47.2378697939811,25.113288924660175,85.06341398109363,0.0,34.47690509187138,20.187498978846623,105.04483091280854,
2025-08-24,Ice Cream,history,1138027.0,1200362.6607699485,5.572529681511218,5.3586320964705205,19.763753508260972,28.92682441380712,27.6111407418588,84.8317084745354,0.0,29.279069655792576,22.54065706714638,103.08885887488724,
2025-08-31,Ice Cream,history,975722.0,992849.5858751498,5.471249630305762,5.199547759049529,19.184542549643567,34.00365528600316,15.23946284654953,85.26820915890454,141.4642394484595,32.975758659218286,18.447261319647804,103.0112905040354,
2025-09-07,Ice Cream,history,1045641.0,1029868.5616421301,5.494633826140719,5.45242342554513,23.94222018499698,30.639373927962165,15.926704406947298,84.11129320760264,0.0,35.5039860889427,19.579603302836823,103.89953609800703,
2025-09-14,Ice Cream,history,1304525.0,1232469.2923259663,5.2673707958608285,5.485338553067253,18.162482967738093,52.7213699878064,19.432789815062744,85.99999814586096,50.30810055243061,34.69466466487421,18.40352448158232,102.59878390862444,
2025-09-21,Ice Cream,history,1434361.0,1384648.561328071,5.16235391851626,5.438858220132872,20.505377895399825,55.1440240049038,24.123413074334,84.79304575533803,0.0,76.77565055454424,18.65229146218407,104.2825862668427,
2025-09-28,Ice Cream,history,927709.0,945148.0413151932,5.405593895275546,5.312282395863825,20.948522526730823,37.95845623625023,17.68552537744167,87.60270638200014,0.0,33.99816255718439,17.097827052699255,103.71031449013316,
2025-10-05,Ice Cream,history,823793.0,865476.7956867875,5.431447326812084,5.3530744386311335,22.64527336352022,36.24755175151832,16.688206232843974,85.49204248068507,0.0,45.327255208642846,17.520275275559566,104.25608725657834,
2025-10-12,Ice Cream,history,785107.0,787925.9528804314,5.372773596899605,5.297914135863018,21.796278281457464,37.960153678248595,18.691196875075907,87.41710424793926,0.0,21.099056317537627,14.332320323351428,103.7789063662688,
2025-10-19,Ice Cream,history,778600.0,744113.3906133616,5.365573189602273,5.165767480335989,22.58956322693843,39.76641366186233,24.110398510147892,85.12353257175178,0.0,38.421733483511154,12.384738830462885,105.16789313744664,
2025-10-26,Ice Cream,history,764425.0,699104.5251397304,5.435255878398567,5.366553370747897,23.42495579025745,31.713064126648952,35.83888053736032,84.25790532091922,0.0,46.05824210720567,10.570947760693366,103.777350896184,
2025-11-02,Ice Cream,history,853076.0,834225.1365865527,5.371847213175649,5.389921653507716,22.720098930349895,34.70379646666664,23.68486088563006,85.71991144372006,147.25085087391878,29.07274149329896,9.215736612912124,105.1492996019934,
2025-11-09,Ice Cream,history,669756.0,643172.6153133038,5.411042144931775,5.407323724921139,20.510921373719928,40.91782814613802,17.81573522329841,86.32149903888156,0.0,22.806430996437292,7.801417212164743,105.76402730904576,
2025-11-16,Ice Cream,history,1041115.0,990760.3806471297,5.125687536066798,5.045990094535112,28.63635219133901,46.78766145276748,26.476855683612246,87.01665636485396,0.0,52.92490031962167,9.221131398271844,105.4408671059182,
2025-11-23,Ice Cream,history,1375083.0,1331584.221078033,4.801343219043081,4.84539473583336,32.24381954147242,57.40770778278848,35.816816684317686,86.86491569128982,0.0,47.36805138746655,8.925136355433931,103.69524636164743,
2025-11-30,Ice Cream,history,1219689.0,1242668.5649238368,4.819211977812071,5.044977208570969,33.26767090151538,54.21150125454594,33.66337200606905,87.2267249147219,100.05439719920756,41.13866047560922,6.063477492641609,105.9499095163308,
2025-12-07,Ice Cream,history,912306.0,895780.2592466634,4.916256936728234,5.12931884642095,29.922571663678323,57.587936005382474,27.49970700225118,86.7416469605267,0.0,50.37579208205093,5.426440431182378,104.1216360810559,
2025-12-14,Ice Cream,history,693149.0,713366.0222865049,5.353575050827027,5.632056167080031,23.565976213838233,40.3449059434791,28.67599103468252,84.86947347755778,0.0,40.86789497263608,7.410968258470049,105.08479803932664,
2025-12-21,Ice Cream,history,633947.0,634995.780283056,5.179849757764465,5.311923584194773,29.68054544109069,44.853767072378126,17.968536497803672,86.86588324468283,83.92753991199442,56.847148541604774,4.1362040425894095,103.95173673668076,
2025-12-28,Ice Cream,history,414276.0,413216.79624193534,5.32872446935723,5.48610551701061,16.446468012243642,62.38206562174064,18.590754169584955,85.57065717500096,0.0,32.39503896755305,3.0,104.93614353375617,
2026-01-04,Ice Cream,history,438213.0,427801.90622879297,5.356450025128966,5.197480250468855,22.002199305839348,50.601175028708155,13.395512213891717,85.53549838185074,0.0,42.89853005970067,4.135582172692854,104.54014442201964,
2026-01-11,Ice Cream,history,456557.0,445635.0219549156,5.419602760428756,5.296362806595388,16.30830738432313,38.46078612430917,15.974041893011051,85.51313531673082,50.326755260534775,29.75827068844343,5.657470660447823,104.3532980875067,
2026-01-18,Ice Cream,history,605878.0,613075.8063989667,5.2640061635252895,5.354270447290964,22.98417394241481,44.76873310221983,16.81771134180152,87.1401652235536,174.03977336601525,70.77791770277705,4.796691793720872,102.81473525295796,
2026-01-25,Ice Cream,history,450208.0,454931.00182829535,5.501838163304565,5.312224204697573,17.407239655414024,43.35139718544341,17.940416839616983,85.36010347897978,0.0,56.61930260421713,4.525171838462346,102.67187621730882,
2026-02-01,Ice Cream,history,492311.0,487124.649937699,5.4565981293737345,5.562667724179509,24.350842725496488,32.523739058291554,20.925340449565816,84.87637614155211,0.0,28.931386600011823,4.218349437716808,105.68251692999462,
2026-02-08,Ice Cream,history,487182.0,475336.07394312584,5.48657457209128,5.702806961433119,24.66145447711404,27.547889877535155,17.305027011900354,87.14152403370944,177.69197764155288,19.054139674873134,3.6597416231024553,106.25204736527742,
2026-02-15,Ice Cream,history,670297.0,686420.7769763,5.452689452786293,5.671950739736976,18.408540228968477,40.04772261781014,24.025684327880455,85.73520505101835,0.0,68.68270030561791,6.6560029151275035,105.14220079397356,
2026-02-22,Ice Cream,history,709416.0,719323.2380247465,5.472057937109747,5.309700999713758,18.53882458492123,39.5543976721042,29.81938477904319,85.54151704338815,0.0,24.3686050363908,7.706110030560757,104.81988395744357,
2026-03-01,Ice Cream,history,601051.0,635119.629229571,5.490317490974909,5.829219595099959,20.04135102072416,32.33345055979638,16.497972328032493,87.84554927837847,0.0,34.98603707820671,8.965928332853338,104.38453451410136,
2026-03-08,Ice Cream,history,744878.0,731773.7521389151,5.294650235700169,5.595763087031119,24.52598988188536,39.03775742001545,13.15453348585085,84.7894977898879,171.8357630612262,38.32427262893026,7.8558933186828765,102.925196547867,
2026-03-15,Ice Cream,history,837398.0,831598.9826260225,5.373611196117924,5.569913900386383,16.01502521563304,49.95192786074873,24.543262420873944,86.38096324208739,0.0,25.719480877417684,9.210662473400884,104.4964066657824,
2026-03-22,Ice Cream,history,865698.0,850033.1479193197,5.220571707916598,5.124186703244098,23.81081577905783,53.975703584128766,19.86276475840581,84.55359416819489,0.0,44.67233036035037,9.068300699053546,103.14991967695468,
2026-03-29,Ice Cream,history,1049621.0,1020887.8705233628,5.226170977876127,5.334072548345522,24.027529607161913,55.92504553114604,15.355061833005667,86.32675261467638,115.39424625924676,46.50007124930512,10.97611963774951,104.23100909146498,
2026-04-05,Ice Cream,history,1299078.0,1314693.0310603597,5.244461136755327,5.568352487967769,24.590877250163317,42.355311806373095,30.09682908959081,86.81547960501813,0.0,33.83952685962298,13.566166510467164,107.04826847111262,
2026-04-12,Ice Cream,history,972422.0,922955.3103168036,5.434279310596111,5.382366467246309,22.032949946630097,38.052774540853605,20.49246729203613,87.29078509213765,58.02717273036438,52.02510630996633,11.49493653539616,106.91527090532917,
2026-04-19,Ice Cream,history,1386400.0,1389064.3937913335,5.154388663638299,5.235603099654345,18.999102610472672,63.093514752380464,24.748926751393427,86.26463551782864,110.95917034529704,53.77890183633435,15.40528640990351,105.84734659595186,
2026-04-26,Ice Cream,history,867014.0,851698.4328234132,5.682898863365303,5.603047626555187,19.757879556322095,30.103786048935476,19.37565029003889,86.69962896319242,0.0,68.83363750083187,15.196565430645048,103.8481941534157,
2026-05-03,Ice Cream,history,882095.0,852882.6268619812,5.615804521564953,5.489138993509347,21.031523865379395,29.169356749236737,14.527539890915309,87.71102824756599,0.0,65.33757396456397,17.877179998194446,105.38131191676167,
2026-05-10,Ice Cream,history,1143936.0,1062614.6298987237,5.581043135214592,5.496488970757487,21.569006355426033,26.05944387992868,24.0642702065938,85.41550579263529,83.61780967958497,42.19544127257035,17.976605457588516,104.46938611824604,
2026-05-17,Ice Cream,history,1289071.0,1198818.3620052545,5.413100274842912,5.387073452663197,20.215118115140143,43.866785174107726,11.396741177794375,85.93448728765445,233.42632870844565,49.527642114070645,21.700684363871215,103.5156690853103,
2026-05-24,Ice Cream,history,1667032.0,1591324.8545394964,5.29210322722208,5.3125614004030535,20.57043461636764,53.52703526745531,21.5034457298915,85.34461717282232,0.0,47.93562671984711,21.930629055984415,104.50102957877633,
2026-05-31,Ice Cream,history,1125492.0,1089098.0773737289,5.4117353635153504,5.4748051588804145,17.97693935978383,37.6449964501659,13.704329478405562,86.90765615472401,0.0,46.19612489299968,20.317711279733025,105.30986459185095,
2026-06-07,Ice Cream,history,1615615.0,1618529.6812329597,5.3461446323572455,5.156967027860595,21.895191342537352,48.77918716249578,25.176658772266475,86.97643634908286,65.27503257474878,47.7898697623136,20.183384415885293,103.80108177051312,
2026-06-14,Ice Cream,history,1522477.0,1549270.325442311,5.366425467197485,5.520405440233644,23.467964855100092,46.284346924782824,20.037816739940077,84.79897441908932,0.0,40.54492034461009,22.68022999184379,105.36649898832688,
2026-06-21,Ice Cream,history,1724791.0,1780462.0011211957,5.171080817396183,5.256015918921493,22.905385932535182,50.68648018815238,20.150761982266815,86.51625464864422,142.76620135108283,20.77913044576783,20.217291500677263,105.035803684003,
2026-06-28,Ice Cream,history,2319276.0,2380913.4270817395,5.327285962244438,5.643433690851923,25.8855803580505,42.60045764684675,29.419296577518296,85.97120619171194,70.90841096391956,54.26394181714748,22.59336092530272,104.40451372917164,
2026-07-05,Ice Cream,history,1716064.0,1665606.6770829374,5.521940995303206,5.4783523227348985,20.81835370382521,37.19344293836079,19.133551394992654,85.53285203541466,52.1246145871724,57.94694425160168,23.043910629204863,106.71626447361471,
2026-07-12,Ice Cream,history,2872846.0,2756119.5008447757,4.96401648443911,5.2363113929609995,36.426765306304596,48.580425051941546,21.84820792245264,86.65503669315868,121.1248303195071,35.12464971058182,24.614874187220156,107.1745949273087,
2026-07-19,Ice Cream,history,1474866.0,1471644.1179387034,5.43626865749423,5.426549953438643,25.88262203213397,30.271483445514352,15.271701383244942,85.30081988654445,0.0,72.88941618489393,25.774681222123956,104.34558933098138,
2026-07-26,Ice Cream,history,1639796.0,1701878.719551772,5.406961726969533,5.2517140810249,18.321800960954576,49.02314587330144,30.509553624238368,87.20097833410775,0.0,42.37847320555027,23.67802802526316,106.82838109908867,
2026-08-02,Ice Cream,history,1374504.0,1325970.2214055464,5.453957781634616,5.47393924896482,17.455573369019277,44.98059289180013,13.661802105433328,87.89798164485266,97.6869138253672,79.18034143742048,23.224149144462537,106.20513567306249,
2026-08-09,Ice Cream,history,1253289.0,1339882.7748144541,5.409084830491674,5.732977614698512,22.180560412461464,42.34882974229155,16.732283904398404,86.21852584745533,0.0,65.84044464168844,20.347721719889694,105.17636577937668,
2026-08-16,Ice Cream,forecast,,1337999.8662943523,5.511200091246298,5.512636305748236,22.33285142237327,36.30500584393425,19.971176099105215,86.5474415659215,33.54770621093119,49.95864110525119,22.271843828503826,105.44921398736795,
2026-08-23,Ice Cream,forecast,,1265923.2212442139,5.513652794676709,5.516380329926098,22.2733113656558,36.075975815271754,19.39969495175259,86.26549854908981,27.809520014305306,46.34338666027231,21.919662118928724,105.4420009285823,
2026-08-30,Ice Cream,forecast,,1225114.0135047478,5.516039526076772,5.5303583730304,21.984873620630346,36.66953935207576,19.750337330296972,86.08334531421971,30.53239057748296,42.307199051560325,21.32616979125758,105.41371334278061,
2026-09-06,Ice Cream,forecast,,1207670.3339391362,5.51718010981973,5.545199407294834,21.436332352476416,38.205411632813195,20.79385165521228,86.05227527764168,38.414949622435365,39.45104462847027,20.351093645251638,105.43365811237608,
2026-09-13,Ice Cream,forecast,,1194957.5893182266,5.511501403207146,5.54659246186699,20.8714497604578,40.30523157132445,21.857192954602013,86.15811506058532,46.43524280363154,38.47484300744374,19.101921277380885,105.54325644758725,
2026-09-20,Ice Cream,forecast,,1172298.9453325109,5.498061769013424,5.5315670357895375,20.563810860963823,42.11409676341252,22.197523148634833,86.35287799066867,51.09240003267792,38.931755758607395,17.848573772202236,105.71334579494996,
2026-09-27,Ice Cream,forecast,,1131999.1939723156,5.485104084759439,5.513642674370667,20.595911440397074,42.74363478606159,21.490649658701475,86.58461593468732,51.84990864623721,39.76742058501357,16.80400499310955,105.86907728373917,
2026-10-04,Ice Cream,forecast,,1072098.0281671165,5.484525682164545,5.510762723685296,20.841270966355292,41.89228554424138,20.090344576547263,86.80588611237337,50.22914221286518,40.104429454463215,15.951234562701252,105.9581568477457,
2026-10-11,Ice Cream,forecast,,1000892.2755442675,5.499980682613273,5.526182682879232,21.13676078519879,40.18463291884629,18.8483041341225,86.9707443872531,47.822376831630955,39.68189304897738,15.060917411372172,105.99726775738888,
2026-10-18,Ice Cream,forecast,,936724.6788778309,5.519092369057321,5.540339361384443,21.470241579924018,38.906914524208126,18.59181578559128,87.04218537392087,45.0178251333715,38.77986737396464,13.887958719295806,106.05168469698948,
2026-10-25,Ice Cream,forecast,,894746.1759406682,5.51811053607524,5.523489156111899,22.008366004956663,39.242685248478885,19.608555672967285,87.01532913257653,41.26613123828572,37.90188654071956,12.388064597925414,106.1660936499901,
2026-11-01,Ice Cream,forecast,,877209.8497703786,5.4775038864743255,5.460918217519732,22.93848360656637,41.513795290414606,21.4883460687891,86.93529751251361,36.285909998788085,37.561540044943065,10.777062795413524,106.31237758337143,
2026-11-08,Ice Cream,forecast,,878310.3168264576,5.397458581299214,5.370169997370624,24.260830057603517,44.97357820976963,23.414429306920724,86.88252789192249,30.941653077706633,38.23361950925885,9.382674476879224,106.4072959077248,
2026-11-15,Ice Cream,forecast,,889848.3139000008,5.301229171429081,5.2943108451151675,25.705834100482274,48.31384772168367,24.676484492467843,86.92318105200522,27.040041978774262,40.253593225447645,8.406322682919285,106.38901039028579,
2026-11-22,Ice Cream,forecast,,954000.4604056985,5.223052189070483,5.27396392952642,26.84371217663521,50.51432487544336,25.037234717182358,87.05775974441312,26.339328313694946,43.511135596474915,7.784268024448162,106.28364723539724,
2026-11-29,Ice Cream,forecast,,939395.3717327532,5.189002509194096,5.3185968744258165,27.300809346115095,51.40186448078748,24.723772696678676,87.21251056774935,29.65745194422146,47.13236462898847,7.255368155810187,106.19606304145154,
2026-12-06,Ice Cream,forecast,,834718.3810450031,5.204320005030136,5.399390066890134,26.92863219273843,51.517908348696,24.113690444347103,87.2895414628733,36.66934137303243,49.58557243095618,6.575896993082091,106.22423483790399,
2026-12-13,Ice Cream,forecast,,751565.0890502855,5.2552529692400665,5.469781713879635,25.83214142701211,51.44494922570314,23.405233929424984,87.24292255769387,46.24482730340908,49.43227934047858,5.707153912758113,106.36849411647817,
2026-12-20,Ice Cream,forecast,,696023.3325373543,5.322005511575195,5.498271650239546,24.284008769210548,51.17709223940132,22.534764607341486,87.12089210619145,56.78694714084099,46.366927928101575,4.830642023825542,106.51955813721082,
2026-12-27,Ice Cream,forecast,,603799.5704917312,5.391408235499658,5.48863051251098,22.619656268002853,50.079714900835484,21.371733267577625,87.03573332494209,66.32494379222663,41.74948229339401,4.19032449023733,106.54628506834638,
2027-01-03,Ice Cream,forecast,,538804.5613897665,5.45976564752985,5.472914293603692,21.174741593720718,47.49159769944615,19.983273022148555,87.07956740383335,72.67853781992574,38.02216211088494,3.9000864631989263,106.41573218930499,
2027-01-10,Ice Cream,forecast,,500129.5252018724,5.525883373269191,5.48419126869826,20.245018146583853,43.47450282136022,18.712870825670084,87.25064306445502,74.12977617025433,37.19937842455163,3.8742609285416645,106.2414057259043,
2027-01-17,Ice Cream,forecast,,452312.3428772736,5.583004968444087,5.531185970680512,20.014298809294367,39.0621240422482,17.98990721835786,87.45030992902886,70.4786267932308,39.43634138064871,3.9288105684011683,106.20760328918696,
2027-01-24,Ice Cream,forecast,,450914.17513729836,5.6187313615128165,5.594084452899908,20.450507493718064,35.741444012721715,18.025244974962025,87.55602848234031,63.6553753102113,42.79947841860856,3.956933370493209,106.42037505006586,
2027-01-31,Ice Cream,forecast,,469358.4574197813,5.6238905127571135,5.642670718472499,21.25452741064012,34.518268719150704,18.649429938193343,87.51378631472548,57.03794927147768,44.56522937682804,4.025931137767129,106.80402296687498,
2027-02-07,Ice Cream,forecast,,511612.5419110411,5.6021958127297715,5.660137814322125,21.959717318573517,35.2758000101119,19.43257817533154,87.37580012572751,53.53719865867076,43.20543840330432,4.315724208987286,107.1350392824845,
2027-02-14,Ice Cream,forecast,,574126.9848807213,5.570768091866423,5.652869737255979,22.179459311672492,36.932009593447184,19.992130518183384,87.25281134759483,53.688662692346476,39.59871212001086,4.956578372991254,107.19913911260102,
2027-02-21,Ice Cream,forecast,,641902.317990653,5.5491368327842325,5.639894441620573,21.85784512249945,38.287290381975225,20.24311770706802,87.22038695484257,55.31934007333902,36.49492187538681,5.907027798440649,106.95540444119361,
2027-02-28,Ice Cream,forecast,,700591.8216730112,5.544809571628095,5.633431905076658,21.32727284020439,38.911670852805514,20.39873799181807,87.2575235087862,55.32515851810793,36.54976546198819,6.974807423374769,106.57868140770586,
2027-03-07,Ice Cream,forecast,,751793.0583549336,5.547611830542369,5.628755291254738,21.089434585817866,39.383449657182716,20.736712103660647,87.2700255313087,52.37273232768271,40.359929396396524,7.960641465072846,106.34163284075437,
2027-03-14,Ice Cream,forecast,,809753.1994878093,5.5386217895342975,5.6121129735984265,21.44630411125466,40.69372756565917,21.333080862645637,87.18047638061459,48.35742291351526,45.97562964075284,8.803449857466575,106.42172586660934,
2027-03-21,Ice Cream,forecast,,885811.7626707802,5.507504393260589,5.578570037102506,22.248380098879153,43.2826233862671,21.97880952401292,87.00923319678444,47.19934654767019,50.27034357366725,9.609715424512835,106.77752226576487,
2027-03-28,Ice Cream,forecast,,976733.4921069964,5.464381836927307,5.542384430676821,22.967519648691155,46.46546647492728,22.333723169978672,86.87531763892852,51.638506301107746,51.13963251101028,10.550797790724136,107.18538645669794,
2027-04-04,Ice Cream,forecast,,1076857.4526391043,5.43582427684999,5.52906022101523,23.065950077872508,48.7167806293262,22.178609859791315,86.91045875193917,60.48245358000642,48.879283776687494,11.72020701204647,107.40437500115387,
2027-04-11,Ice Cream,forecast,,1125802.1525114016,5.446786714610584,5.554727513943107,22.39786217588595,48.63554382267574,21.560248165754153,87.15195396082309,68.69962050957304,45.746146546599604,13.067261711816316,107.34149132322491,
2027-04-18,Ice Cream,forecast,,1126636.4659660896,5.501639639219928,5.610420913581843,21.337676409387345,45.91098029709788,20.730236546868973,87.50066509843259,70.68008659503916,44.116243142878815,14.44936565282504,107.09590844448124,
2027-04-25,Ice Cream,forecast,,1083654.8259648809,5.578648767810008,5.665543329557962,20.527433845160825,41.614774699237735,19.95509359124415,87.78113181261755,64.42482897624936,44.711133044136886,15.74259747347868,106.86052148701367,
2027-05-02,Ice Cream,forecast,,1065753.7860598473,5.642260212871734,5.688886737766075,20.42830526163861,37.63424644360159,19.368760426387958,87.86043644681223,53.444093036768166,46.24541680756992,16.909711918698036,106.76970292659588,
2027-05-09,Ice Cream,forecast,,1084883.7634930504,5.664266947946765,5.67062697565323,21.01703482614744,35.648262013065185,18.977698126007542,87.73581271015345,44.679349341743844,46.67942131524935,17.976539172705092,106.81558667011835,
2027-05-16,Ice Cream,forecast,,1154289.1925376933,5.638816820248001,5.627605523708612,21.85768012612842,36.30830176051019,18.779497088925016,87.52569584787258,43.755439196393645,44.994920220047206,18.95870041302729,106.88957586483642,
2027-05-23,Ice Cream,forecast,,1271706.0366988066,5.581754741955739,5.588024190214557,22.484075734964907,39.07425215900004,18.856669677707078,87.37483701172759,51.01426175590331,42.05271230643132,19.824294032308963,106.89994921318926,
2027-05-30,Ice Cream,forecast,,1421589.936708871,5.517047211941098,5.568706565141792,22.782165929523906,42.67903254429744,19.343217297267003,87.35001674868982,61.33080981987108,39.88982882626578,20.535119334403184,106.858751753661,
2027-06-06,Ice Cream,forecast,,1585875.7031457385,5.462012082398914,5.5638824506474265,23.06228187369651,45.8264545014626,20.29182353348597,87.40652941412002,67.91362377108156,40.08871119988673,21.121998403241125,106.8657336496266,
2027-06-13,Ice Cream,forecast,,1752606.89546378,5.422014909233941,5.554212240890445,23.7615923422644,47.693396900721986,21.569479053250173,87.44581925429041,67.26355420463696,42.562794030640454,21.70439634359141,107.00968121349925,
2027-06-20,Ice Cream,forecast,,1908953.101670846,5.396005852108884,5.5273687185696945,25.01724789649402,48.05460427489732,22.886472049812095,87.41123871012984,61.56265019383082,45.70615087773847,22.409255680902298,107.27749461199062,
2027-06-27,Ice Cream,forecast,,2031887.0487618358,5.38514021292346,5.491831543937656,26.460011988766464,47.12954670456167,23.941500333540912,87.34109183051645,56.718015836413855,47.71689233573558,23.242682226527048,107.55115798102436,
2027-07-04,Ice Cream,forecast,,2359411.442396625,5.395345503963641,5.471751298515927,27.40770811202078,45.35764656003619,24.560239102842615,87.33643937334132,57.59893541419701,47.974064300316556,24.029632850165832,107.69478272703775,
2027-07-11,Ice Cream,forecast,,2336454.7621995998,5.431541424470826,5.48726950296291,27.323081092334768,43.22710992457726,24.71601572310581,87.47213409052773,64.12317003607866,47.36507982622046,24.496679016535126,107.65718593175443,
2027-07-18,Ice Cream,forecast,,1970404.0354920928,5.48964466114451,5.537224207947459,26.191909809738075,41.15825376298341,24.439050310924188,87.72486581944172,71.15492872072451,47.3649865446537,24.455743333873905,107.50490431641242,
2027-07-25,Ice Cream,forecast,,1811669.677459405,5.554838808823927,5.599014548360036,24.53818480475969,39.41033053402023,23.731964828096128,87.97649407433929,72.24904807522714,48.685723145185804,23.95050483659153,107.36220527580987,
2027-08-01,Ice Cream,forecast,,1637506.5085021362,5.608920223208011,5.645601465399867,23.071695932911805,38.03951186199349,22.602489098281193,88.08996501426931,64.39631774166993,50.616809297550944,23.24063505468976,107.3130542269217,
2027-08-08,Ice Cream,forecast,,1480833.262288712,5.641146597037184,5.665101841886394,22.237155044259598,36.97139125032581,21.197050872815282,87.99946238532554,50.273525488058425,51.56363348162229,22.621392389580606,107.34786697928716,
2027-08-15,Ice Cream,forecast,,1355724.7500422585,5.653583024984521,5.666691598117742,21.991447554933043,36.17995703416889,19.888082779956257,87.74945626714877,36.476961057418116,50.304345511231205,22.21124045087435,107.39410353972141,
2027-08-22,Ice Cream,forecast,,1265536.4512522148,5.656608389311905,5.668838415621812,21.943009734717513,35.837795641884455,19.167630070810237,87.46050025091172,29.203882930315544,46.94463871663746,21.87402741340738,107.39558210450572,
2027-08-29,Ice Cream,forecast,,1211457.1435773296,5.658849526696686,5.681278494396201,21.707990060930456,36.265017802651926,19.35490031379392,87.25462147567063,30.55377504582225,42.853045569426655,21.34025350393856,107.36633000952114,
2027-09-05,Ice Cream,forecast,,1186205.0421992755,5.660609261219649,5.697104420364794,21.19335548662375,37.643811615242434,20.314553976453656,87.19604283142499,37.881019646526184,39.700346358055896,20.43263890068822,107.37292492466767,
2027-09-12,Ice Cream,forecast,,1171359.0153878287,5.656460815827724,5.70161084031085,20.608484791792282,39.69552524591302,21.433493638496554,87.28047055009357,46.210647153237844,38.39174608504141,19.214759707991426,107.4665427432891,
2027-09-19,Ice Cream,forecast,,1150126.1747959259,5.644054601701739,5.688932402747913,20.241724782969737,41.628805847716144,21.944363726651744,87.46329009160061,51.59298076627537,38.66334744442074,17.941836584119688,107.6308080407211,
2027-09-26,Ice Cream,forecast,,1113227.648794785,5.630099709555785,5.6700787989165855,20.217932790559075,42.515282569604,21.41838094013896,87.69199865441274,52.96948383330757,39.509695436411754,16.8535515939133,107.79450574336575,
2027-10-03,Ice Cream,forecast,,1057274.3672058596,5.62664853690098,5.66363530180802,20.43907556634479,41.90957040364135,20.088145044736176,87.91854010456663,51.6338126152691,39.97425725328078,15.979088889935602,107.89640306533471,
2027-10-10,Ice Cream,forecast,,988170.5467482763,5.639665744470634,5.676610676523501,20.732438591780745,40.27137952918017,18.748544769042635,88.09668659624322,49.298967934493206,39.67850086356462,15.116278396512039,107.94027366821364,
2027-10-17,Ice Cream,forecast,,922760.0867522939,5.6597020354561165,5.693188447312307,21.05083948885732,38.81543632755548,18.274630200353105,88.18644278819369,46.59250093531463,38.827582533516654,14.004856829371981,107.98710603971145,
2027-10-24,Ice Cream,forecast,,877400.9071784966,5.664103962748449,5.683718708828572,21.536312399023785,38.80767540430177,19.07550462507146,88.17531662750892,43.05493697650979,37.90673709372911,12.554117047219894,108.09053519245525,
2027-10-31,Ice Cream,forecast,,856281.1404298955,5.6312649884251815,5.62902353554889,22.388845066554026,40.76013343822651,20.85581364443295,88.09939680898577,38.2676827455001,37.43415404108617,10.93902117672728,108.23645139780473,
2027-11-07,Ice Cream,forecast,,854318.0039858033,5.55714131880922,5.540598534737478,23.653549380091732,44.098263121860825,22.835377695951397,88.03570198167672,32.87239283404999,37.89395164810656,9.484678371341598,108.34684995061839,
2027-11-14,Ice Cream,forecast,,863944.1481214527,5.461360235699082,5.458588431553076,25.106193652789575,47.55364274356084,24.249270337796286,88.05728684163346,28.568127475638878,39.66328473520678,8.430368193950269,108.34981538649608,
2027-11-21,Ice Cream,forecast,,873332.2666423054,5.377574655662776,5.426475350527242,26.33081668787465,49.99730975597499,24.764687823907714,88.17871405797331,27.201644138402898,42.739726835639715,7.760890053357266,108.25376944799282,
2027-11-28,Ice Cream,forecast,,917858.8054389053,5.334596243684561,5.4606446095834205,26.928108212793852,51.09317633754822,24.543127799415306,88.33735005872838,29.795756400152076,46.39572519078619,7.236867509804328,108.15420571520929,
2027-12-05,Ice Cream,forecast,,872294.5446228718,5.3416917773066395,5.5383114714789725,26.70291596331391,51.2950948961457,23.96337452679604,88.43403233051949,36.2135488543676,49.17956509043054,6.594428361774753,108.15809242733884,
2027-12-12,Ice Cream,forecast,,744185.3861413364,5.387744537262093,5.613704528699216,25.719073006566443,51.234551695867985,23.270919414618444,88.40871593974869,45.43729776202744,49.558971355951584,5.751185328675042,108.28714370765006,
2027-12-19,Ice Cream,forecast,,649294.3988834114,5.452936353804781,5.650489445324185,24.22769277946068,51.03494540345704,22.440878651918617,88.2928269810003,55.940855365706646,46.96129698599146,4.857150450327566,108.44765767158903,
2027-12-26,Ice Cream,forecast,,596629.2414232736,5.522358112446672,5.6458294012947015,22.558986138572532,50.14430678539536,21.333489924987457,88.19251619348745,65.81727309425942,42.456612664248915,4.160621488890881,108.50312983801598,
2028-01-02,Ice Cream,forecast,,528128.1204978407,5.590932192044966,5.628391055866206,21.05139413695943,47.846274691975786,19.966937198547924,88.21019448911818,72.89204637728378,38.38759247834184,3.808860558486515,108.39626732285501,
2028-01-09,Ice Cream,forecast,,486632.3407856434,5.657722679871835,5.6333004531296815,20.011644476924815,44.03391975305995,18.642397423851165,88.36360575685512,75.29054208612328,36.96900178211639,3.748782206610656,108.21646105940982,
2028-01-16,Ice Cream,forecast,,437520.05851513776,5.7172760216604965,5.674687072576695,19.650945710429866,39.58447830472489,17.796343060491097,88.56778353702835,72.470186791039,38.750420134216576,3.80113029925206,108.14557206275758,
2028-01-23,Ice Cream,forecast,,433347.7850214672,5.75774150968873,5.737002496554854,19.98257412549185,35.969179811818016,17.69766400005416,88.69718809394152,65.98717025153567,42.11533209186803,3.8341637605806493,108.31417105525051,
2028-01-30,Ice Cream,forecast,,447590.43507825147,5.768537037705264,5.790012473852588,20.752945396561895,34.344601203910536,18.2442673652321,88.68043780518116,59.07635740343782,44.33705266157683,3.8840161847286208,108.68101814266674,
2028-02-06,Ice Cream,forecast,,484712.6723545315,5.750679491862522,5.813202438629142,21.51027259984198,34.80845896623091,19.032771801478336,88.5519485867072,54.894520858935486,43.54419112034291,4.121169120898362,109.03992700601026,
2028-02-13,Ice Cream,forecast,,543348.4654731886,5.719423227639678,5.809065111921977,21.832646814621054,36.402373570920545,19.648747458318372,88.41852438370947,54.48749552376163,40.170385225123084,4.696768631486881,109.16120013752882,
2028-02-20,Ice Cream,forecast,,610420.5169269508,5.694992022741455,5.795786892743196,21.59314668787387,37.87328730718491,19.945674418633953,88.36846034839937,56.09054260850759,36.74881784764479,5.603124910974598,108.96510704478463,
2028-02-27,Ice Cream,forecast,,670277.4098925958,5.687846988441081,5.788022219375497,21.063343367897673,38.61123473389425,20.095821402387443,88.39893562833046,56.567388341632224,36.1188322557131,6.666656161751936,108.59246944141991,
2028-03-05,Ice Cream,forecast,,721259.6171838399,5.690724826135114,5.783996788495261,20.740591511005363,39.03690898417907,20.38729236613934,88.4233521551978,54.09778580529679,39.3366244510807,7.6768340124548855,108.31232735314207,
2028-03-12,Ice Cream,forecast,,776116.8814488024,5.685072217360293,5.770332352600543,20.988047564095115,40.13760593866985,20.945476682013215,88.35394010470705,50.00731442725927,44.85383421381013,8.541462601723154,108.33200797998033,
2028-03-19,Ice Cream,forecast,,847440.8602364355,5.657804012892392,5.739321728880337,21.74208852184347,42.51443293252816,21.606888979936677,88.19066234945723,48.05747557544449,49.595188672586204,9.341561541658441,108.65142961129149,
2028-03-26,Ice Cream,forecast,,935012.6930557309,5.615168135549344,5.701823341896026,22.521210021022554,45.68909432020463,22.036291608453684,88.03925073149927,51.45196932758194,51.128974127943565,10.247913288897877,109.06973809982014,
2028-04-02,Ice Cream,forecast,,1036027.698438514,5.581844464596688,5.6826769271426585,22.7563621350429,48.22792949894635,21.976861000802867,88.03762859064047,59.79573502012288,49.29909485383718,11.37617249269287,109.33502441021746,
2028-04-09,Ice Cream,forecast,,1092008.7959879143,5.584657939487032,5.701232732910507,22.211384881218695,48.6263957807192,21.4264805912586,88.24584062887789,68.57818345685449,46.1227554705756,12.700711623134255,109.32013198575457,
2028-04-16,Ice Cream,forecast,,1100908.2709710372,5.6325840011419075,5.753392511442025,21.176202990276078,46.332102298500594,20.61251210931926,88.58752264574812,71.9687981752405,44.108775253362005,14.087560770151473,109.09368543033058,
2028-04-23,Ice Cream,forecast,,1061807.2831209209,5.708112804459783,5.811227757119499,20.276569316449123,42.18905587465373,19.813036114202653,88.89272706543018,67.08128331541342,44.35176817928921,15.402098223300511,108.84316583081707,
2028-04-30,Ice Cream,forecast,,1041239.7947822519,5.776667952028017,5.841781011864453,20.036769948614506,38.00938406234686,19.190068914260497,89.01241818158012,56.47920767492703,45.870650880551565,16.59075149520491,108.72284750536619,
2028-05-07,Ice Cream,forecast,,1052984.9884301221,5.807266806156411,5.830382568557083,20.526636052137125,35.58340352088189,18.76583262848448,88.9181099916548,46.80141171637829,46.625007489561725,17.673137733799027,108.7507591474445,
2028-05-14,Ice Cream,forecast,,1112474.7768539055,5.7896243421461016,5.789732119269984,21.36164294276721,35.779501354524704,18.52997978577992,88.71183121528894,44.2711953492349,45.309311121433744,18.671494485663715,108.82854775159159,
2028-05-21,Ice Cream,forecast,,1219888.7018252264,5.736460101121029,5.747717668559328,22.04809650913519,38.25053166127116,18.54817896725561,88.54224809727738,50.31888155541212,42.456734308851125,19.56155291636376,108.8528337311095,
2028-05-28,Ice Cream,forecast,,1361808.8839279164,5.671514808331636,5.724559128995097,22.392154702515196,41.80834091841424,18.953493635874274,88.49528874220206,60.60862577934225,40.00353287962229,20.30054790840874,108.81503777241026,
2028-06-04,Ice Cream,forecast,,1520418.324295336,5.6140380917632395,5.718424547096932,22.641234409386648,45.11523791356492,19.823481910510765,88.54421669053414,68.26431707323829,39.73205853231849,20.90284517436444,108.80507037062962,
2028-06-11,Ice Cream,forecast,,1683522.6053841594,5.571371900261011,5.710995180080983,23.24217983959031,47.243604980671556,21.060604574591373,88.59307965410898,68.90856854832535,41.88682667223524,21.47524868727514,108.92191983250171,
2028-06-18,Ice Cream,forecast,,1839868.038633504,5.542929922137372,5.687247043164692,24.41120309404657,47.86736096134562,22.394588194156253,88.57169246132925,63.728545981226425,45.05857823285001,22.152814838270814,109.17400718299395,
2028-06-25,Ice Cream,forecast,,1968641.7557664516,5.529026656616384,5.6517302740575,25.866874143996554,47.14342774103085,23.51394623274386,88.50127515522989,58.277201462357496,47.36340669554544,22.971120256361495,109.45760046161219,
2028-07-02,Ice Cream,forecast,,2301442.840493792,5.534962038818161,5.627004403891106,26.952978283920164,45.48662589724661,24.21602188122359,88.47742791583241,57.971561354447715,47.90594633336915,23.785725084770164,109.63164040407581,
2028-07-09,Ice Cream,forecast,,2295994.920718438,5.566480080166583,5.635515148411008,27.07150339263249,43.386012578132856,24.45235385819628,88.58647543619941,63.75126092520709,47.34188125654319,24.32871521898786,109.62459466766774,
2028-07-16,Ice Cream,forecast,,1949575.2164654236,5.621498974083811,5.6805118792468425,26.10129549390855,41.28146232672016,24.251279185647295,88.82493090190913,71.19423153726892,47.14369731582126,24.382883349081425,109.48403950293721,
2028-07-23,Ice Cream,forecast,,1800748.5876548388,5.686811564500849,5.742337597169367,24.487852434696073,39.466423356009415,23.6220405890193,89.08756700975457,73.7198629846879,48.240051554886804,23.946083802850904,109.3311610931034,
2028-07-30,Ice Cream,forecast,,1629725.21189646,5.744003490998665,5.793134989608517,22.942738538815377,38.03191706261991,22.56315957452556,89.23352595554051,67.43161265715842,50.16856611050935,23.249030343674377,109.26324233140957,
2028-08-06,Ice Cream,forecast,,1471692.5429292428,5.780346299591472,5.81733774423854,21.98428924267729,36.915697773855314,21.186146143429273,89.17930302573882,54.00774871032575,51.40854192971041,22.597665927756022,109.28751997277193,
2022-01-02,Ground Coffee,history,1557341.0,1578892.183968737,8.363300045296453,8.283919981301699,20.46682096328301,28.752071193322653,11.871384859740816,74.59115378621043,0.0,51.19754728779535,,93.86789218858914,
2022-01-09,Ground Coffee,history,1780747.0,1770025.4092012513,8.468814824655972,8.226850745616433,20.90257664993971,25.43198533560222,23.153273235994,73.72377080857916,0.0,67.5248428468308,,93.32940949006152,
2022-01-16,Ground Coffee,history,1409117.0,1396291.4503423115,8.445424536357349,8.21471832461026,19.722189685282817,20.97068244673001,17.82802140186067,74.48519666214754,0.0,54.954615565103246,,93.99400340515226,
2022-01-23,Ground Coffee,history,1628518.0,1577518.3138855025,8.455591810708407,7.729779426270649,17.516384249579204,40.21866915300921,19.83268309446456,73.73855549383948,0.0,54.6898865765269,,94.43986032625271,
2022-01-30,Ground Coffee,history,1138022.0,1122073.2907693433,8.76698510536516,8.68869718883153,16.561789907261105,22.109936940811114,12.906446390848908,75.21619588163163,0.0,65.70356866166813,,94.61226968140988,
2022-02-06,Ground Coffee,history,1299141.0,1304262.8636955097,8.54879545719922,8.9233311423183,12.702613612838292,38.95453733523265,19.78325830382884,74.28256120762502,0.0,0.0,,94.92428927625517,
2022-02-13,Ground Coffee,history,1904913.0,1900686.8850586829,8.426693874142712,8.432015203753805,22.042587356538817,36.28228630660619,12.832494855157098,75.58360444036447,84.09798605883945,52.56147047968229,,97.5828927780204,
2022-02-20,Ground Coffee,history,1635778.0,1615162.0555824817,8.419085454927329,8.6517221227976,18.96004338839393,31.410880242226835,9.760028777074538,74.57961041460676,79.5144028378569,58.16138076856024,,95.07308645357624,
2022-02-27,Ground Coffee,history,1428006.0,1469347.575902746,8.551465773261878,8.530218622993464,16.20198137572113,34.635502084188694,11.926075985389875,74.2831515081081,0.0,76.84119751806061,,94.13994843053426,
2022-03-06,Ground Coffee,history,1897965.0,1925483.2474937208,8.280534031363818,8.539776984200978,25.01919048282936,29.473351639800917,16.799342327194722,73.26029454495661,0.0,59.59693319949648,,94.09407174985618,
2022-03-13,Ground Coffee,history,1518247.0,1498776.7591333664,8.639858594300309,8.99338376068014,16.645074583830443,28.898275782134206,25.889993031298083,75.30724384598099,0.0,51.93707866794932,,94.62966196031483,
2022-03-20,Ground Coffee,history,1881251.0,1759221.4800842186,8.450421907027474,8.7344644362472,22.07992339794134,33.520930209838426,21.68192158469852,75.16264798739293,0.0,71.029685068929,,95.08437474256432,
2022-03-27,Ground Coffee,history,1679890.0,1613701.546020955,8.592513434314814,8.661235335014755,21.60309222525696,26.276206921519268,21.00632329330273,76.49708666877528,59.82553713980153,36.06178892313263,,95.36020850805536,
2022-04-03,Ground Coffee,history,2166416.0,2011616.5537302569,8.437477503512053,8.460661291888632,24.53924036261112,36.888248986396555,20.283120270266053,73.83993573731554,102.9674468243938,36.68398068013675,,96.20628008919194,
2022-04-10,Ground Coffee,history,2467382.0,2370867.8802885716,7.906543323598512,8.323438997746015,21.359405102358373,55.6773770612493,18.57262421346943,74.13446510990799,0.0,35.8612720767635,,93.59958282127197,
2022-04-17,Ground Coffee,history,1505031.0,1566345.5295349518,8.476734166955865,8.670139389072679,19.655844089742853,32.259692910778725,15.622848934975847,73.80084844235384,0.0,110.41858465633936,,94.56492874797176,
2022-04-24,Ground Coffee,history,1118866.0,1183015.6601763777,8.84215387131971,8.283287190104362,15.252008686098543,27.86721515412162,16.17918292363564,74.77734439413163,119.04047611360748,59.43003221384407,,95.297077683078,
2022-05-01,Ground Coffee,history,1131731.0,1181241.8897668167,8.731885958923742,8.64661414704514,15.945333800760844,22.238960826868222,15.810014966685014,75.8058025237053,57.342071238867035,60.36089988236151,,95.9276971674032,
2022-05-08,Ground Coffee,history,1849517.0,1774717.4695719571,8.509549099368565,9.059540503784971,17.160794382820715,46.51715662536058,20.99745388643188,74.58748288561,0.0,120.0650139191506,,94.05893169601114,
2022-05-15,Ground Coffee,history,1559609.0,1568101.5418879231,8.594788240536126,8.667087627607938,19.630365946779804,26.712806855181224,25.10296654347559,75.6330612658374,58.64601329766941,42.05538370247534,,96.58087712903829,
2022-05-22,Ground Coffee,history,1412116.0,1353459.5926368546,8.69721381142125,8.816519036865362,19.364675510996705,33.424858745243135,16.55965627583255,74.20197455002616,0.0,0.0,,94.94601380878542,
2022-05-29,Ground Coffee,history,1215566.0,1194376.0998416296,8.69932918344024,8.495326100415008,14.636872280719125,46.0360180884019,12.738776704243504,74.223638561156,0.0,54.17567298241117,,94.19324569923955,
2022-06-05,Ground Coffee,history,1186536.0,1194506.1922741183,8.692076806079385,8.552837019230298,17.150451043349562,33.96094588064927,15.007157365186442,75.29263337448639,0.0,48.910063460723656,,93.8174640542837,
2022-06-12,Ground Coffee,history,1442091.0,1381059.041118216,8.545039665464335,8.766274787566225,20.565251472660016,35.34120900412446,14.718837645571528,75.81271439064031,0.0,55.58173308454846,,94.45087930188797,
2022-06-19,Ground Coffee,history,1577383.0,1526730.4507951122,8.642108154408767,8.43763364567109,24.631003265288307,28.80951421128316,15.750126084978106,75.20963364041094,54.55597691519296,77.48329012063797,,95.99380412303331,
2022-06-26,Ground Coffee,history,1546959.0,1494559.7525371034,8.685477263986728,8.847678910086259,18.91086060855007,33.44140836445076,21.057915974328235,73.40967053774209,43.7226899013238,47.44099181933296,,95.23216367515366,
2022-07-03,Ground Coffee,history,1336874.0,1345573.0823400738,8.733968789315744,8.989038133063952,15.098297671617802,38.135462657407906,23.796050406433015,75.58498740011261,0.0,58.30491607989225,,93.9405162229622,
2022-07-10,Ground Coffee,history,1303962.0,1474477.9419602426,8.571135277767196,8.5731521130257,23.657783642112836,33.91940523632743,14.189856352853434,74.58789700502125,0.0,83.42965288785356,,94.96157463326284,
2022-07-17,Ground Coffee,history,1615637.0,1670855.1816168723,8.604239718580237,8.755949705094382,22.74919619620765,36.87176864055944,18.5435126705199,73.74873554611356,47.33921336245676,39.308620383123525,,94.3935761509401,
2022-07-24,Ground Coffee,history,1481455.0,1519049.0473634168,8.89984127419527,8.798655504929428,21.069055188231737,28.997564743967228,27.66183029986345,75.26614688613707,45.612808588542485,61.328947318876835,,94.74884267212224,
2022-07-31,Ground Coffee,history,1988187.0,1966673.1493650808,8.574356378992467,9.199992395273815,20.94528940428167,49.75956895977036,21.36580842387191,75.88690591366307,127.43767784813726,33.09355892883958,,93.33298619161498,
2022-08-07,Ground Coffee,history,1245506.0,1283050.358299631,9.019307794239827,8.69789923333353,16.533799757422294,30.98102408140252,21.30607649568721,74.22878908115153,58.16099939670784,80.25820131637717,,94.59240143866693,
2022-08-14,Ground Coffee,history,1219799.0,1267343.8272077946,8.886129716570295,8.755322376883573,19.79372352169373,30.432229724330412,12.053617233481804,75.37138811330392,0.0,77.30964091263833,,92.94266648128492,
2022-08-21,Ground Coffee,history,1160960.0,1201810.3766177099,8.951221783540799,8.224656810217523,20.391822153983146,30.877338570988428,12.066419594004604,76.29655560720188,0.0,92.75507158970908,,92.37289479935043,
2022-08-28,Ground Coffee,history,1130572.0,1168944.258776005,8.94605650148574,8.657044197126245,15.207757891394092,34.46050436826202,19.75219044357862,76.09593727560183,0.0,47.6115538822829,,92.1359229104882,
2022-09-04,Ground Coffee,history,1212509.0,1182927.394686108,9.193822649103735,9.164371336079151,21.000052339635673,22.02065601492931,18.62420282271169,74.12775234910913,43.78985949811808,93.15905326351825,,93.34876158214828,
2022-09-11,Ground Coffee,history,1415719.0,1458225.196301515,8.770732286170116,8.670728622616286,20.827364237915383,40.749027024540176,14.51592623646738,76.02456855035392,0.0,62.2061715901968,,93.43177922394376,
2022-09-18,Ground Coffee,history,897336.0,910006.4464954677,9.113477188241538,9.02449627596777,16.305843522699753,24.060726828392134,10.560407675862123,75.47453945874844,0.0,80.36840890498455,,91.47469449011795,
2022-09-25,Ground Coffee,history,882059.0,897164.1536518288,9.089106939129088,8.598125987884636,17.753831115946827,20.78865150930292,13.122008390495946,76.48978234995306,0.0,49.92767742473029,,91.1830085550858,
2022-10-02,Ground Coffee,history,778488.0,828945.1118582782,9.034385334848846,9.254914416416856,13.072920039566016,28.293206914436944,9.223545393609886,75.77128726962718,0.0,74.6975069613045,,92.55280968499927,
2022-10-09,Ground Coffee,history,1312998.0,1392110.7082615837,8.644195368290159,8.780480258738201,22.314553137709684,36.383215417333695,15.425239522606798,76.79976882939961,0.0,44.126469779995595,,92.00970017665637,
2022-10-16,Ground Coffee,history,1473352.0,1578556.6163163949,8.392797152621778,8.385908295729362,20.72258010360981,51.19447190829701,17.632017377240217,76.5394242238815,0.0,29.03321526981523,,89.97154323699009,
2022-10-23,Ground Coffee,history,1172357.0,1162027.8988168759,8.958410393437443,8.823139023480849,15.83319456980391,42.77649145788074,18.92116966037878,76.11794119828568,0.0,63.607135419233046,,91.37133166179116,
2022-10-30,Ground Coffee,history,904476.0,948928.5708924743,9.103097308733648,9.331036045762136,15.794004564237689,27.845757861713047,13.921658977704414,75.05759959352106,0.0,57.45902062285154,,91.2722133924328,
2022-11-06,Ground Coffee,history,1117173.0,1086378.4493527564,9.154355215715489,8.804290676875363,18.34025676892548,40.24493171501823,12.206506157129745,75.03856470022879,0.0,55.826263325519236,,91.18535927597412,
2022-11-13,Ground Coffee,history,1439097.0,1369020.285220816,8.886546794572837,8.719654873068022,21.0819211542016,39.630468880392925,15.085133267767649,76.5991214341055,0.0,77.87933470290645,,90.16610219773644,
2022-11-20,Ground Coffee,history,1198098.0,1153764.7816225975,9.10067990089787,9.016787102883995,19.58227167137467,29.76148912278759,15.374861222234268,75.25152562839686,0.0,38.07755297776466,,89.29038780505613,
2022-11-27,Ground Coffee,history,2605519.0,2420408.566741838,8.481057396274851,8.571767889851431,30.114676624977264,38.561688853013145,13.051480866954709,74.68821339586292,95.336128351603,63.53573720972938,,89.20886367399322,
2022-12-04,Ground Coffee,history,2665091.0,2606565.23803064,8.646231751388635,8.566737808983948,28.98155269580972,36.24564603726157,22.601560677308072,76.04815149018451,46.47060309605551,94.91239547243762,,88.46415234623926,
2022-12-11,Ground Coffee,history,2847173.0,2740962.587742933,8.712244193216103,8.977326296237193,26.311609975304517,45.95076742043537,36.17251888599522,77.62854247196202,0.0,61.30144385479931,,88.42638037550667,
2022-12-18,Ground Coffee,history,2798372.0,2674170.811920242,8.69769246309715,8.789378895421954,32.05567356250671,36.108889140360134,33.82258174466759,74.89380033086354,0.0,55.51270666688776,,89.13570252805036,
2022-12-25,Ground Coffee,history,1930789.0,1889681.6196918928,8.96988673580724,9.078603701609495,23.080540121708545,32.18210233107465,15.4103305818987,76.57265396228502,0.0,36.35942357155636,,90.23986490595092,
2023-01-01,Ground Coffee,history,1788780.0,1872091.472608185,8.933811224106813,9.023509713849116,26.1739866547665,30.44933689178886,12.687575117565054,76.63990030290627,0.0,50.75430425919912,,88.13866236918132,
2023-01-08,Ground Coffee,history,1675209.0,1651641.4380224335,9.15828504231462,8.730666967648194,15.018422497578545,33.20708340189153,17.394993642558433,77.07074430832537,156.786227756184,61.44124235307631,,87.01565766501353,
2023-01-15,Ground Coffee,history,1602222.0,1579850.784805922,9.104220025483132,9.040992289544102,23.801771276482135,25.178577548475022,12.5326173459497,76.71883543752112,0.0,33.522763728370904,,89.23345450531697,
2023-01-22,Ground Coffee,history,1529396.0,1469137.8589584443,9.080454160735664,8.691388844510234,19.08193110787883,35.427024105455324,13.465028818081764,76.60993774203946,0.0,17.60465788213075,,87.84003612372364,
2023-01-29,Ground Coffee,history,1521613.0,1572000.7075823275,8.999574066538042,8.6449642355017,18.848704893368748,42.642855727882576,10.090189380074593,76.64465225902576,65.63471158021657,70.5730736869594,,86.56175277563713,
2023-02-05,Ground Coffee,history,1180888.0,1188255.709005545,9.564982515565005,9.45922240851881,15.327408275160458,28.531025654725987,15.634012759395098,76.98782855145254,39.75229559859075,43.40956483452985,,87.88599347706017,
2023-02-12,Ground Coffee,history,1352511.0,1323094.5572160315,9.257048458575833,9.175846603700409,20.712740628931137,25.173160962861548,12.573208018792943,77.02634522250344,30.02836171705549,47.58209226634535,,85.84859469082595,
2023-02-19,Ground Coffee,history,1470322.0,1428404.9892409476,9.196095526659953,8.960478733461661,18.878757964649516,37.603013765417515,12.802905149335947,76.92919531060227,33.56479504097539,63.620358775106624,,85.25838528327597,
2023-02-26,Ground Coffee,history,1677752.0,1589795.3283600884,9.110787779525417,9.198545445228836,18.22325065583335,43.92242231870309,20.905014127173793,75.58920808937444,0.0,47.08284942492356,,83.75881920192252,
2023-03-05,Ground Coffee,history,1678285.0,1552291.680231194,9.13444262600178,9.28986009747377,23.83139832407464,35.50396216495257,9.769004314348155,76.74470785008953,112.22499118307088,91.49291996866695,,85.06945575380487,
2023-03-12,Ground Coffee,history,1152661.0,1084213.850430263,9.538754350612278,9.581827599520594,15.590319064233215,29.120749108768248,14.553036741713306,78.0653540020961,0.0,46.722809804763024,,83.51403454001704,
2023-03-19,Ground Coffee,history,1619077.0,1582045.8048992292,9.08564884189382,9.282625375935194,20.433219607468317,41.3103643042262,17.457225681790206,75.80425467632897,47.12763115840064,52.48372659346523,,83.45844418853018,
2023-03-26,Ground Coffee,history,1515815.0,1476413.2316381757,9.24500564489758,8.814532792136829,24.24872323554792,32.056234480794366,21.665662095486137,77.07833968517049,0.0,48.57402232388046,,84.08036848340014,
2023-04-02,Ground Coffee,history,1450830.0,1382384.7575949207,9.390649920996683,9.110138604134342,20.52905486416661,31.023494473736196,24.48697624439011,76.93211143030305,41.72060120751147,58.148955358605654,,83.37742771790062,
2023-04-09,Ground Coffee,history,1507148.0,1498504.7268353258,9.155632646990163,8.872821549539834,23.47427631558737,37.55040210491981,18.665229286752822,77.93736333711027,0.0,41.681791129271154,,83.44242890630522,
2023-04-16,Ground Coffee,history,1398034.0,1353208.8162672226,9.215950010512646,9.660260676493834,20.70510268167708,35.87805549511866,18.1432707642492,77.80283148456301,0.0,41.162273487768736,,82.75881673209972,
2023-04-23,Ground Coffee,history,950100.0,938261.0998302564,9.644458238927289,9.927286148860128,14.126130499937124,32.26458949322657,11.134333595983112,76.91833797438748,203.36530998474817,42.270007282050265,,81.9332986275708,
2023-04-30,Ground Coffee,history,1647096.0,1569763.8315557116,9.056239272513194,9.513616214781484,21.80963139259273,38.39155781647493,16.00353429702819,77.83568709876046,67.3633193900407,87.4539562110781,,80.95241467620797,
2023-05-07,Ground Coffee,history,1101407.0,1035026.4090366446,9.58902705860302,9.519521498126268,15.598793842513068,30.25175732465746,16.73779706142239,78.42687188543782,48.79760062320797,41.060347400416894,,82.57072462755885,
2023-05-14,Ground Coffee,history,987483.0,996729.7068938585,9.612558674975636,9.408667633173753,17.094993406437187,28.35482108052922,14.804205787969943,76.84558752958509,0.0,94.97692789860253,,80.82359934524038,
2023-05-21,Ground Coffee,history,951571.0,959188.2341699227,9.681194534006632,9.59387511428703,20.37630180604882,23.788596299186757,14.05717023180509,77.85240231118598,40.40826160864699,0.0,,80.44392893238036,
2023-05-28,Ground Coffee,history,972547.0,1001814.5801215919,9.406952708406394,9.815063080292584,18.492460258938426,27.242496521086697,11.737833845558155,80.24714213904439,0.0,48.512068556620825,,80.97281552479922,
2023-06-04,Ground Coffee,history,1025237.0,1024046.7911820778,9.548029221386406,9.666407922891638,17.150539199448367,40.770645618998024,10.21273521635494,77.93867405764409,75.62977258228338,27.568919367771223,,80.81143526786012,
2023-06-11,Ground Coffee,history,1674407.0,1787918.8929792638,8.824997793502758,8.743130365649424,22.780703674146793,52.46996375875976,20.4457489844848,79.38858426253742,48.1468028415776,54.398020253961654,,80.51653648085825,
2023-06-18,Ground Coffee,history,1201697.0,1226244.0608608942,9.538277574966724,9.073545539381918,16.85282695456734,39.009970912420094,31.89447345627439,78.12739791215306,0.0,53.77498230844876,,80.12671549282351,
2023-06-25,Ground Coffee,history,1391397.0,1521208.4683382045,9.151660378610218,8.815770753084932,21.40831138765817,40.297132593224966,21.001627049885233,79.43713126133727,146.35291215861994,60.97774251426267,,81.33228891950354,
2023-07-02,Ground Coffee,history,1156267.0,1209279.1433220063,9.492924728768312,9.410362675520895,17.967485967767967,38.0452447548782,23.446156908047527,79.30016055864314,0.0,40.09625399943438,,80.11037944753257,
2023-07-09,Ground Coffee,history,1437810.0,1393733.6627583702,9.381667787900636,9.240140195937151,25.203298992413185,37.21204733307589,20.054412675641267,77.86345867603379,0.0,73.54810815660096,,81.59234220215897,
2023-07-16,Ground Coffee,history,1061104.0,1074682.4310220398,9.62659797362035,9.772639196942444,17.54794228094377,31.71088334975525,19.083865549476226,80.29443736610425,0.0,64.65504571813938,,81.16496403969586,
2023-07-23,Ground Coffee,history,1186663.0,1138631.098502427,9.48275546625179,9.57810441914111,17.45716894922875,40.63251377382279,17.14975932977049,78.41709957032857,0.0,78.46942148167385,,80.56987251243564,
2023-07-30,Ground Coffee,history,1059074.0,1044499.7933539846,9.642221479743784,9.721670074150614,14.354889232975076,39.16564466121137,14.861579447555846,78.64695583380454,71.51825025518255,85.74051312635143,,80.02480655989163,
2023-08-06,Ground Coffee,history,1261956.0,1274406.0337307982,9.57304638673011,9.123133740494913,22.669416492264595,28.018990220953047,27.922761493518873,77.69861167131614,0.0,57.70741617195748,,81.19231479198794,
2023-08-13,Ground Coffee,history,954885.0,980031.0504842428,9.683787387756723,9.610003490349122,15.52294806510963,32.15263408923925,13.791704534899043,77.92291951258939,80.15667355932167,55.14365647432628,,81.46808597231951,
2023-08-20,Ground Coffee,history,1034135.0,1001402.8178047307,9.550552430541082,9.619480589784482,15.775360299060898,38.4768469554733,10.744116522214792,79.58167627633858,107.89122792309476,0.0,,80.44173608427003,
2023-08-27,Ground Coffee,history,858496.0,826668.5998156645,9.850095657604369,9.557334131579813,15.36273766762482,24.487378931121683,12.171556512376323,78.85994431348688,0.0,101.57969636588253,,82.03697865495275,
2023-09-03,Ground Coffee,history,936386.0,906991.4201512202,9.917473229841598,9.65619201430522,19.744649323132876,26.5804203229621,11.51909494171619,80.28256432542031,0.0,62.16215217148189,,81.41811326706994,
2023-09-10,Ground Coffee,history,938446.0,940580.2212218919,9.879102907546638,9.669836264164283,17.336005523490645,27.517944664843053,19.453069538568823,78.88445844965628,0.0,62.795328009985376,,83.35033218604883,
2023-09-17,Ground Coffee,history,1129470.0,1181411.614819293,9.500292601836966,9.53382626616692,20.02566527239751,41.446038882011266,17.681773399355222,78.84536700613536,0.0,36.37688638196325,,81.37145143422492,
2023-09-24,Ground Coffee,history,877674.0,929364.4105523302,9.754502041125154,9.443298687283065,13.87790233963611,32.52956548051954,18.32433072846692,78.57361427042672,33.488061422866785,95.97542729375628,,82.65448831807383,
2023-10-01,Ground Coffee,history,1470011.0,1490893.7289378156,9.446776884977057,9.872498675626575,24.485997103622587,34.45156729465591,27.919265919649973,80.24335584799397,0.0,46.41150594482734,,83.40240936850219,
2023-10-08,Ground Coffee,history,896416.0,899482.5852261087,9.8361377656074,10.07599508971832,17.1204201845586,28.85695935926422,14.143659705723817,79.57035204929734,0.0,55.477536348707574,,83.55671784431773,
2023-10-15,Ground Coffee,history,1667864.0,1655061.5013990426,9.377367894500358,9.96567434267654,25.53903608363823,31.807711053105265,27.794845818477025,80.62010885855892,70.76589771770666,75.49064719895435,,82.3970637286763,
2023-10-22,Ground Coffee,history,1109208.0,1136590.6082787057,9.744791252986897,9.718100601989184,19.36099551636326,30.526175120035337,16.279394143627226,80.26058155162545,45.55737470078593,45.6084421837234,,83.83074829927585,
2023-10-29,Ground Coffee,history,1138868.0,1194346.4117041577,9.659895059444038,9.39111587700815,20.175148851341447,35.23802066202031,14.500581474102132,81.26211105784871,0.0,61.37169454548808,,84.47593370864314,
2023-11-05,Ground Coffee,history,1104741.0,1157613.8438819414,9.806329324144947,10.07864184293456,17.627670156079326,26.984686296856346,25.688639103292527,81.09557207098841,0.0,60.675981643165535,,85.9091980743163,
2023-11-12,Ground Coffee,history,1358170.0,1387998.9750251574,9.516858169909703,10.196428074240348,20.310211479677506,37.301372499369336,12.25406657997555,79.93943241684248,52.58766989664636,73.564261072046,,84.99625849093209,
2023-11-19,Ground Coffee,history,1157447.0,1204135.824911223,9.78447980300662,9.318670923657196,19.403219930581557,26.632509480996383,19.73673644498708,80.75836555537491,0.0,85.18811891356863,,85.26356073272406,
2023-11-26,Ground Coffee,history,1611930.0,1674753.1187728588,9.616986604937612,9.193659069558253,24.933242696521795,28.539273282245414,28.954962115742124,81.94679435312041,0.0,30.084304023945325,,86.54559455185677,
2023-12-03,Ground Coffee,history,2171736.0,2297139.9868395687,9.161961860204295,9.23131330958186,26.125396570057124,43.62475424930642,30.55776507414923,81.43703986948282,0.0,68.42076713534703,,85.89360982614991,
2023-12-10,Ground Coffee,history,1515704.0,1591939.6963169866,9.64398807954512,10.1502100386409,17.236670779534364,39.46262181140786,15.12666624523065,83.82525243709493,127.23959243200206,128.2137538590818,,87.2195082844071,
2023-12-17,Ground Coffee,history,1833434.0,1835645.8434312514,9.564912609212788,9.944344129648009,19.996553197075116,36.514743763830054,26.36751741172934,82.59910742469826,0.0,50.71599112153058,,86.44887049099735,
2023-12-24,Ground Coffee,history,2270006.0,2286275.1631402224,9.346529525465934,9.465405841466962,27.730970855587433,39.84409218769964,20.37935901220772,81.52420271710108,0.0,0.0,,88.46585908039776,
2023-12-31,Ground Coffee,history,1238384.0,1278452.3737973424,9.839855545721178,9.45038088408741,16.6167133155317,33.151072194984614,12.057631619120745,81.36487564930027,0.0,44.19920735317272,,87.9319187380164,
2024-01-07,Ground Coffee,history,1376342.0,1390590.0146764116,9.760374533211564,9.438808809155692,16.587521949631018,34.74125391354925,16.63508674699919,81.75456357247295,0.0,45.04788720915233,,87.33127593447433,
2024-01-14,Ground Coffee,history,1234644.0,1259424.2089874598,9.943827610064712,9.7886799124159,19.685806168881314,23.196681190992603,16.501528942959236,82.89100689757814,40.09924907255516,50.99102036521237,,89.78275644677238,
2024-01-21,Ground Coffee,history,1531159.0,1480277.4514557158,9.84490211896694,9.637602045768034,17.90718540350749,30.198125326708524,31.12184661018881,82.0411479307077,0.0,60.13785249760303,,90.14685653589522,
2024-01-28,Ground Coffee,history,1154960.0,1204679.588342536,9.770352459972973,9.724468219405765,15.025761656635396,38.147338780225226,17.605206381140512,81.05400756439984,0.0,0.0,,89.83380523869856,
2024-02-04,Ground Coffee,history,1273530.0,1222920.4435518114,9.86321030479917,9.508832965915778,18.233509664257884,31.677197525667204,20.127864881259597,82.44781437433616,0.0,41.21152056704703,,92.41964193304612,
2024-02-11,Ground Coffee,history,1311503.0,1282077.0833202475,9.909831073479644,10.663795727681094,18.06135841564248,36.20714191971739,17.529853793729384,80.73838823127475,0.0,92.26684305346106,,90.25786690132654,
2024-02-18,Ground Coffee,history,1324030.0,1298304.7340403441,9.73787400093434,10.18506570017321,20.243894939304617,39.46778234698559,13.155569733265056,82.8869064735677,0.0,46.020165605890185,,92.28628793510852,
2024-02-25,Ground Coffee,history,1259750.0,1243670.2058443853,9.823643979524672,10.015774261713828,19.754476611703588,38.387812697950665,16.689789551534247,83.40509475444777,0.0,43.83981759572568,,93.60114224391504,
2024-03-03,Ground Coffee,history,1098034.0,1031190.5268164731,9.7401378001765,9.427029530577537,18.16938966058666,37.72678876074905,12.970827898070343,85.1488405597207,0.0,0.0,,92.63034720971726,
2024-03-10,Ground Coffee,history,836607.0,849713.8969103041,9.942637718587912,9.310203924636664,17.44328445661779,32.633870373205184,11.191040030435238,82.23078417451197,0.0,28.976761326573666,,92.51290250608804,
2024-03-17,Ground Coffee,history,1208112.0,1201315.9257399132,9.862522808240897,9.575756837428266,16.571331124401535,32.2277025156996,20.695809409808906,82.0277239108802,60.88384650957589,81.6081565701658,,93.59378995577292,
2024-03-24,Ground Coffee,history,1797915.0,1894267.1715431286,9.500134025312306,9.312329579941178,22.758855218740756,47.158231800101746,40.25452164492261,80.98450851958545,0.0,46.67341268107199,,93.55866064161698,
2024-03-31,Ground Coffee,history,1230818.0,1229389.6711576958,9.90045678567217,9.793534527307274,16.175414363146874,35.763306004120174,23.389691616705964,84.65502839608428,0.0,102.32878566658567,,94.50439653851932,
2024-04-07,Ground Coffee,history,1410912.0,1387074.274718261,9.74347368046079,9.77031662361499,24.155969596740302,32.056777528676655,18.445852138895564,82.72245763765709,0.0,83.97291354885259,,96.73613567181104,
2024-04-14,Ground Coffee,history,1087763.0,1079342.5470849355,9.816010002718508,9.806494440790011,19.373506435025337,34.51444613483356,11.860721674638764,84.34463891671453,0.0,48.69074066218355,,94.04926986155716,
2024-04-21,Ground Coffee,history,1307327.0,1265685.184062852,9.591748606829544,9.345706754487232,20.65132681804033,46.136468035590134,15.121580294179823,83.82456318936384,0.0,59.050117705149866,,95.29214618858684,
2024-04-28,Ground Coffee,history,1424623.0,1397626.9926561262,9.641313506492068,9.56471415955555,24.244350163785484,31.788310887915195,14.916110309790843,85.66116935303593,81.2299515004269,55.39158349817938,,95.76010923972896,
2024-05-05,Ground Coffee,history,977458.0,969178.3821483724,10.204153313462896,9.669051138958556,16.982752921886895,27.878369629469017,19.066295050493096,81.20817914782104,0.0,68.40370286938074,,96.89738075854284,
2024-05-12,Ground Coffee,history,1044625.0,1025527.6534215471,9.942281054624736,9.57218405938202,12.82419757132334,34.476100545560485,27.093715233745268,84.8771540187462,0.0,65.18711756352411,,96.8529545254208,
2024-05-19,Ground Coffee,history,1015437.0,937996.4702252664,10.188702273403797,9.703303009479562,16.50667394253651,25.324987100792583,23.209100584608507,86.55865548408714,0.0,77.46653606968525,,96.14681754846082,
2024-05-26,Ground Coffee,history,1098888.0,1101327.4674613015,9.844206410983317,9.299590275607,22.09157574666382,28.754441825940383,13.576987263131834,85.07886554145868,21.761241866783227,42.23867567534203,,97.13993264887728,
2024-06-02,Ground Coffee,history,953689.0,954258.0166850792,10.04566182480358,9.81865647072612,14.168191445119868,32.21585791755364,21.519099738752267,85.70301845834224,0.0,56.677677342553,,96.32842582137256,
2024-06-09,Ground Coffee,history,1186986.0,1154945.479998332,9.707231039530928,9.4615656182161,16.186755084936166,47.605054227127034,17.627616594251336,85.96339775129535,0.0,36.16459347180614,,99.3707320126854,
2024-06-16,Ground Coffee,history,1110343.0,1130343.5539151223,9.889438218217624,9.837422727515746,21.02204265215324,34.897309690438675,18.24581353079526,84.42694496624829,0.0,55.3597325402938,,98.01224786271692,
2024-06-23,Ground Coffee,history,1107906.0,1115218.2799059534,9.932346784783755,9.941182277655876,21.387885593396412,28.134403337776728,21.635861659182257,86.02519495423306,0.0,92.23849207878284,,98.81316920422312,
2024-06-30,Ground Coffee,history,1594223.0,1592820.1828432535,9.532475736117682,9.526889545374583,22.176643459738894,45.96056783415299,19.39908530039294,86.79119129956642,67.26033890856272,78.17254112727522,,99.28242861244377,
2024-07-07,Ground Coffee,history,1328595.0,1202417.5704210505,10.046136238726442,9.896889361922376,17.740645049153393,41.48339274259896,18.73617655964747,87.61608837303203,65.45860874370078,34.75869242952378,,98.93386851932208,
2024-07-14,Ground Coffee,history,1404252.0,1453575.1683106031,9.93990657125614,9.991060532340173,22.859329927021843,32.73627064932178,30.24908569659552,84.26701210072119,0.0,55.72134697979583,,100.46411349766426,
2024-07-21,Ground Coffee,history,1120967.0,1072024.832674127,10.226107812314533,9.303579967510672,19.383894024133895,30.62059396080665,20.43621147540732,84.63612470368216,0.0,109.24516691121836,,99.29851043538385,
2024-07-28,Ground Coffee,history,1069996.0,1025491.4381718595,9.851597449402869,9.472616448503596,13.156165609510538,46.239381756404114,18.099928486069196,84.9666477890045,0.0,0.0,,99.94817271372568,
2024-08-04,Ground Coffee,history,1021958.0,930762.8190605646,10.218724687226215,10.31710835435182,14.377205768295749,27.455356661133216,14.781219590912158,87.2004166988796,86.08019776443633,83.58502361371796,,99.6082360351417,
2024-08-11,Ground Coffee,history,966767.0,1002483.991775818,10.190788869739752,10.007510150875351,17.31763428749681,29.664251482318814,16.38231116785738,84.55864119747748,0.0,46.80907866251106,,98.94561890632022,
2024-08-18,Ground Coffee,history,1272483.0,1302377.5107511051,9.831204742644166,9.391785452667255,18.36127900022627,45.9175519629091,14.650062146071797,87.58617609896021,40.919391756267686,84.17747227807938,,101.6831271954301,
2024-08-25,Ground Coffee,history,1098786.0,1095361.3731887115,10.16295149148014,10.17158934810045,16.990113172323337,29.461400972802306,18.224427081713905,87.40282864325576,140.90165190138384,37.555229082139775,,98.6902219868456,
2024-09-01,Ground Coffee,history,956803.0,930140.8702575284,10.254296350701214,10.071936202563636,14.327481802787956,26.04046635331167,18.25918870906418,86.99661946760972,0.0,84.18212081847491,,99.8734834931518,
2024-09-08,Ground Coffee,history,945293.0,966509.3960157724,10.138828704843744,9.489948391523567,18.289373896089984,22.49799412670787,15.808482301088906,86.31375940323107,38.22446904171259,70.0975063507133,,100.84215198213798,
2024-09-15,Ground Coffee,history,1286892.0,1365125.0859969328,9.702749624462513,10.024965815180916,24.443250891919547,27.78218520328386,18.0472683349614,85.10919023775918,0.0,53.5443245860256,,100.2439585843997,
2024-09-22,Ground Coffee,history,1047990.0,1065708.9623364678,10.042285764219928,10.262087889303483,17.796732093747057,33.08710563679807,15.4400379599043,85.50330512733285,0.0,67.57939318234885,,98.82862656078296,
2024-09-29,Ground Coffee,history,1139390.0,1149828.0806289716,10.103212250585807,10.154670024217069,22.278070537268366,27.404211712803967,21.021679525325823,88.4873475778767,0.0,35.542232562350016,,103.37732331010878,
2024-10-06,Ground Coffee,history,1007987.0,1052317.2800596645,10.015826969480102,9.78528461921539,17.290147724009184,44.41756089348325,14.57200584273507,85.92931351541844,0.0,44.38802976825848,,100.44612384256686,
2024-10-13,Ground Coffee,history,974750.0,1042804.92201204,10.116651498086506,9.915962216329444,16.026718776019678,32.46520149602468,14.957865144053816,85.97267987616758,107.19476354860694,53.2077607657105,,101.03073685019224,
2024-10-20,Ground Coffee,history,1088005.0,1125062.0337527548,10.16541632543807,9.948253377005884,15.8338082946758,36.8643957037764,15.200328341882637,86.09211851748806,91.4679037348126,85.07985372997294,,100.6497999746882,
2024-10-27,Ground Coffee,history,973344.0,1016038.5292266244,10.109123468463473,9.584622765704705,18.14498309837242,26.368099992181765,12.03473940751065,86.6293596519285,0.0,50.629542046177704,,102.76080956905156,
2024-11-03,Ground Coffee,history,989517.0,1030109.626397348,10.382500657203924,10.497724583243684,15.576391128331236,26.807912103257863,18.14204273621144,85.48746690067532,78.65592436421858,48.52674738029695,,100.09672501379708,
2024-11-10,Ground Coffee,history,1426936.0,1539801.2560114868,9.79125269726026,10.061046245195636,20.70801697767912,36.34729776841111,16.278547838307258,87.09848140814397,45.19260470263878,78.69477180073058,,100.23447370854856,
2024-11-17,Ground Coffee,history,1511802.0,1596916.561896753,9.9220144416502,9.73920550333574,30.39067123125388,25.38551908678262,18.98064816186129,87.39589763141613,0.0,34.35933703811559,,100.48320131340375,
2024-11-24,Ground Coffee,history,1532746.0,1620070.4845674925,10.016398821238106,9.83659415620486,16.39087886874353,42.2371824837569,22.46077540792695,86.62312999937005,72.79191960972972,65.14653575807485,,102.17661673439387,
2024-12-01,Ground Coffee,history,2176601.0,2285001.983246233,9.55200024287412,9.679144259358775,24.331329041400476,45.27234494281611,17.01380555715193,89.54617684476457,64.87140505648513,74.30339511797928,,102.82565603030648,
2024-12-08,Ground Coffee,history,2636093.0,2813125.0365679557,9.192251233307909,9.292675679133104,28.43682710138209,49.05500854493746,28.69510782431442,87.39983770898318,0.0,63.052532556976985,,101.70077413900631,
2024-12-15,Ground Coffee,history,1699502.0,1804964.0233262358,9.787978542674557,10.290481197359872,24.89572924560255,33.12638471528463,17.52485377887295,86.46465471943718,0.0,43.75004056921544,,101.1660044196916,
2024-12-22,Ground Coffee,history,1175198.0,1179131.6457032529,10.238159578938074,10.109923197480787,15.719087407793117,26.59309322402294,11.635254702391313,87.29679238832814,0.0,41.85729304038854,,101.39277536997956,
2024-12-29,Ground Coffee,history,1609625.0,1525181.0774573165,10.154305250042254,9.99390576633585,19.09697188021403,26.65026670598556,23.3247203520867,88.63799063656027,0.0,56.482059130372605,,102.130926479679,
2025-01-05,Ground Coffee,history,1405562.0,1437681.4723793105,10.12189299614804,10.04716069384324,17.833849899684314,29.988694000196716,17.05283307949141,87.14086772480667,0.0,78.75115608492435,,102.33179400676428,
2025-01-12,Ground Coffee,history,1637780.0,1655549.9617961978,10.062578341257652,10.203808622389646,16.72339914105453,40.0114988210037,19.33510164726193,87.81574258167622,74.82633978763289,90.95212218966472,,102.88523903355544,
2025-01-19,Ground Coffee,history,1235353.0,1294734.1947398668,10.114622032855555,10.27830997517389,19.654483873985345,26.61064240168763,11.755821122496458,89.33360081622484,0.0,0.0,,102.74217992622992,
2025-01-26,Ground Coffee,history,1499970.0,1487521.5741862399,10.073609421956544,10.653738017758958,16.163487792518385,31.889220586389985,18.31700225599115,88.08772735619377,113.11157077890752,69.16977239372258,,100.71507101083364,
2025-02-02,Ground Coffee,history,1279364.0,1269490.564096133,10.149013344717565,9.949741419480176,17.150067221154174,29.391631456873423,14.26776156394659,87.02625283251895,0.0,49.72865486192215,,101.37141410970028,
2025-02-09,Ground Coffee,history,1303039.0,1356478.576156697,10.056293315226682,9.846863959270772,13.568487448473526,38.24231560499254,19.970431731275692,89.32910322343393,50.520931209553865,56.24258834364799,,102.33145882666392,
2025-02-16,Ground Coffee,history,1484974.0,1503331.0109355238,9.899659215155603,10.09510436206794,16.65950575598613,33.009584652722694,26.446004190436277,88.47275331877162,0.0,33.30849695203713,,102.5579714781827,
2025-02-23,Ground Coffee,history,1074538.0,1124775.7131484076,10.175778362067344,9.764982059454033,19.51443073639177,26.534266628679713,13.664279633587052,87.2825050117353,0.0,36.94606908831899,,101.8536913181876,
2025-03-02,Ground Coffee,history,1313918.0,1416355.4227665735,10.003951383053185,9.737160976472277,22.984071528492553,29.76245799502116,22.546302580892533,88.8399282424181,0.0,37.09794034532601,,104.24911499754762,
2025-03-09,Ground Coffee,history,780233.0,892216.9724390002,10.415014932927445,10.226267365259588,17.218227957973532,26.890133164865865,9.742243784828048,87.80744238913267,0.0,78.12138361559332,,102.07534002417364,
2025-03-16,Ground Coffee,history,1092615.0,1098181.89545624,10.243763629283832,10.439829605671523,18.0503511055959,29.41883643528526,20.335831298167616,86.72124212630588,0.0,42.2539872059946,,103.06209172046772,
2025-03-23,Ground Coffee,history,1164902.0,1337308.7920367531,9.840015184016044,9.923025328570294,20.847012234269545,39.77921795235207,16.909822083715007,87.09582713499465,0.0,66.50190784437346,,105.21542463590204,
2025-03-30,Ground Coffee,history,1020807.0,1102466.4733397057,10.362103563833095,10.347237109611456,15.04293795506,27.848908916818772,21.76601061629057,88.73533745155156,62.34376506191641,62.82245362240481,,102.05706958823797,
2025-04-06,Ground Coffee,history,1368310.0,1460690.5510092725,9.897413043978208,9.333674057445728,18.538826409206873,39.369288598657995,23.74083944493265,88.54380613953563,0.0,90.3997402763469,,103.24238888318656,
2025-04-13,Ground Coffee,history,1354428.0,1472641.424975491,10.003076968027294,10.0514471239284,17.532807749783906,34.33021938921846,24.97628872298571,89.1124676371414,135.3542263287836,73.1189269388322,,103.49506810016656,
2025-04-20,Ground Coffee,history,1205015.0,1280897.241894279,9.993175472081411,10.162460014939365,16.75534497043293,43.25111440225683,12.592111244391878,90.8214143551506,0.0,71.49840867640928,,103.48428033585492,
2025-04-27,Ground Coffee,history,1053964.0,1130632.7311874304,10.220659971423265,10.2316679470026,19.731674648263095,27.967716363317944,10.914996154368335,89.84330778294458,118.66278481852687,86.42819387774428,,102.01037345740907,
2025-05-04,Ground Coffee,history,1145140.0,1052703.2830538824,10.123983964679043,9.832443051650213,16.22659176898244,31.125538745393108,13.33241339795177,88.90869060198091,0.0,50.87743019587368,,101.98349570933853,
2025-05-11,Ground Coffee,history,1131646.0,1059977.4344361506,10.188244266327365,9.806235165054211,20.075511340165026,26.227878092124545,13.75924018648232,89.38330476265405,0.0,62.68952193269315,,103.05010527612684,
2025-05-18,Ground Coffee,history,1062091.0,1027684.966726466,10.210440964677966,9.870315655121775,17.49158575990343,29.058134801853836,15.233131115635937,88.68286684711697,0.0,101.49761264029858,,103.92143009857996,
2025-05-25,Ground Coffee,history,1221324.0,1250831.6209007388,10.111380675344218,10.059769971595443,18.884003732969052,34.81468871036412,16.57926223913125,88.60017422835435,70.71027589390901,62.72416214232558,,104.14978360857856,
2025-06-01,Ground Coffee,history,1139177.0,1155696.3289709676,10.085699523824545,10.575789602537062,20.107377743082996,30.47164879791216,11.775518556988231,87.44934911784999,0.0,84.23982070570531,,103.54724366444997,
2025-06-08,Ground Coffee,history,1065758.0,1093174.6734798762,10.411658972405196,10.090232691703052,15.985155586716434,28.244881023034672,29.06436388955753,89.11664739081611,47.681397313105435,48.358558195720256,,102.07130893328834,
2025-06-15,Ground Coffee,history,1452511.0,1456743.5668350966,9.867241841322652,9.595968668462142,23.20642065441493,34.88094179517147,21.95175456610456,88.67999403541585,71.10105332516814,0.0,,104.69704709080824,
2025-06-22,Ground Coffee,history,1299829.0,1255217.3299989558,10.117647094682878,10.278855724039538,22.907435605087997,26.455585824767084,16.41168495134796,90.83411572442736,50.63957671038548,68.10228954878775,,103.1634093168841,
2025-06-29,Ground Coffee,history,1465241.0,1411136.7308563266,10.002895379763311,10.136635121086544,21.233493854049495,36.165797014434986,18.75373226984406,90.151616848963,81.94395978006688,92.90632616175913,,103.98262786102347,
2025-07-06,Ground Coffee,history,1622098.0,1578671.5337739317,9.85094804432856,10.588230844609996,22.200458453041584,39.432080771920106,17.80997647867759,90.24296017055636,74.71168995247035,75.59022640096762,,103.40645855545264,
2025-07-13,Ground Coffee,history,2031671.0,2008098.2443321762,9.354554747848368,9.816247826983153,24.406008879772713,52.96736148181554,17.938126001361276,90.4942883789278,0.0,43.6656391359756,,103.16517715547404,
2025-07-20,Ground Coffee,history,1662168.0,1627279.3340947283,9.553015462151288,9.984262457136886,21.8458405680519,51.72093072606693,13.823913459949246,89.54250592651087,0.0,43.42037927953216,,102.54289703495466,
2025-07-27,Ground Coffee,history,1157647.0,1112809.167816318,10.152453472368334,10.31675781026532,23.478265633190823,24.558742599028015,14.23254760922784,88.0355615455211,0.0,51.51419101740509,,102.57820476663044,
2025-08-03,Ground Coffee,history,1096591.0,1126101.3673942457,9.980375556718826,10.011881875158805,18.815207511547463,45.75499764202819,9.428557722729709,89.52490655679058,0.0,47.7297065988675,,102.99146516631228,
2025-08-10,Ground Coffee,history,1205927.0,1188162.371263472,10.030901738520583,9.84684433435632,24.27461189950414,26.27467986118554,20.11046519946853,89.90669785419553,0.0,42.01110543310167,,102.59880248730744,
2025-08-17,Ground Coffee,history,787857.0,781404.9523615182,10.260583223944202,10.773572417916828,14.880716656594435,24.843390615829342,10.047427283441024,90.05893854941364,0.0,64.70558549060777,,105.04483091280854,
2025-08-24,Ground Coffee,history,850327.0,846072.7217640332,10.466411854790506,9.757823872647338,17.395958291360273,24.25232751913718,20.34782911102258,89.21143044629018,0.0,63.14954508058152,,103.08885887488724,
2025-08-31,Ground Coffee,history,1224578.0,1149307.4434111554,10.326728028597026,10.50587333337528,19.120635069924138,29.100369910512075,16.265356908389027,88.6601159863792,123.51713746234282,61.69619993276215,,103.0112905040354,
2025-09-07,Ground Coffee,history,1070868.0,1022840.7543880097,10.438932830119652,10.115734967961554,18.72459197809011,24.866946658345345,14.78083503955401,90.79643615013909,53.463672913585626,76.19256895995031,,103.89953609800703,
2025-09-14,Ground Coffee,history,1097402.0,1024445.6179293821,10.126550576743576,10.172628347401645,19.0351909516979,24.18018552284544,12.14690033613046,90.12218672811466,0.0,53.40969313885947,,102.59878390862444,
2025-09-21,Ground Coffee,history,968445.0,896407.1251286631,10.220322256549268,9.689528052101023,13.52167022832758,35.74664512300301,11.69562650675916,88.88666066246775,0.0,62.93422439744195,,104.2825862668427,
2025-09-28,Ground Coffee,history,1101214.0,990399.1627240046,10.343457349666908,10.299578935333203,16.22036349326508,27.0368181180802,20.806076412061483,89.63663470219542,0.0,68.0938772292733,,103.71031449013316,
2025-10-05,Ground Coffee,history,1566608.0,1481248.1480041784,9.589611420375263,9.74985329199528,25.981392693876103,42.43190784874045,11.322494001793968,88.62925240827434,0.0,53.77046037250331,,104.25608725657834,
2025-10-12,Ground Coffee,history,1210311.0,1098765.0666082224,10.124143616596362,10.240572965128615,20.439626047024557,32.982035541515486,12.914352445959173,90.5234543425542,0.0,74.02930266261451,,103.7789063662688,
2025-10-19,Ground Coffee,history,1056130.0,943886.9577445268,10.377922796950314,9.89328169643899,20.30059288965176,26.22655503958906,7.735633972215525,90.11339797863737,49.07532905606122,58.55299865242609,,105.16789313744664,
2025-10-26,Ground Coffee,history,1428803.0,1304783.3558181776,9.976894787084245,9.809240076264787,19.172962080520968,42.28804856535852,13.139695680186971,91.12267547209773,0.0,57.66692672590695,,103.777350896184,
2025-11-02,Ground Coffee,history,1123622.0,1095801.4276154514,10.398960194052984,10.08628423246084,16.940553884040952,26.360995879720704,18.50980856220252,88.63737717002685,61.34364914328074,65.81855705263668,,105.1492996019934,
2025-11-09,Ground Coffee,history,2026994.0,1806500.2497481366,9.859280735345823,9.78358744078144,20.69057561993603,45.97650637968022,26.01209591753059,92.02567528736223,0.0,73.67003204843319,,105.76402730904576,
2025-11-16,Ground Coffee,history,1567507.0,1426520.9546161653,10.313505091197696,10.014173690346531,18.59606323520679,30.121431739376032,27.54896233799572,88.39035345703911,81.26897544681316,63.91494410849953,,105.4408671059182,
2025-11-23,Ground Coffee,history,2207904.0,2114089.2284363382,9.814179616510186,9.693278437049802,18.99643549577719,52.67214182235257,29.25367912317279,89.28380458575133,0.0,56.67704914687844,,103.69524636164743,
2025-11-30,Ground Coffee,history,2781157.0,2621650.908947654,9.518676714534497,9.843638358496316,22.698268410867858,56.534720410317696,21.630401228083645,90.13138240385972,77.74938205241368,67.46613814117025,,105.9499095163308,
2025-12-07,Ground Coffee,history,1856408.0,1814097.135504197,9.84552318490476,9.64638831473609,20.874923809046837,42.86077570401597,14.635354454403272,89.90644748543546,0.0,140.97707581973674,,104.1216360810559,
2025-12-14,Ground Coffee,history,1252168.0,1185098.848148678,10.317241431381255,9.604830539543206,17.10374358471933,25.79874107633387,16.11006733373382,90.6734756687666,0.0,0.0,,105.08479803932664,
2025-12-21,Ground Coffee,history,1864200.0,1759651.913215606,10.239735686408396,10.430783771312893,19.098509900079787,34.988552998858104,16.209589381752487,90.55465175240909,110.74321735773184,35.766143346016584,,103.95173673668076,
2025-12-28,Ground Coffee,history,1437864.0,1455849.4169657305,10.379987371749346,9.473719374620476,16.54053142971935,31.81425254930064,12.48408386613607,88.64649301370609,94.58058680758886,100.70319005642672,,104.93614353375617,
2026-01-04,Ground Coffee,history,1333548.0,1342130.9693537103,10.450562398156132,10.33525886845098,16.63317240403327,23.044427246266505,12.712151323527658,90.26494094125611,0.0,74.50322375060193,,104.54014442201964,
2026-01-11,Ground Coffee,history,1459876.0,1480950.428605761,10.372204826931448,10.352559259408704,20.000126540674895,26.697993548071157,14.936726144288192,91.71738174362387,61.53999110745371,71.2324326790026,,104.3532980875067,
2026-01-18,Ground Coffee,history,1183372.0,1132666.1468506735,10.625163189210763,10.083895822407383,16.79490571460988,18.562360658347934,19.006269445807455,91.91719239978522,0.0,75.02046649195837,,102.81473525295796,
2026-01-25,Ground Coffee,history,1572212.0,1611318.2796156686,10.16523260587952,10.921515110283485,15.68057969080329,35.14121349384494,20.184557486664247,90.18140256786984,65.56462175640338,69.41128279629856,,102.67187621730882,
2026-02-01,Ground Coffee,history,1422572.0,1474551.272982029,10.25622622658501,9.923185364362446,22.468644544947956,25.80676170116737,15.738094389374714,89.00574640980216,0.0,75.14837178426323,,105.68251692999462,
2026-02-08,Ground Coffee,history,1303248.0,1330613.9821856585,10.305479757625282,10.228486053769636,14.161236307998749,39.89754834642148,15.897387623399627,89.76833756550052,33.70078970393104,49.69566749220984,,106.25204736527742,
2026-02-15,Ground Coffee,history,1487006.0,1571956.5081345167,10.166075275473307,10.655683777857082,19.09350184634138,36.23566561378636,11.569179739327474,90.6358068225572,104.39407016017496,144.32487727752326,,105.14220079397356,
2026-02-22,Ground Coffee,history,1239155.0,1258658.0262805736,10.550776188441072,9.564584567468351,19.530823851386867,25.861802773789694,15.9429964446983,90.43550631792924,41.91497518543785,111.06403461678792,,104.81988395744357,
2026-03-01,Ground Coffee,history,1248595.0,1179919.1724707626,10.447239597336992,10.558528332793747,14.73730407390077,29.145185975032337,20.66271838962769,91.3664654018046,0.0,0.0,,104.38453451410136,
2026-03-08,Ground Coffee,history,1679371.0,1647876.5301371333,10.0026157831668,10.163066147062102,23.24543942412112,36.60110816296876,15.33727478912952,90.72769345384664,34.07441392542627,86.02421676530854,,102.925196547867,
2026-03-15,Ground Coffee,history,1395242.0,1321733.041267446,10.398289591021705,10.731838533706698,17.954192224825153,32.70139095014437,21.500329561674455,89.49291340905037,0.0,69.90739618029583,,104.4964066657824,
2026-03-22,Ground Coffee,history,1434762.0,1439170.8383543282,10.09436450582214,9.50916148643635,21.491441609453823,41.55010366842585,16.168199949085036,89.19206429809373,60.551509544788594,0.0,,103.14991967695468,
2026-03-29,Ground Coffee,history,1369449.0,1333797.9786755897,10.42775521234649,10.150630735449258,18.31254778624424,31.14439991633671,26.127364200304132,90.04225509328073,74.88440698205815,53.95994065070956,,104.23100909146498,
2026-04-05,Ground Coffee,history,1226629.0,1221918.3599294806,10.174380553779178,10.285921903922947,16.979431485745526,37.97731092236536,10.64670706828694,89.60295601590941,86.53742145460461,37.75955021542867,,107.04826847111262,
2026-04-12,Ground Coffee,history,1349254.0,1337166.016236543,10.434011941164414,10.106500929905836,18.328614068201265,34.39239600946097,24.011738509543687,90.48767201414574,0.0,85.05793604356506,,106.91527090532917,
2026-04-19,Ground Coffee,history,1074699.0,1129290.7443782773,10.451726065143257,9.649134330653052,17.395907728803262,31.388875115888247,19.65255268634593,89.34164051593467,64.87049166874506,37.18559006943059,,105.84734659595186,
2026-04-26,Ground Coffee,history,1343115.0,1355690.4646250573,10.213045829457505,10.267318244641364,19.51390059141147,38.6661191728381,16.15362015643983,90.91578835619907,0.0,116.20379367615192,,103.8481941534157,
2026-05-03,Ground Coffee,history,1213317.0,1276236.4613995394,9.94015289866667,10.402712194701092,20.381150505051096,29.802585228836396,13.685972812460506,91.11643758749206,0.0,45.59659914020738,,105.38131191676167,
2026-05-10,Ground Coffee,history,882674.0,905599.5930510153,10.443177946936247,9.9673414825919,18.02583642437672,24.849348103016627,12.80570308032608,90.11576516730074,0.0,52.55602833440737,,104.46938611824604,
2026-05-17,Ground Coffee,history,1208796.0,1257299.3735503794,10.20133742460075,10.101680143101255,23.6911937437382,29.47041441787645,10.649848192858366,90.6789177973244,108.25990216835972,86.93136640012695,,103.5156690853103,
2026-05-24,Ground Coffee,history,1261181.0,1348335.0188793645,10.084939363244716,9.953812803669662,21.226626188830917,33.83874073278159,16.34734914396786,91.62971142020484,0.0,62.02279280121435,,104.50102957877633,
2026-05-31,Ground Coffee,history,1131011.0,1166704.784982145,10.378031353663689,10.210264496752409,18.94090519658507,29.62944514834434,21.6773062312901,90.05039351121926,0.0,61.49642005438454,,105.30986459185095,
2026-06-07,Ground Coffee,history,1171341.0,1151174.9582724008,10.277239922392852,10.270799124923418,16.488274214843187,38.04591473235593,17.786178966991987,91.27921687812494,0.0,94.2097054622976,,103.80108177051312,
2026-06-14,Ground Coffee,history,1412144.0,1406166.1594599357,10.22512142904986,10.548400090342287,23.594963723998912,34.144658828577214,26.45365640612619,88.23570951357381,0.0,40.42054172000171,,105.36649898832688,
2026-06-21,Ground Coffee,history,1871133.0,1795900.131205343,9.810889248948646,10.177289244100407,30.05374312171592,37.25809652748869,17.190662607095025,90.8468105393739,48.80971305931006,57.37042721478862,,105.035803684003,
2026-06-28,Ground Coffee,history,1133854.0,1110750.0871070216,10.416299380460666,10.473310629720658,22.11479103695556,27.389480638577695,16.841478512161874,90.83852067360252,0.0,49.10264348341157,,104.40451372917164,
2026-07-05,Ground Coffee,history,1461792.0,1525929.1835671149,9.94562911002883,9.8293231261705,23.166995738119628,49.32940940204128,19.67162431811908,89.41613631001582,0.0,59.803321915969455,,106.71626447361471,
2026-07-12,Ground Coffee,history,1261361.0,1274507.0553052933,10.205422112753944,10.296860548953372,18.30687204579724,44.28916650127271,19.224870484480803,92.56173319194254,0.0,52.39441666495561,,107.1745949273087,
2026-07-19,Ground Coffee,history,996014.0,1008430.2946350821,10.290191613611931,10.2449155593316,15.539034033214367,28.49560688051013,25.327929724444893,90.24842094595624,0.0,42.91162316064014,,104.34558933098138,
2026-07-26,Ground Coffee,history,1400523.0,1414991.2428495863,10.150619387711544,10.023847051808715,22.319685719117334,40.25537956641966,14.26293724549561,92.3091981218023,75.66774035740762,54.26269216143339,,106.82838109908867,
2026-08-02,Ground Coffee,history,1202380.0,1212894.1419336929,10.55838076770956,10.135022654685349,18.56083046841435,31.48171935402903,30.111082741825022,89.91814900046737,0.0,53.46194897189754,,106.20513567306249,
2026-08-09,Ground Coffee,history,979089.0,1088978.3955962728,10.36452893973738,10.075665309939172,18.704783807542576,29.128994554430225,17.93196080384139,90.21564970341102,56.06972559559573,0.0,,105.17636577937668,
2026-08-16,Ground Coffee,forecast,,1081699.8497088272,10.440094378503286,10.191096608844704,17.675789850728115,30.188355050926706,16.151433689359507,90.7716255863621,50.23490575593407,60.423476780723476,,105.44921398736795,
2026-08-23,Ground Coffee,forecast,,1067893.6573846,10.470055406369886,10.189148408317463,17.695608324899545,29.038406593047256,15.201563559180164,91.0657302596915,49.460430626872224,66.9515208701572,,105.4420009285823,
2026-08-30,Ground Coffee,forecast,,1049195.5000477463,10.492156379828929,10.221510097810942,17.570821905078667,28.27972141904018,14.79762884935938,91.09512287948442,40.078205946400935,70.80662143333231,,105.41371334278061,
2026-09-06,Ground Coffee,forecast,,1033499.1531416869,10.499182724154831,10.274182286626369,17.421038474320106,27.720574529071904,15.05323723652413,90.84626581783735,25.884586172786555,70.59983028762917,,105.43365811237608,
2026-09-13,Ground Coffee,forecast,,1035091.493306355,10.47491093845443,10.313451863391517,17.528194275310266,27.67213082841057,15.719380220391194,90.52004784353194,13.184941288733903,67.37853515104881,,105.54325644758725,
2026-09-20,Ground Coffee,forecast,,1067203.1689934125,10.41074551054357,10.312015119111773,18.05156940535159,28.689111692120505,16.33184193766937,90.3788073325965,7.36475988307323,63.507858591788896,,105.71334579494996,
2026-09-27,Ground Coffee,forecast,,1133359.0813774457,10.32280869492782,10.27264418046902,18.81488131305331,30.9003712492552,16.5098833100101,90.54254976864802,10.025902876388546,60.88316804018011,,105.86907728373917,
2026-10-04,Ground Coffee,forecast,,1211503.1086069092,10.251755370344855,10.228465254088269,19.36804461602762,33.56604930102413,16.188281678686778,90.89573321475119,18.416664821323977,59.87587995174101,,105.9581568477457,
2026-10-11,Ground Coffee,forecast,,1252817.7954919825,10.23960009564881,10.217221082076234,19.311236699796485,35.37135556024726,15.632147161234938,91.1791606508588,27.435038024011615,59.68394178671776,,105.99726775738888,
2026-10-18,Ground Coffee,forecast,,1236081.5627187497,10.29751052008024,10.249022651482512,18.644955370721156,35.34942649943983,15.258273128700244,91.19364733869126,32.83805089631545,59.55599609396701,,106.05168469698948,
2026-10-25,Ground Coffee,forecast,,1194587.230362175,10.389512751349592,10.294301188794524,17.861336610314623,33.731224035704635,15.414727506845765,90.95332269557429,33.56244359425688,59.69050525753155,,106.1660936499901,
2026-11-01,Ground Coffee,forecast,,1191320.586443736,10.448600180437955,10.3038329052294,17.670253113275507,31.977473067859364,16.25517489196684,90.6687244745199,31.750930928899724,61.00066869761561,,106.31237758337143,
2026-11-08,Ground Coffee,forecast,,1282360.2156389127,10.41843920782372,10.246994759699174,18.52888329060905,31.84104195108631,17.726126350247014,90.57781576155566,30.689748977411167,64.00352417611802,,106.4072959077248,
2026-11-15,Ground Coffee,forecast,,1490018.952002799,10.293167527711196,10.13865619772223,20.30318004358272,34.08487676409871,19.59229032690043,90.76344528466953,32.25562183762069,67.8992150999781,,106.38901039028579,
2026-11-22,Ground Coffee,forecast,,1918452.4577037166,10.12647559312054,10.032733819378967,22.306475018657878,37.80897713904496,21.445780625204076,91.1013854757134,35.67949738590042,70.76135181343881,,106.28364723539724,
2026-11-29,Ground Coffee,forecast,,2196001.5152235967,10.001636734477632,9.986027413580732,23.693853641329184,40.93023980901648,22.741585449885733,91.37248071775687,38.368605722380224,70.79606568848419,,106.19606304145154,
2026-12-06,Ground Coffee,forecast,,2132370.9300329266,9.981751119984501,10.019278073349358,23.94171784161535,41.51160688863749,22.94980184303666,91.4393175275319,38.013727494229514,67.68008752591605,,106.22423483790399,
2026-12-13,Ground Coffee,forecast,,2028117.810333506,10.073533028324242,10.104711673253245,23.0950519849459,39.0077091789865,21.831799466390592,91.34163888440045,34.355693459079156,62.87300051392959,,106.36849411647817,
2026-12-20,Ground Coffee,forecast,,2006847.7610445477,10.22793101950219,10.188731000469204,21.646918328808653,34.56812533217195,19.687940135378273,91.23982754262374,29.363649477356393,58.619352468867724,,106.51955813721082,
2026-12-27,Ground Coffee,forecast,,1752225.8597284579,10.37451537284739,10.231385564712548,20.17867298392606,30.244996009979,17.34771920462093,91.26508962438086,25.823627440951615,56.421301891671995,,106.54628506834638,
2027-01-03,Ground Coffee,forecast,,1590914.604883859,10.463831876156098,10.232237178921276,19.035439228703225,27.729671603160636,15.796559922387296,91.4087914199036,25.474167664528952,56.17771147165094,,106.41573218930499,
2027-01-10,Ground Coffee,forecast,,1540470.1131354938,10.489243997845136,10.224291351479957,18.24309241342669,27.504634302813017,15.604425837771002,91.54240673213434,28.03323016086102,56.61145303189205,,106.2414057259043,
2027-01-17,Ground Coffee,forecast,,1400243.8284898256,10.477617483906124,10.243365167581278,17.664482113664253,28.889248789746865,16.53164326158979,91.54299922379184,31.67164728379042,56.538087592559236,,106.20760328918696,
2027-01-24,Ground Coffee,forecast,,1429268.7816030208,10.461492991484489,10.298672381817859,17.217707106793938,30.757536991701635,17.635889374223204,91.40891733259024,34.387085944944076,55.86708080180463,,106.42037505006586,
2027-01-31,Ground Coffee,forecast,,1434040.4750911135,10.45620644880815,10.367322161302937,16.96744644208075,32.28135644659108,17.87995261436562,91.26274801608915,35.17448770875165,55.51330811663015,,106.80402296687498,
2027-02-07,Ground Coffee,forecast,,1411614.075026864,10.457093698612555,10.414614206325572,17.038951605581723,33.19196846946905,16.86159914721066,91.24010356321827,34.23249331399372,56.36470718726338,,107.1350392824845,
2027-02-14,Ground Coffee,forecast,,1377135.8420777416,10.45338258283025,10.421352384276886,17.462410130776547,33.55793195561813,15.150194402488786,91.36383502660004,32.31715832801106,58.26609598400629,,107.19913911260102,
2027-02-21,Ground Coffee,forecast,,1349396.7680749528,10.442682880378019,10.395612568173341,18.101235801144654,33.47219680837935,13.955387091175623,91.51625052059643,30.004257498778827,59.952074750948,,106.95540444119361,
2027-02-28,Ground Coffee,forecast,,1341817.8040032424,10.432700859765951,10.361367646313617,18.726731088417107,33.00306362812546,14.32047704120626,91.53656223151982,27.548398758308036,60.032172144020926,,106.57868140770586,
2027-03-07,Ground Coffee,forecast,,1351493.0670536272,10.430724757638021,10.336346778537289,19.16609167142534,32.38846913369731,16.38720173153947,91.36168730592796,25.361810705464386,58.21624555017044,,106.34163284075437,
2027-03-14,Ground Coffee,forecast,,1367016.5489228661,10.433238354728179,10.319389215494095,19.392089881052456,32.13910401871899,19.24703521191041,91.08994861483616,24.491549967917685,55.74353389477541,,106.42172586660934,
2027-03-21,Ground Coffee,forecast,,1386412.8505355136,10.427323096631289,10.297444153502095,19.48508676447215,32.782027162041445,21.487616559151203,90.91192153470033,26.416858730819246,54.62348203879399,,106.77752226576487,
2027-03-28,Ground Coffee,forecast,,1409898.1332385351,10.40363013140483,10.264034274433309,19.516481353136932,34.36495966596869,22.056523477007755,90.96459058535116,32.07255923324855,56.256598766220286,,107.18538645669794,
2027-04-04,Ground Coffee,forecast,,1455069.343988541,10.368938770364297,10.230845895942291,19.46809044502695,36.17158553060273,20.855354082830623,91.22842404603715,40.74328335782855,60.47906325579766,,107.40437500115387,
2027-04-11,Ground Coffee,forecast,,1436856.3360557267,10.345581822792463,10.220790534196235,19.259608461238763,37.02063470544242,18.6917641881357,91.5490433882986,49.74779402861967,65.69842735572892,,107.34149132322491,
2027-04-18,Ground Coffee,forecast,,1376524.0039182417,10.356163554384194,10.24805812206094,18.851239192022962,36.05314688322617,16.683297356557993,91.76019255443921,55.388856528771676,69.9150180960247,,107.09590844448124,
2027-04-25,Ground Coffee,forecast,,1261676.4386213992,10.405201844128847,10.30292308180544,18.31978558681528,33.44514363105078,15.571939767531866,91.80318730298302,54.785826003089085,71.79896211083782,,106.86052148701367,
2027-05-02,Ground Coffee,forecast,,1178290.3211647721,10.472870247469181,10.355514404356777,17.835027323285225,30.448619265709755,15.413789561648004,91.74791715003957,47.55068950383012,71.09982056833816,,106.76970292659588,
2027-05-09,Ground Coffee,forecast,,1122807.8365600943,10.526595430195863,10.376548073953472,17.558368220238293,28.643395967925986,15.781095517241713,91.70951633534199,36.277147584792054,68.33175950814942,,106.81558667011835,
2027-05-16,Ground Coffee,forecast,,1108062.2121584772,10.541845262317691,10.358343852661102,17.55624434728461,28.90910070024926,16.22873933177084,91.74320754022969,25.47681744338694,64.26416207595146,,106.88957586483642,
2027-05-23,Ground Coffee,forecast,,1130035.3210400234,10.516261326958965,10.319069210231438,17.80094578280954,30.879559769814907,16.628185687844013,91.81113055010664,19.478592074780515,59.74383337470913,,106.89994921318926,
2027-05-30,Ground Coffee,forecast,,1177433.4996215405,10.467248007622706,10.287299247477723,18.24228975515707,33.28934099247373,17.14406565427809,91.84274280285717,20.371442431160467,55.849967372470225,,106.858751753661,
2027-06-06,Ground Coffee,forecast,,1240829.186331376,10.416829840334485,10.280300583010629,18.862611791837956,34.931860984199076,17.949176689056646,91.82227049357805,27.029653783552636,53.902019906552624,,106.8657336496266,
2027-06-13,Ground Coffee,forecast,,1311062.3876000375,10.377228093080452,10.293908683152273,19.64619399873868,35.47772508998849,18.971347159611117,91.81317668125743,35.69538748320586,54.92137115057555,,107.00968121349925,
2027-06-20,Ground Coffee,forecast,,1380213.3549598441,10.348310716659796,10.310985647714842,20.488328705627133,35.535563073995775,19.895915345899752,91.89179583473071,41.83572666540242,58.756990669771184,,107.27749461199062,
2027-06-27,Ground Coffee,forecast,,1439625.3210882489,10.32655826868112,10.319138005568051,21.14852735435036,35.963479697371476,20.398572342660664,92.05277480242205,42.396060623690964,63.64167109679496,,107.55115798102436,
2027-07-04,Ground Coffee,forecast,,1420638.7685033414,10.315048487556224,10.321059164655745,21.333273819492355,37.03936883705928,20.382894186070022,92.18313793125013,37.37189731578438,66.84297574552167,,107.69478272703775,
2027-07-11,Ground Coffee,forecast,,1409717.423540588,10.324087092287435,10.32869859269667,20.88066444395372,38.18175894203228,20.01158341186626,92.1444222049107,29.890210167217436,66.26666893387168,,107.65718593175443,
2027-07-18,Ground Coffee,forecast,,1400729.8832820717,10.361863764575594,10.348001788610029,19.909038341769417,38.425386077864275,19.519959709882347,91.90141262879673,24.651208363868278,61.984460712592494,,107.50490431641242,
2027-07-25,Ground Coffee,forecast,,1310012.7529561438,10.424529528129648,10.369913498173373,18.790981562981482,37.2197614304214,18.997024419605395,91.58256074276157,25.398268304639913,56.487084965076015,,107.36220527580987,
2027-08-01,Ground Coffee,forecast,,1221725.7729561955,10.495939168655294,10.377413086713263,17.940614848976637,34.87091886680299,18.339619681705063,91.40467946139555,32.68731941047958,53.27331302903825,,107.3130542269217,
2027-08-08,Ground Coffee,forecast,,1155679.638829117,10.558143486166353,10.362844147452634,17.558715796162005,32.28139663033288,17.41848979106215,91.50858895244684,43.2382756141435,54.62133326933114,,107.34786697928716,
2027-08-15,Ground Coffee,forecast,,1113285.8881653151,10.603157221342578,10.33898666902889,17.53139717305312,30.255919129384544,16.29617204874988,91.83648078390057,51.42196545866882,60.08037314031644,,107.39410353972141,
2027-08-22,Ground Coffee,forecast,,1084559.269519169,10.634765340657333,10.331662089121753,17.567502437788782,28.994673290816205,15.283959281318825,92.15917602807842,52.24868260885481,66.76982139320273,,107.39558210450572,
2027-08-29,Ground Coffee,forecast,,1059970.2873893217,10.658402414806224,10.358090916642952,17.467763498087336,28.192071779808654,14.764070921011138,92.24386005368703,44.241592736287686,71.27613366266935,,107.36633000952114,
2027-09-05,Ground Coffee,forecast,,1040433.1408474663,10.66921020763594,10.409320515570018,17.303121459478547,27.589298650725098,14.910223809059483,92.03491316412493,30.47548773888396,71.78150477877855,,107.37292492466767,
2027-09-12,Ground Coffee,forecast,,1037513.7645263058,10.65165158644195,10.453564105079987,17.34524966680442,27.408106883090543,15.534509176881432,91.70219532392264,17.040916671299904,68.93938394580746,,107.4665427432891,
2027-09-19,Ground Coffee,forecast,,1064746.753095106,10.594274622116219,10.46023412046681,17.796507913491567,28.204100623826914,16.190898981650733,91.51279243171408,9.742203626599071,65.01085305262269,,107.6308080407211,
2027-09-26,Ground Coffee,forecast,,1126914.8505468313,10.508121255892508,10.425863552652704,18.54527130316041,30.23034598735689,16.461990679968448,91.6239270992609,10.97870951589783,62.089097522260516,,107.79450574336575,
2027-10-03,Ground Coffee,forecast,,1205914.6479773368,10.430576093276125,10.379445835517254,19.1720272396117,32.904629779802406,16.218121770534136,91.96058303042912,18.69357050627452,60.83206381232106,,107.89640306533471,
2027-10-10,Ground Coffee,forecast,,1255631.3700642106,10.405823901458891,10.360447580396418,19.238934015841437,34.9584559884512,15.674542241584692,92.27555782137856,27.976755353065556,60.56801390088825,,107.94027366821364,
2027-10-17,Ground Coffee,forecast,,1247478.9483516517,10.452514520519314,10.385672995279931,18.657924550344564,35.28690552020224,15.23820654991324,92.34407537845334,34.210056038627165,60.44558392792643,,107.98710603971145,
2027-10-24,Ground Coffee,forecast,,1205877.0209274974,10.542906707202093,10.432058956136558,17.84360338333515,33.87445574322244,15.282419544417753,92.13784746989228,35.686909106787844,60.474937939409,,108.09053519245525,
2027-10-31,Ground Coffee,forecast,,1191246.7269365361,10.612934397108708,10.451256715229643,17.499793448596662,32.00732685202985,15.99903768359146,91.84171197028869,34.08401174207938,61.509371447300616,,108.23645139780473,
2027-11-07,Ground Coffee,forecast,,1263105.0042831318,10.60094687988471,10.406623231950809,18.161800208712812,31.482924976375152,17.36964359924917,91.70396988346756,32.68296908994964,64.22549571882777,,108.34684995061839,
2027-11-14,Ground Coffee,forecast,,1451474.8788140893,10.49024663017227,10.304294641844796,19.810670134629902,33.31922968574596,19.190237303101817,91.84402699215784,33.75925466742054,68.08281880686995,,108.34981538649608,
2027-11-21,Ground Coffee,forecast,,1731022.9036939724,10.325070497179878,10.193271520331205,21.837234610453294,36.912348809343825,21.08314117171024,92.17046740100635,37.01326913522697,71.28547634393642,,108.25376944799282,
2027-11-28,Ground Coffee,forecast,,2163460.3289222363,10.186907323165348,10.133057386892597,23.38752138423685,40.307226983116934,22.52096176139296,92.46799174880111,40.04078305322138,71.90330307944433,,108.15420571520929,
2027-12-05,Ground Coffee,forecast,,2307678.294294008,10.145932734712032,10.152785954403079,23.852432050597738,41.43311564941771,22.953321556366785,92.57361629679345,40.320725340549345,69.28769857125653,,108.15809242733884,
2027-12-12,Ground Coffee,forecast,,2066452.3960631953,10.22007337666909,10.232591183321414,23.173932782104167,39.439642504102906,22.067549748075386,92.49526719579931,37.160830848363545,64.62027385966185,,108.28714370765006,
2027-12-19,Ground Coffee,forecast,,1850747.3691438735,10.368437183380435,10.320680559670679,21.787890170413366,35.20484128217704,20.058388814961752,92.38169108198039,32.20029211160068,60.11823802477368,,108.44765767158903,
2027-12-26,Ground Coffee,forecast,,1799618.1072882144,10.521111119896462,10.372008408165996,20.28836858137416,30.71086094041245,17.678222168054702,92.3802909620396,28.22253684268319,57.51247063155044,,108.50312983801598,
2028-01-02,Ground Coffee,forecast,,1617543.919924675,10.622421606407977,10.378548707612063,19.07702148171398,27.797746322786757,15.925078044216136,92.51010648414511,27.26398239392064,56.99416425084991,,108.39626732285501,
2028-01-09,Ground Coffee,forecast,,1548175.3309464743,10.657919454794172,10.369156384613966,18.230492597105517,27.18724543046139,15.482539639265433,92.65663518477355,29.408937418952632,57.41429862481044,,108.21646105940982,
2028-01-16,Ground Coffee,forecast,,1399183.0789037151,10.65029444241655,10.381717935851924,17.623597905155027,28.365638144468214,16.264474313344106,92.6854380464195,33.015956925506224,57.47567125821737,,108.14557206275758,
2028-01-23,Ground Coffee,forecast,,1429343.1925452012,10.63318680349648,10.431459487108627,17.15251014069836,30.22375349830626,17.42076060907614,92.56900868420784,36.00772403595997,56.86314203673217,,108.31417105525051,
2028-01-30,Ground Coffee,forecast,,1439075.8989427048,10.625853450314542,10.50031855593859,16.857624450609983,31.843976034983356,17.874131393061244,92.41350549220257,37.15431411633104,56.370263301379936,,108.68101814266674,
2028-02-06,Ground Coffee,forecast,,1420389.3268758447,10.626487755406568,10.553569143556725,16.864956494164336,32.86391211361646,17.06700485607405,92.36273377502127,36.47018575663305,56.979882667429635,,109.03992700601026,
2028-02-13,Ground Coffee,forecast,,1386545.798146222,10.62412843294121,10.567713587523134,17.230968987952085,33.31837712740217,15.400006770985605,92.46557794795072,34.674919727511785,58.762806984643454,,109.16120013752882,
2028-02-20,Ground Coffee,forecast,,1356354.2018393672,10.614309832073065,10.546188342857775,17.847334343339156,33.30943161329964,14.019895171941986,92.62536196892445,32.40894592573137,60.60341143350988,,108.96510704478463,
2028-02-27,Ground Coffee,forecast,,1345142.6822017825,10.603475233278992,10.511712972675355,18.491329244176015,32.89913680652518,14.0638151066329,92.67826368810687,29.961391105969142,61.035689262919774,,108.59246944141991,
2028-03-05,Ground Coffee,forecast,,1353202.6879266913,10.599949459101376,10.484565460527284,18.970360701511105,32.279855609998606,15.866743438675414,92.53551767208425,27.670684463741416,59.50790765750871,,108.31232735314207,
2028-03-12,Ground Coffee,forecast,,1368796.1192334876,10.602464179821228,10.467005584787914,19.23029640499119,31.920966804164042,18.685109912154765,92.26798223271679,26.45998253149513,57.010025788263256,,108.33200797998033,
2028-03-19,Ground Coffee,forecast,,1387660.0206469307,10.599051415001037,10.446856221272142,19.339978849782153,32.38090995154009,21.134660905210854,92.059708635592,27.785504108088674,55.51048166157824,,108.65142961129149,
2028-03-26,Ground Coffee,forecast,,1410799.04965623,10.578590749172795,10.41518248947953,19.380822555673845,33.82663898289577,22.04018582282023,92.06759814208742,32.769113207199815,56.61386981032127,,109.06973809982014,
2028-04-02,Ground Coffee,forecast,,1458765.0388082108,10.544538979738055,10.380369637234665,19.35193641657635,35.675202299200144,21.116325567627932,92.3024208811993,41.04659546103984,60.459760842481465,,109.33502441021746,
2028-04-09,Ground Coffee,forecast,,1446877.3424127388,10.517239982450908,10.364612056421954,19.177569216970312,36.77921472204131,19.04159450522712,92.62666721845724,50.254693924695616,65.65238398943552,,109.32013198575457,
2028-04-16,Ground Coffee,forecast,,1392857.0914049174,10.52072421476443,10.385162022824453,18.80295070798114,36.15853147190888,16.933075352755143,92.86575702111018,56.7572931118668,70.17518247685223,,109.09368543033058,
2028-04-23,Ground Coffee,forecast,,1279970.1713345621,10.563704847969433,10.436917269785623,18.282610939859765,33.77665795327389,15.637635804746028,92.93671673330412,57.38483692767675,72.52417575673044,,108.84316583081707,
2028-04-30,Ground Coffee,forecast,,1193965.961439265,10.630329722120527,10.492409221054965,17.77593646846006,30.729107918226568,15.332396852809612,92.89030131560531,51.22424350769903,72.26321864529953,,108.72284750536619,
2028-05-07,Ground Coffee,forecast,,1132285.6506235232,10.688840402235495,10.520446313724387,17.453937725840458,28.61468364893965,15.644131243793503,92.84208445183441,40.372042475984955,69.81049878729976,,108.7507591474445,
2028-05-14,Ground Coffee,forecast,,1110743.900127374,10.71184308199017,10.508551095024213,17.402835029444198,28.50086824943591,16.097845107178703,92.86334569232625,29.134001222563032,65.91615859569352,,108.82854775159159,
2028-05-21,Ground Coffee,forecast,,1127944.9770759572,10.692687509405275,10.470941545225573,17.60757949426324,30.244628933045707,16.49933267442128,92.93064964249523,22.039348844060722,61.40674441541372,,108.8528337311095,
2028-05-28,Ground Coffee,forecast,,1172475.2342552962,10.646142065879856,10.436000845535467,18.016197688561604,32.67989774896415,16.97763515360182,92.97235323377872,21.690172661484628,57.30757211039142,,108.81503777241026,
2028-06-04,Ground Coffee,forecast,,1233948.4940650417,10.594679030519497,10.424278286998142,18.604693331506525,34.514885993433104,17.727629651112245,92.9583888480369,27.53752476156511,54.917443276575085,,108.80507037062962,
2028-06-11,Ground Coffee,forecast,,1303349.2680574066,10.55287171455861,10.435314031605557,19.36304730510348,35.23311041680998,18.729332919383832,92.94068267591064,36.18511899540625,55.373522748536615,,108.92191983250171,
2028-06-18,Ground Coffee,forecast,,1372911.2095358747,10.522367431016784,10.45303644469065,20.208700549491343,35.310120409117374,19.698656853950315,93.00072052960087,43.070336480796215,58.79067798705403,,109.17400718299395,
2028-06-25,Ground Coffee,forecast,,1434855.3737089979,10.49937858025418,10.46303647306793,20.923504696933843,35.626652100949094,20.292216350252104,93.15268204993178,44.72628198523432,63.678123844541496,,109.45760046161219,
2028-07-02,Ground Coffee,forecast,,1422019.4280949275,10.485410031096006,10.465275002006054,21.21143352061747,36.60712835674414,20.36309973959184,93.29965414332372,40.548358836075884,67.37611587233775,,109.63164040407581,
2028-07-09,Ground Coffee,forecast,,1420144.6299793492,10.489957184384892,10.471088077672892,20.87293345663518,37.807891133607285,20.0367803187206,93.29817138791809,33.175546544002984,67.54467006225234,,109.62459466766774,
2028-07-16,Ground Coffee,forecast,,1420027.7289381311,10.522460727979299,10.488536018083348,19.972039245897765,38.273810585081534,19.55392369623153,93.08675119543985,27.199097848546707,63.80143463541268,,109.48403950293721,
2028-07-23,Ground Coffee,forecast,,1332280.1838829666,10.581603553667229,10.511208013780927,18.847291826734338,37.3298353547763,19.039810647208554,92.76614046527041,26.72426821273983,58.265028103078365,,109.3311610931034,
2028-07-30,Ground Coffee,forecast,,1241034.1704235924,10.652898752582937,10.522341611748708,17.925593328357316,35.127961220488075,18.41834060487429,92.54832999333304,32.98261038059765,54.413134303840266,,109.26324233140957,
2028-08-06,Ground Coffee,forecast,,1169627.6593154066,10.717721850042233,10.511385600770677,17.459816718594816,32.510155121802775,17.547370392311105,92.59978618834948,43.33038984306854,54.893321750786114,,109.28751997277193,
2022-01-02,Laundry Detergent,history,1656461.0,1669156.1856745128,10.114851786578756,10.21185687706553,22.97779308618998,51.54284896826125,15.60945435171401,83.50307490612644,0.0,,,,100.24130369140435
2022-01-09,Laundry Detergent,history,2327100.0,2291564.8978337483,10.124861155038571,10.746915690356223,31.50081676914688,39.64315593988229,23.03282439091679,82.15939823565553,78.9455911645315,,,,100.41384391981708
2022-01-16,Laundry Detergent,history,1478796.0,1467277.0220719448,10.609577349297584,10.662471821176457,22.90981059931755,28.010469556877773,13.823738987675664,84.5558131032469,0.0,,,,100.68656868925524
2022-01-23,Laundry Detergent,history,3335405.0,3243729.1349416757,9.462067590893868,10.08046545893409,32.53176099449184,50.7683126291053,37.27867807156151,81.78536286359663,0.0,,,,100.96992613367756
2022-01-30,Laundry Detergent,history,2033431.0,1941183.0123926497,10.455984722176831,11.061461212692226,18.83270205535572,45.77684827604984,27.159223836571197,82.2356428813428,47.26191947065385,,,,101.18972843927816
2022-02-06,Laundry Detergent,history,2092350.0,2159428.755419142,10.451331488800964,10.377520483485847,23.58770671764782,45.263080911589334,25.862093801958483,81.35583287579263,89.97465193686537,,,,101.25609506974256
2022-02-13,Laundry Detergent,history,2180753.0,2230171.810696966,10.141660816036485,10.320838074332444,25.668813503795793,50.18283279685897,19.31536602332655,81.70689729016802,0.0,,,,101.61636463067178
2022-02-20,Laundry Detergent,history,2067631.0,2176690.1065410534,10.29619955992909,10.84076508337888,26.611103245859155,43.78830163392782,19.146687463804295,81.90460592508093,55.97567146068035,,,,101.881551109575
2022-02-27,Laundry Detergent,history,2621173.0,2762922.1768533415,9.957160492662585,10.571140615547614,27.26587504575103,52.26452611450845,30.275924250129435,82.47960768741399,0.0,,,,101.99780618581404
2022-03-06,Laundry Detergent,history,2062577.0,2080383.3450902633,10.436228393422594,10.76868974464992,29.029495480058447,38.50843665924488,17.387147533600313,83.4449728758045,0.0,,,,102.37000828162256
2022-03-13,Laundry Detergent,history,2297075.0,2329206.124349446,10.375960737990964,10.901696381364944,27.211174440389723,44.846827475097406,23.281341310903365,82.33355565988717,42.146695025715374,,,,102.2954915545924
2022-03-20,Laundry Detergent,history,3491565.0,3301634.9027703474,9.715472940508697,9.717894796520495,27.80038031785577,64.74667158644922,43.566464453228306,81.3848109039908,0.0,,,,102.54855649969204
2022-03-27,Laundry Detergent,history,2765737.0,2649058.2815991477,10.09652318761435,10.610068828559346,29.93984307681045,51.64177880142266,26.93490087325581,79.87126413374881,0.0,,,,103.0779281211557
2022-04-03,Laundry Detergent,history,3415216.0,3138029.7261480456,10.025699321320676,10.308283239531772,29.460241408501943,53.39963567089885,46.20392433833189,82.12926159821599,0.0,,,,103.35765537644284
2022-04-10,Laundry Detergent,history,1858238.0,1888757.3455675978,10.669821335696756,10.695273197030223,23.976239032413048,37.13692926556082,24.91767223320442,81.12456955846349,0.0,,,,103.18912910335968
2022-04-17,Laundry Detergent,history,2296490.0,2200300.1307405783,10.28215561643427,10.740444946828667,24.656047081986,46.27618184654228,26.70980489255022,81.91101357789016,0.0,,,,103.54273374488108
2022-04-24,Laundry Detergent,history,1756231.0,1625918.7429800627,11.04255841545607,10.858480873722137,22.653426949094086,36.77277733260874,20.47784965892425,82.79297210542268,0.0,,,,103.87572772196582
2022-05-01,Laundry Detergent,history,2564052.0,2488121.3176032156,10.138267702813842,10.655268950556986,26.655392022768048,53.59932709695068,26.851683267954726,81.31347556899934,47.361533965062655,,,,104.08384763379496
2022-05-08,Laundry Detergent,history,1673873.0,1555973.7515529585,11.2212940317181,10.979468487467248,18.259627010979937,39.36037985993547,25.490826039997287,81.74512669824432,0.0,,,,104.39037122232486
2022-05-15,Laundry Detergent,history,2529366.0,2390060.052947015,10.310909206484812,10.593482868964871,26.75994522342701,47.55414869059072,27.610842356646195,83.99052077070151,45.24021647226733,,,,104.45697742490049
2022-05-22,Laundry Detergent,history,2233320.0,2122279.0581723037,10.484176402253114,10.48723215649106,27.60182675591725,43.28996216926822,22.44098928171906,83.2818622638069,0.0,,,,104.65956174090933
2022-05-29,Laundry Detergent,history,2074207.0,1992169.172910602,10.581315278488736,10.276932307105016,25.107723012819996,47.136373374238225,22.371282182130138,82.7204952517748,0.0,,,,104.8818608826675
2022-06-05,Laundry Detergent,history,2225330.0,2112692.167560147,10.210331133339157,10.680432877090889,27.528810443324144,52.51696327024609,16.724929002786794,84.10003334489227,0.0,,,,105.19450611229308
2022-06-12,Laundry Detergent,history,2266971.0,2076010.020396349,10.450573181908869,11.463526015121516,28.94426549408871,48.87880099563934,17.471397134401705,82.26664624226986,0.0,,,,105.3391422290194
2022-06-19,Laundry Detergent,history,2497312.0,2357855.9698941344,10.45454209601322,10.102570512148564,34.1657932948193,38.352338831281926,31.954870582849768,82.96443145617579,0.0,,,,105.75465330116997
2022-06-26,Laundry Detergent,history,3106579.0,3023723.0634131837,9.220354770502526,10.17348129549971,34.26642885109143,71.92458224779065,21.81932414688831,82.17798703210354,0.0,,,,105.98302769977946
2022-07-03,Laundry Detergent,history,2329764.0,2318288.044852428,10.265763012694745,10.218354796862997,27.65184668159942,51.22666913062323,38.91182115400849,83.01153513546829,0.0,,,,106.24644207521192
2022-07-10,Laundry Detergent,history,2514040.0,2474830.8018550123,9.725603029685418,10.329180182462276,29.169513565475008,61.91391836522753,22.445757153328543,83.49177794982899,74.09011677246671,,,,106.37112766737428
2022-07-17,Laundry Detergent,history,1887487.0,1962189.1338429863,10.670254242171191,11.084025849844584,28.964533439213103,40.42196429185056,21.581515961866963,82.30919012765717,0.0,,,,106.51212776374452
2022-07-24,Laundry Detergent,history,3022688.0,2948958.868707797,9.54404852089428,10.174379930104992,34.645242037921264,60.95509670907028,27.276953850425507,82.22130861342417,0.0,,,,106.85378908048436
2022-07-31,Laundry Detergent,history,2639713.0,2819687.1706062,10.027277350760958,11.018192749724482,34.283690706842386,46.99865456386877,37.6290042272081,83.39298375903603,0.0,,,,106.99087992282432
2022-08-07,Laundry Detergent,history,1800985.0,1950107.736458904,10.479680954992538,10.843773231639446,29.067534102991612,49.40516587216873,16.54488216241097,81.57621683447368,48.2366873833297,,,,107.2046632026113
2022-08-14,Laundry Detergent,history,2417089.0,2501264.0541547923,10.31810460488407,11.125595859006111,29.84656023094081,51.265880831807706,30.707134619768755,82.71712296108643,81.81615013337905,,,,107.5948834015124
2022-08-21,Laundry Detergent,history,1722843.0,1874390.9400321508,10.712289319174875,10.769663300347966,22.647818841335525,49.7081958578414,25.40696141640323,81.26632233367484,102.1495520824633,,,,107.82644976705282
2022-08-28,Laundry Detergent,history,1942819.0,2169505.046432499,10.409289919885136,10.781297497821326,29.227749846801572,51.8924691469258,21.967958548246497,81.21511081364018,0.0,,,,107.96788414192388
2022-09-04,Laundry Detergent,history,1318757.0,1536302.835851429,11.180752958013835,11.120042816689793,20.66621250387435,39.07142984977795,25.37224376455251,82.05253523501457,0.0,,,,108.27788560226116
2022-09-11,Laundry Detergent,history,1750258.0,1841823.3602568645,10.62839585856783,10.782058657827788,21.187593524433098,56.08513770488092,23.83393325112241,83.84931500018139,0.0,,,,108.4109597710167
2022-09-18,Laundry Detergent,history,1622016.0,1714762.2934028686,10.707852855640937,11.554476330814753,24.20097855262649,54.22034050125169,14.467419233853322,84.07019401582049,0.0,,,,108.80087281936416
2022-09-25,Laundry Detergent,history,1585743.0,1617223.9795909205,11.142907868119222,11.206644092529984,20.72550282147733,37.780861198031985,32.13013621446564,83.98779004071945,0.0,,,,108.72315447864456
2022-10-02,Laundry Detergent,history,2509734.0,2609633.144372402,9.578992620648906,10.427793331987402,28.385609123422363,78.41603887678897,21.208477858665503,81.39492432600318,37.05467912131312,,,,109.08799293999624
2022-10-09,Laundry Detergent,history,1363673.0,1347385.221838168,11.602227054257886,11.288993826260612,22.07088205059817,33.85706326690691,20.185560686168056,83.2098556757897,0.0,,,,109.4666791802952
2022-10-16,Laundry Detergent,history,2037366.0,1962764.2523814957,10.812800099015549,11.14706571776432,32.289609525052164,40.77905246556992,21.43149224448503,82.65738359449934,0.0,,,,109.63766839326033
2022-10-23,Laundry Detergent,history,1925439.0,1847422.574806976,11.193156426112887,11.610941625193847,22.79201413872538,44.819003982211534,32.55999264559843,83.88034668017544,18.61429457326967,,,,109.95545001413636
2022-10-30,Laundry Detergent,history,2086777.0,2215236.0817482774,10.528952803149226,10.700303054743896,26.64285865060994,56.46351478207222,25.83919933868461,84.84487331130036,49.001143720201966,,,,110.0666413456634
2022-11-06,Laundry Detergent,history,1556804.0,1528424.90458183,11.297556925445146,11.639713200925714,20.81202205226428,46.233525562047134,20.099720555930347,82.42576197217714,0.0,,,,110.65347626366956
2022-11-13,Laundry Detergent,history,1992988.0,2035351.1107716893,10.580088938238418,11.054996519460545,28.75796447588734,48.71383153026926,21.18425801980403,83.19790886123683,0.0,,,,110.73909500593734
2022-11-20,Laundry Detergent,history,2049833.0,2065682.5787428776,10.528246455461396,10.1616839528875,29.404866704702588,53.037827017051754,20.020289385253776,84.71528751107019,0.0,,,,110.89399569958236
2022-11-27,Laundry Detergent,history,2967371.0,2816442.232983118,9.912286610810389,11.051977026664147,27.908129286699616,71.87986383548996,30.20014093358424,83.62197508651242,0.0,,,,111.25639981778644
2022-12-04,Laundry Detergent,history,3046935.0,2931971.7853585365,10.50172211006713,11.407921840840714,30.134503942302818,53.67553541690797,48.94933120354704,82.98092715733065,25.63918155487538,,,,111.37415083348796
2022-12-11,Laundry Detergent,history,3850718.0,3934541.8026812435,9.785626682261466,10.956573215255911,35.92379314913529,64.81519147512826,59.21503572016556,83.37548588637615,45.16031870182106,,,,111.55149281303164
2022-12-18,Laundry Detergent,history,1794228.0,1956432.4828692924,11.064706582235816,11.385607964182288,26.611270128329352,45.900207043946146,22.532931723404303,83.24104265652953,65.92987848616369,,,,111.85688459030888
2022-12-25,Laundry Detergent,history,2040985.0,2155101.568157407,10.432352018532844,11.21996455273567,23.986597557862336,64.93588459654453,25.355822504905177,82.24972817447721,0.0,,,,112.15946302742384
2023-01-01,Laundry Detergent,history,1611872.0,1654126.447451429,11.377636682327124,11.899217233963135,25.148338241624582,38.65654550148074,23.097966256927126,83.15840733057567,0.0,,,,112.2435686323915
2023-01-08,Laundry Detergent,history,1818017.0,1914170.1961962963,11.491682111336369,11.425768261370491,25.55528156062509,32.8046670136102,47.692005477278336,83.20163021232159,31.22135845950713,,,,112.36210519942092
2023-01-15,Laundry Detergent,history,1926657.0,1909329.1657670413,11.19979310251889,11.55293647137414,23.70254817880243,52.214995846896294,22.221985007834437,84.88062678227563,0.0,,,,113.0054582469118
2023-01-22,Laundry Detergent,history,1965940.0,1915658.532661179,11.16532685030702,11.551423059044922,23.205632287291245,49.509959051744794,26.051031786363676,83.24528646226217,0.0,,,,112.9808198922694
2023-01-29,Laundry Detergent,history,2070018.0,2070233.9989149668,11.161793026687668,11.56083313881838,27.066079844546586,48.17970775759482,23.615895955006867,82.4234394610403,96.37125601804584,,,,113.45777785169672
2023-02-05,Laundry Detergent,history,1596550.0,1542258.7455227887,11.83219362683142,12.023627576201037,26.164052100621813,29.330639861258692,18.924751029794564,84.38602319951443,69.85219523460208,,,,113.7216265596168
2023-02-12,Laundry Detergent,history,1780653.0,1635114.059334199,11.506298329773683,11.990586602695725,19.62000512274442,49.08424352008024,20.158628589375787,83.54766495834947,0.0,,,,113.68901509431645
2023-02-19,Laundry Detergent,history,3076870.0,2775006.145484443,10.182345311422894,11.27220447246016,28.670032136941813,69.68702685184022,23.880020055626,83.77518901502145,65.67362682896112,,,,114.12094214972387
2023-02-26,Laundry Detergent,history,2262631.0,2196977.3711477937,11.013015723809254,10.843106206011797,24.967044831700083,60.07233856534099,24.52108984521615,84.46570836138943,0.0,,,,114.27517986834371
2023-03-05,Laundry Detergent,history,2582568.0,2431969.307142191,10.752025984430526,11.5682323901204,33.49058033974444,49.58991419468746,20.95131505464837,84.94513672639927,0.0,,,,114.63840880652226
2023-03-12,Laundry Detergent,history,1975288.0,1846166.0092945886,11.838150524625355,12.20888496618277,23.291336026032244,35.55229073391289,38.19971703350411,83.99225044062779,0.0,,,,115.08533793348006
2023-03-19,Laundry Detergent,history,2158197.0,2053734.337850541,11.254031550899162,11.17446539024156,27.70398111129128,48.37133538181576,24.24018991803192,84.16276228303659,0.0,,,,115.15958776037938
2023-03-26,Laundry Detergent,history,3024595.0,2822218.1380840526,10.519357403663054,10.799237905797126,34.70927790668501,48.09242461115551,37.14342022452363,85.06061780725629,0.0,,,,115.39505982727904
2023-04-02,Laundry Detergent,history,2241858.0,2261276.950145122,11.056146562406688,11.748161784871275,30.868020469841607,46.801435218402496,24.26352465324272,82.95567137563819,51.976035197515046,,,,115.8306517129208
2023-04-09,Laundry Detergent,history,2172623.0,2188630.0909955143,11.200208560064098,11.57672983159765,27.34385766577318,45.36839178486349,29.883700432137925,85.55814397500144,0.0,,,,115.7876614874001
2023-04-16,Laundry Detergent,history,1640029.0,1694658.5205034236,11.806806175757943,11.704329001236824,25.18813463976765,34.82748390896669,27.360741311109585,83.50489191797195,0.0,,,,116.03923779140572
2023-04-23,Laundry Detergent,history,1724927.0,1788645.3331618162,11.449910937568186,11.357664601556966,25.383497259184047,42.524243701357925,24.597905029738044,83.97221017470021,0.0,,,,116.49809801474908
2023-04-30,Laundry Detergent,history,1863953.0,1886032.9150120292,11.470261266328375,10.983695412681408,22.11149138355254,54.10916398190878,25.714302515111942,86.48492808961142,72.28872684334863,,,,116.56842322986692
2023-05-07,Laundry Detergent,history,1930498.0,2006206.292280403,11.293937983529633,11.537174841849026,30.19576955321731,43.18924167528558,22.05857961579528,84.59778746106944,0.0,,,,116.89597694975474
2023-05-14,Laundry Detergent,history,1768436.0,1817158.474960959,11.775702364096878,11.693610812909911,26.027863400099776,42.157795902300734,25.40235333476955,83.72450594860099,72.6611166368619,,,,117.17055007182272
2023-05-21,Laundry Detergent,history,2295161.0,2167690.985147491,11.347294647881268,11.87544766233701,30.86315546855866,44.90494649593417,25.61968558459078,84.42357897219563,58.07233741532518,,,,117.44136123410593
2023-05-28,Laundry Detergent,history,2956478.0,2942908.786305357,10.398353999055638,11.167073333407473,29.977913306524965,64.13244131528047,37.54404593714553,84.57906444604511,81.7432527075233,,,,117.555112885793
2023-06-04,Laundry Detergent,history,2049994.0,2097380.466678146,11.063062556790385,11.734422240119498,30.435427683644154,52.51703973880262,17.13688378913528,86.66765454400364,39.08567827444994,,,,117.8054243265904
2023-06-11,Laundry Detergent,history,1671179.0,1650138.023129349,11.449366791670853,11.871799152525108,21.503829052719965,54.776128041338865,18.530099125031015,82.30593074709141,90.95736939597792,,,,118.20768800424464
2023-06-18,Laundry Detergent,history,2598702.0,2785136.3010268854,10.229683342139694,11.733868054061864,30.480056675622546,70.9483997093963,25.15466066501049,85.79333659023624,0.0,,,,118.48245528951396
2023-06-25,Laundry Detergent,history,2411141.0,2399841.0829452784,11.107234192656934,11.886194737935543,34.61715716197765,46.80498813622722,28.05428552145701,86.32346310519839,0.0,,,,118.65170624169468
2023-07-02,Laundry Detergent,history,2554315.0,2644860.70295582,10.871291568136416,11.570831826702848,24.88228635555282,64.95555820743377,58.63076158115608,87.0207234008719,0.0,,,,118.76695797413218
2023-07-09,Laundry Detergent,history,1959694.0,2051513.931746091,10.678496960182748,11.160169227329808,24.611434105012044,77.27241533648863,21.276163066427753,85.25524452603966,0.0,,,,118.87001498637169
2023-07-16,Laundry Detergent,history,2196403.0,2448717.7247935967,10.77372481095628,11.357055873311952,26.324531213177472,67.63692663757453,33.35711564824675,85.53233785341978,66.45765264556412,,,,118.852590892221
2023-07-23,Laundry Detergent,history,1858578.0,1966120.363558347,11.695783037247834,11.498275058346117,28.346560957108323,44.0153203835908,34.27947755818931,84.4739516543629,0.0,,,,119.00775308829684
2023-07-30,Laundry Detergent,history,1701989.0,1824046.7581300542,11.32829103415373,11.146547055663888,23.330295937388428,58.77409722459385,26.767624819553166,83.58350453966673,0.0,,,,119.27280006695456
2023-08-06,Laundry Detergent,history,2146035.0,2191656.1116958424,10.92079519043858,11.819068525273956,22.426538162337337,79.14323814030845,29.40440147186893,86.19894222099389,0.0,,,,119.17296291223607
2023-08-13,Laundry Detergent,history,2001555.0,2084786.0392340967,11.202664965309337,11.544940411628374,29.2979125774898,55.851399499219966,27.00004477512488,85.55670252265719,0.0,,,,119.33281868925044
2023-08-20,Laundry Detergent,history,1791820.0,1778415.5350598579,11.795861831030074,12.11778912934992,25.07776577298977,44.31867463365425,30.31488327386819,85.61829799847375,78.67190131767133,,,,119.59757865239736
2023-08-27,Laundry Detergent,history,1433780.0,1510140.849781684,11.973332082789453,12.439230701364586,22.916186141119784,43.38806335573707,23.02056834304462,85.00179602228222,0.0,,,,119.6705620059874
2023-09-03,Laundry Detergent,history,1661716.0,1660153.2717673955,12.134304434433124,12.320168276637034,21.03825790720766,40.25683021430782,43.0918091497964,85.70688569622442,49.981404339325266,,,,120.00632042933104
2023-09-10,Laundry Detergent,history,1882137.0,1776446.9675756819,12.018838355163451,12.005022566039896,29.87353225350722,38.40540442169432,28.039344949445898,85.52835643925471,42.47104207985323,,,,120.18196520273688
2023-09-17,Laundry Detergent,history,2037515.0,1891623.195723303,10.931687188189755,11.619912679894371,29.533461098643972,62.830030440770095,12.778830347912574,84.4720709945014,158.33624107843997,,,,120.12685815028836
2023-09-24,Laundry Detergent,history,1353947.0,1361667.686008287,12.223809626391407,11.486859460230688,19.03976315521393,35.09717891591861,32.09228377026769,87.45873799732733,0.0,,,,120.2027384754898
2023-10-01,Laundry Detergent,history,1792079.0,1747636.2855297318,11.67353202667918,11.651845954614211,23.10308968316742,56.54614507061702,23.794908652067814,86.86076608280604,0.0,,,,120.13525871783602
2023-10-08,Laundry Detergent,history,1481070.0,1533287.763729419,12.05167128205409,12.126985604910889,23.946967612311155,35.71315906080204,26.679920688418257,86.99515041734364,51.55165179658396,,,,120.1964901192066
2023-10-15,Laundry Detergent,history,1830859.0,1791441.861799399,11.60105543161149,12.22265822961136,37.491844026907245,32.30752605583553,17.35097919688059,86.34124449521366,75.45886789382254,,,,120.4904426403884
2023-10-22,Laundry Detergent,history,1616242.0,1617571.1190574842,11.962922610383265,11.616182242034604,28.649410276049316,37.98220863987263,20.11789967487073,88.40013395585422,0.0,,,,120.66129110026814
2023-10-29,Laundry Detergent,history,1958834.0,2014502.8732249017,11.568188623963636,11.44562700500685,24.138169712377096,54.93693952024155,34.6554774094656,88.36637208064585,0.0,,,,120.74506177960907
2023-11-05,Laundry Detergent,history,1906189.0,1887508.0626877772,11.762062978133477,11.84846714173384,20.031276940895747,58.15248609823227,38.10084760989128,89.4809324421991,0.0,,,,120.91534886887617
2023-11-12,Laundry Detergent,history,1565020.0,1577976.3415044618,12.380486511504516,12.141400448959274,24.468001212135103,40.2196335144193,27.241202132930223,88.0730319259917,0.0,,,,121.03602128888885
2023-11-19,Laundry Detergent,history,1726356.0,1759892.1820505734,11.769504249175888,12.589030810380258,27.26973962714027,40.56085833894439,26.445913685403145,85.35955476446894,0.0,,,,120.90597928914818
2023-11-26,Laundry Detergent,history,2780881.0,2698494.9817850967,10.813409016687276,11.05736610185466,27.461119108081455,65.80591856434063,39.327742896453024,88.12462170319249,50.38886753163312,,,,120.97991736643458
2023-12-03,Laundry Detergent,history,3372071.0,3145489.1084123324,10.270780575097229,11.06258031049296,31.74679831513282,76.03755959815042,34.616770574491646,87.5386972445169,0.0,,,,121.32928527249656
2023-12-10,Laundry Detergent,history,2163528.0,2162935.6343657156,11.232215314627988,11.68301704816933,27.73092718775487,57.23456875667067,27.25301518200903,86.3509395343334,0.0,,,,121.1647161564368
2023-12-17,Laundry Detergent,history,2248859.0,2176368.411364801,11.325137185823207,11.867218762578151,30.900405030781865,50.00890773687424,25.827274502046905,88.37825236192123,0.0,,,,121.43272709092815
2023-12-24,Laundry Detergent,history,1908015.0,1803386.368092182,11.94327225277163,11.900973011860692,30.97317300767324,42.3694578767566,25.473470962388287,87.20596488212307,0.0,,,,121.476511380826
2023-12-31,Laundry Detergent,history,2068351.0,2112054.8951007444,12.025476010166114,12.847832099109052,31.038621734664567,37.1240132911093,40.12627390392952,87.36710019590623,129.15672532491928,,,,121.71197182956448
2024-01-07,Laundry Detergent,history,1388102.0,1397836.6923862642,12.079822109341189,12.281184283501766,24.903901194503486,36.07863999382127,15.82909875004678,89.29306676024369,0.0,,,,121.67073597035863
2024-01-14,Laundry Detergent,history,2218835.0,2228076.524398654,11.643467422734911,12.005122877393642,33.06691751429823,39.59964277057255,29.082515375080344,88.87774806534863,39.663092841329835,,,,122.1350784919235
2024-01-21,Laundry Detergent,history,1671655.0,1846042.3403052054,11.92615386469367,12.037587464655092,27.434485745285752,41.718122518090794,23.43980106397225,87.97384609699908,0.0,,,,122.09377270265706
2024-01-28,Laundry Detergent,history,1389433.0,1503327.0883713115,12.386187216835893,13.347097110892497,20.080807645477343,38.32396000850136,24.661390251504827,89.24009672397543,0.0,,,,122.3535621247256
2024-02-04,Laundry Detergent,history,1583228.0,1626139.7295207684,11.96714767008572,12.150531527664793,23.724987415241436,53.941442903990065,15.497884925840054,86.61776075710448,0.0,,,,122.36878016148776
2024-02-11,Laundry Detergent,history,1604276.0,1614979.315952867,12.022323698498344,12.377153844349824,26.189875474764584,38.59309818496946,17.93733325344333,89.19809634155389,0.0,,,,122.3550342107482
2024-02-18,Laundry Detergent,history,2263914.0,2153529.594775272,11.74845367346471,11.86893772187872,26.95011462676923,47.633628075483976,34.13339832744125,89.37754494262377,0.0,,,,122.37357205468378
2024-02-25,Laundry Detergent,history,2367923.0,2349292.7922711265,11.258494586140433,12.072598232539145,28.27957380096266,59.32864307054702,26.128900960481538,90.35269347252088,0.0,,,,122.61972888033344
2024-03-03,Laundry Detergent,history,1325826.0,1363118.7174276898,12.290329485512974,11.775740326216582,20.49835938570688,40.27593970171874,19.48982463734069,88.1348133733922,0.0,,,,122.60227840753896
2024-03-10,Laundry Detergent,history,2608059.0,2573287.603655234,10.564995425589585,11.450215883583498,25.37788068174083,85.0,25.2482676377862,88.70739795828493,0.0,,,,122.84085719917626
2024-03-17,Laundry Detergent,history,1847632.0,1919614.9775850626,12.067615731896446,12.346828001493888,25.896365398628497,45.63952195578698,31.154629552971365,88.33298709458556,0.0,,,,122.72611076692536
2024-03-24,Laundry Detergent,history,1741947.0,1812688.907641473,12.01340147181617,11.95350002699418,32.192914017076305,34.66851341287826,23.433681717685634,89.72340736516105,0.0,,,,122.99170751605573
2024-03-31,Laundry Detergent,history,2235430.0,2343842.450636265,11.259111879281289,11.897361960946366,31.302687572348223,60.68728899630952,23.71058853540304,88.53342752793897,0.0,,,,122.9365114904099
2024-04-07,Laundry Detergent,history,1418197.0,1459263.9886377028,12.401245550418087,12.801681152051216,20.14809890667712,47.0561637885217,22.51039427016611,87.29092232953414,0.0,,,,123.2549657560768
2024-04-14,Laundry Detergent,history,2644198.0,2645747.371682432,10.98331094892249,11.955673462846654,29.020902685570373,69.7364339737631,35.19340156428427,86.95101136633379,0.0,,,,123.40436880281744
2024-04-21,Laundry Detergent,history,1419968.0,1531164.5507793452,12.280060903996764,12.488694142999565,20.31537923084828,43.110486349732355,30.438573335932094,88.11849932394782,0.0,,,,123.37670081268016
2024-04-28,Laundry Detergent,history,1683344.0,1745491.1121557245,11.843776884080862,12.205664491103846,21.540416401808905,57.70285093660569,18.66948086084925,90.0614006199962,53.669575288571494,,,,123.3218562824755
2024-05-05,Laundry Detergent,history,1620210.0,1594656.3351759224,12.272464004019197,11.987398804038747,18.922991148039152,51.39348373715447,25.80579034160181,89.8298482863636,0.0,,,,123.6919543845386
2024-05-12,Laundry Detergent,history,1857400.0,1852910.1998433815,11.872619372589435,12.07903750741754,26.52091596670461,46.50384239569048,19.14140888812185,91.11273734720204,76.54536544278385,,,,123.2484818737358
2024-05-19,Laundry Detergent,history,2301802.0,2171502.460196924,11.775880627464849,12.316936075730506,22.402942920463182,57.867405309977634,37.45257362432225,89.4307857143598,0.0,,,,123.80408303176728
2024-05-26,Laundry Detergent,history,1958292.0,1960989.6637165253,12.028532025147852,12.5336645678855,34.90554664452741,33.348557146455114,23.432014863241005,90.119489946465,0.0,,,,123.8451854458624
2024-06-02,Laundry Detergent,history,1463492.0,1536917.5395884954,11.67410693701954,11.935929065921217,23.094599438259696,58.81512171977369,11.127619145019652,90.10265241691924,0.0,,,,124.18059415403978
2024-06-09,Laundry Detergent,history,1936323.0,1990137.245943848,11.918383869663437,12.335946147582048,30.490823541073446,42.53758274241093,26.023099380620337,90.65433723916516,0.0,,,,124.38074650679314
2024-06-16,Laundry Detergent,history,2285662.0,2361955.5869767414,11.273737627784609,11.544442384987848,30.276121703824444,61.937028483364855,22.82560182185644,91.93460525613708,62.98148204482926,,,,124.252816218326
2024-06-23,Laundry Detergent,history,2442025.0,2585910.171202631,11.144161238015506,11.818096120445782,28.40758300476914,64.43270285975218,32.0156742128719,90.94035225530384,54.12503998236467,,,,124.21703228857312
2024-06-30,Laundry Detergent,history,2182490.0,2178847.0020150463,11.55315965175897,11.740904602158492,33.56525533292061,50.21297251904222,24.37550195978098,90.36725928329632,60.810521245322896,,,,124.71727218654785
2024-07-07,Laundry Detergent,history,1750198.0,1807033.6349078917,11.9796175410112,11.972357752315824,30.082432837161868,42.651338583793525,24.458365544073917,88.31237706441742,0.0,,,,124.67500829010802
2024-07-14,Laundry Detergent,history,2126068.0,2174528.5066477736,11.976498852619384,12.101816334550708,26.787171323131137,45.35237398428752,49.178867975202,87.29160088062467,0.0,,,,124.7997255563764
2024-07-21,Laundry Detergent,history,2260720.0,2156538.3019271796,11.833347939680367,11.894887857514606,27.59152984449111,53.99397603372633,33.57809415643006,90.3730361833171,0.0,,,,124.40551121343708
2024-07-28,Laundry Detergent,history,2067972.0,1948349.003974098,11.867687831719488,12.037590580553704,21.71425596715356,62.00012570398891,32.804223182371345,89.30842559332574,35.88827478751488,,,,124.68799974713951
2024-08-04,Laundry Detergent,history,1906040.0,1711275.2669454375,12.18432264317588,12.611295338520438,24.97844355419973,52.417848956496485,19.768568870181102,91.13354978552834,39.42874218846951,,,,125.21565114699624
2024-08-11,Laundry Detergent,history,1977780.0,1842750.3331041217,12.056707877349696,12.064760427440705,29.74337308300289,39.66976374167188,26.497033880441553,91.06713593375515,0.0,,,,124.87476364381908
2024-08-18,Laundry Detergent,history,1901129.0,1805066.0308081952,11.872899784119271,11.895248457994832,20.422259120660588,65.85805553324722,26.767174190049342,89.65564115608503,51.972291813938995,,,,124.83957874444262
2024-08-25,Laundry Detergent,history,2171987.0,2089005.09010462,12.189081819191532,12.692907393392604,23.46403294604478,49.30944697766473,49.07886233500228,90.17530998984796,46.94050135737538,,,,125.00044855805918
2024-09-01,Laundry Detergent,history,1290927.0,1301653.4194438888,12.553543461276435,13.118347123521668,26.844820338216923,34.42625401448756,12.442386446657688,90.57366468785334,0.0,,,,125.03426040261648
2024-09-08,Laundry Detergent,history,1589781.0,1593484.2548279255,11.919101467025158,12.149013185378758,21.930285984500387,60.9990467917257,17.564447075996178,89.0795815299572,0.0,,,,125.0254490589321
2024-09-15,Laundry Detergent,history,1878320.0,1998619.0581002897,11.62262414121597,11.51576878857944,36.28444091276388,44.56857080770128,18.759412925259824,89.78329840977392,34.99730063704937,,,,124.91313918370189
2024-09-22,Laundry Detergent,history,1558747.0,1630888.399870242,12.443943641165133,12.569359577046596,28.357954315343218,37.70888738977,23.34259490922336,89.47228412593712,0.0,,,,124.77298888169216
2024-09-29,Laundry Detergent,history,1620562.0,1575810.8858730935,12.47847079672489,12.626103711770094,23.645308709426818,37.90905564947963,26.308070362318546,91.27654423468574,132.94933603204237,,,,125.30107616851176
2024-10-06,Laundry Detergent,history,1975916.0,2017235.6143165464,11.378580659658835,12.411484633147218,24.742004669296392,70.95000102864365,18.165698993602213,91.19179302280033,0.0,,,,125.22955331723338
2024-10-13,Laundry Detergent,history,1764959.0,1747178.8921641267,11.907981143528138,12.644656004670876,21.35449235852887,65.11256396566324,21.01303768057076,89.27673676431849,0.0,,,,125.4704069450651
2024-10-20,Laundry Detergent,history,1768179.0,1702987.8473135089,12.12875466895144,12.25208332818828,23.965654820633137,48.10918670184776,24.999790346766133,89.58408584167297,0.0,,,,125.31683307162918
2024-10-27,Laundry Detergent,history,1962887.0,1868136.105493248,11.848735253937855,12.482528020456591,25.77600272761562,48.07757708604244,26.3703337068288,90.39926691334236,0.0,,,,125.42998651944734
2024-11-03,Laundry Detergent,history,1802088.0,1700063.0344892966,12.471399153847647,12.615796228383026,19.62233914125366,50.13202711608069,37.18282204309051,92.14446137743307,0.0,,,,125.68816202549772
2024-11-10,Laundry Detergent,history,3170199.0,2966880.2300390564,10.698817549664607,11.686751362101536,45.0,48.79561311432697,29.009080569790346,91.69689537248598,0.0,,,,125.73045176655518
2024-11-17,Laundry Detergent,history,2392672.0,2351981.0740279076,11.460697951767768,13.015479387617404,33.384739896646316,52.24578088626819,27.2312215056258,89.73685778087284,0.0,,,,125.88552725727814
2024-11-24,Laundry Detergent,history,2324692.0,2449920.6036673016,10.971839956227823,10.8767245542253,35.725911967898966,61.48227517032178,20.466601448278965,90.1153037449608,0.0,,,,125.801938966744
2024-12-01,Laundry Detergent,history,2402690.0,2530942.8495527618,11.160395123772773,11.47803160570654,31.62411059962608,61.95022954606498,29.21528613068668,90.93433447121464,0.0,,,,126.0960944146809
2024-12-08,Laundry Detergent,history,2755426.0,2620949.8687311313,11.077525986844057,11.79194846981728,37.70686997008971,55.328625347591014,28.38411661369057,89.23775110203722,0.0,,,,125.92190968753545
2024-12-15,Laundry Detergent,history,2240061.0,2188779.688650025,11.572960411881748,12.74685402806482,24.10904577818766,69.80158926850471,24.712700074898898,90.54577356980782,36.01435578909514,,,,125.9127799857864
2024-12-22,Laundry Detergent,history,2097059.0,2104337.5525206574,11.945917976293048,12.982993308040658,30.062646378414215,41.48473528728321,33.848144329366356,93.25133391320504,0.0,,,,126.091473678634
2024-12-29,Laundry Detergent,history,1663591.0,1558694.3475900642,12.43610638019523,12.459047993706452,21.767977813782288,38.886251295040715,27.088222646506487,92.22707814512314,87.43018580536277,,,,125.60663822172664
2025-01-05,Laundry Detergent,history,2159070.0,2001679.612275516,12.074735849102282,12.398604320153275,34.587730951464536,36.757428117876664,25.53197926000377,90.52779895617502,0.0,,,,126.10586275463668
2025-01-12,Laundry Detergent,history,1363357.0,1325282.2363430767,13.1918545834537,13.359701808139624,19.39065200276383,28.29316083732619,29.555623955820405,91.82024130393604,0.0,,,,126.44541812466446
2025-01-19,Laundry Detergent,history,1628893.0,1573152.3635634182,12.880440296484055,12.230517698481158,17.167465594559587,48.751431235673294,31.688933729166425,92.48391580052508,59.57924453389432,,,,126.50283062134125
2025-01-26,Laundry Detergent,history,2160437.0,2115409.7253403,12.038044279795397,12.523723015977536,23.9863187129854,63.25376073571059,23.52643999834829,93.48168092911988,0.0,,,,126.47663005774608
2025-02-02,Laundry Detergent,history,1277567.0,1335879.2253693664,13.143872421660078,12.685262437694156,22.63331539706651,29.811922536488403,20.247647649682943,92.12024656102506,0.0,,,,126.38397214384166
2025-02-09,Laundry Detergent,history,1810075.0,1893698.7250820978,12.465450478885806,12.985033300390608,22.465890341690187,44.733734465454106,33.72716040166177,91.39497957658722,0.0,,,,126.51188572789611
2025-02-16,Laundry Detergent,history,1853239.0,1896620.2173412503,11.90546368312624,12.443576049326603,29.818559821764005,43.069177648081094,17.57001404719123,91.27250681877044,0.0,,,,126.52634541225122
2025-02-23,Laundry Detergent,history,1571191.0,1590736.6793650333,12.89961504823405,13.093850128215134,22.745044117667607,35.44679388615636,26.554693653669013,93.9048582597923,0.0,,,,126.5484174212117
2025-03-02,Laundry Detergent,history,2005300.0,2109854.3079642532,12.185676022832498,11.883448152510285,30.263751077379823,38.45799249376322,29.525712670305264,92.25328593657348,44.56000574276121,,,,126.69289576378308
2025-03-09,Laundry Detergent,history,1682675.0,1733858.38779241,12.394487947438302,11.667431877510886,26.71297486058183,38.06807160001838,21.67966218685249,92.47884600186968,0.0,,,,126.72538126278982
2025-03-16,Laundry Detergent,history,1905057.0,1951264.894667723,12.132809892573873,12.985714353258572,19.050262919112928,54.98758103432454,31.19591560155114,92.8110131388245,43.740432466946984,,,,126.75226651830248
2025-03-23,Laundry Detergent,history,1981560.0,1968910.513826869,12.315804849325293,12.795687763806454,19.30063013495377,54.43666114307844,32.61194562985726,93.32283512268664,69.43081753745032,,,,126.98656158019534
2025-03-30,Laundry Detergent,history,3129539.0,3157859.289339481,11.134644693538045,11.664165246232038,29.216078289707315,68.20951800039214,39.68456631664371,93.6744204718255,0.0,,,,126.7308739688357
2025-04-06,Laundry Detergent,history,2206722.0,2307911.536603189,12.356796017399152,11.809257720517536,22.431730369867857,46.27073931615598,56.368285923300746,92.3006584869504,79.9844220949754,,,,127.06797429509147
2025-04-13,Laundry Detergent,history,2433375.0,2466484.4767503613,11.619575573791312,12.299371942830966,30.608991000313477,56.87213872923271,22.873306288009495,91.78086724444132,0.0,,,,127.32788782432397
2025-04-20,Laundry Detergent,history,2632594.0,2503118.7730422523,11.521827448024853,12.172770891661427,26.084594995577483,65.85450126797838,26.76649760260133,91.74571692937924,80.88470193849128,,,,127.0657659449437
2025-04-27,Laundry Detergent,history,2177894.0,2170194.1560048237,11.991898017242791,12.400520360675642,27.94265494887136,49.19454858191297,24.3236927618823,92.52839066639544,0.0,,,,127.33577839116457
2025-05-04,Laundry Detergent,history,1945982.0,1932649.2416419615,12.660813795491372,13.28306805674401,25.348756636690577,32.6102216034252,41.663678919710726,90.65818348753226,0.0,,,,127.18615912023805
2025-05-11,Laundry Detergent,history,2462434.0,2445751.2688460164,11.525941727553452,12.090431109664005,28.775574571146464,57.7752964489635,26.575140768375537,92.957565635395,0.0,,,,127.15296325050645
2025-05-18,Laundry Detergent,history,1801105.0,1834358.1934943516,12.648945134747576,11.775205841740116,23.916340137852966,38.00831385713903,39.690315180532785,92.0189976411491,0.0,,,,127.73527538853854
2025-05-25,Laundry Detergent,history,2336005.0,2362596.8521796386,11.708650146494598,11.9318425330779,26.485125113628055,63.20236094406067,30.63245960560718,91.73462863364846,0.0,,,,127.40259087728394
2025-06-01,Laundry Detergent,history,2058947.0,2146888.053088787,11.794086876664386,11.884946488338649,22.515770697350828,66.67931821385766,32.364568441101845,89.80118789266496,0.0,,,,127.33131399285244
2025-06-08,Laundry Detergent,history,1943782.0,1934713.9318980335,12.058004548196182,12.120132380136887,23.341911985874315,60.44233441311293,24.670232965318437,93.52801871717556,0.0,,,,127.7629699871058
2025-06-15,Laundry Detergent,history,1695253.0,1918468.85365882,12.097119917592485,11.907166093638102,28.30958506844317,47.880738583218395,23.310910894841488,93.56746857077005,0.0,,,,127.5479267914309
2025-06-22,Laundry Detergent,history,1775721.0,1875435.9553243823,12.501419195304914,12.69204080283548,24.233531750260212,41.48671882577419,39.97203691568987,93.17416216943042,0.0,,,,127.65473626943368
2025-06-29,Laundry Detergent,history,2272147.0,2213477.528884872,11.654793952636508,12.349747538548655,31.21603576289491,55.236223969359806,29.16888492075792,92.5164328945776,0.0,,,,128.18587449476658
2025-07-06,Laundry Detergent,history,1974248.0,1978577.5389435962,11.925749404794692,13.016741603009155,34.83569442764842,45.39312614224023,20.73066995572848,93.75205047871766,0.0,,,,127.65875273552358
2025-07-13,Laundry Detergent,history,1848794.0,1867628.1775954785,12.53276046610268,12.28913662106244,30.408649367496107,43.46139578839016,27.320451530390493,93.61218499522064,0.0,,,,127.5690369806822
2025-07-20,Laundry Detergent,history,2088312.0,2056971.0481286708,11.184215951516176,11.89575021338092,25.222242551927465,79.95769495837025,13.616497443981489,93.31199848125888,49.17638651121023,,,,127.91711338870878
2025-07-27,Laundry Detergent,history,1966551.0,1929291.8157458373,12.285035332891477,13.348557454090098,24.670899658643908,47.21645704976993,31.483133440911256,91.48065454811984,0.0,,,,127.79461830724762
2025-08-03,Laundry Detergent,history,2471705.0,2343408.7587455134,11.793620485942046,11.967047430738516,31.758710601490822,48.86287036006529,34.12194433503677,93.50679453415552,0.0,,,,128.21373431844802
2025-08-10,Laundry Detergent,history,2286396.0,2141842.454549916,12.227841825732773,12.653246596162466,25.862357342099397,49.909751148714065,43.95497346794266,91.18746711233564,0.0,,,,128.09162925433975
2025-08-17,Laundry Detergent,history,2067629.0,2044096.0405508538,12.034390648323395,12.510454475585854,23.596046936497583,64.01948621056779,28.243013366794617,91.217027945712,56.33656483708821,,,,128.20506299505965
2025-08-24,Laundry Detergent,history,1429838.0,1411078.3619736328,12.37752671635027,12.234196044557732,21.85368336339753,51.624321543322985,13.849915131946004,92.19453968397764,0.0,,,,128.3999885759552
2025-08-31,Laundry Detergent,history,1302514.0,1136320.7797636897,13.16080789264768,12.367751610219266,24.52431369041181,28.53821469026943,13.909335515034972,92.60561629165272,0.0,,,,127.9486692311569
2025-09-07,Laundry Detergent,history,1776450.0,1611854.1389476254,11.958674317766288,12.526138312184312,27.71883300041757,52.486160782730934,11.771980604572242,92.5139598806892,0.0,,,,128.392887389188
2025-09-14,Laundry Detergent,history,1715072.0,1629176.958133207,12.449943540485805,12.495705013315929,25.720561111652817,42.45391169075174,21.26549299294135,91.6015197889264,34.50287890925181,,,,128.19194382409458
2025-09-21,Laundry Detergent,history,1708605.0,1644182.5391290544,12.71914042555214,13.290300313711263,24.705275257577767,40.90696183242498,23.378097575933253,92.75223129132398,69.79018300057086,,,,128.4653749622177
2025-09-28,Laundry Detergent,history,1534133.0,1541358.9621078242,12.6914822353991,12.82141145522223,25.4435517101035,34.84558806199029,21.962382009102136,94.44079249350852,0.0,,,,128.64461654557144
2025-10-05,Laundry Detergent,history,1903708.0,2017098.3921334525,12.2258426461786,12.375043100395654,25.25879288304842,46.91583776816635,34.372259991480796,93.5997977818186,45.226887921604224,,,,128.56054893206775
2025-10-12,Laundry Detergent,history,1002453.0,1033678.2528024866,13.28650008957864,13.588788419078114,19.007089798834,30.984849040126697,12.70365128382032,94.25598164916862,0.0,,,,128.88047022226516
2025-10-19,Laundry Detergent,history,1228785.0,1221732.8612863244,13.220506626875904,13.340434296906862,18.69926442383907,39.7465483605751,18.026559404439073,92.83814289966789,0.0,,,,128.6159220683538
2025-10-26,Laundry Detergent,history,1955888.0,1880765.8860270474,12.348673695114138,12.493719241044802,24.03803946140981,51.52250990359496,27.15811823070935,92.24732336048098,56.320112256037774,,,,128.68161380365908
2025-11-02,Laundry Detergent,history,2145400.0,2010843.4248027122,12.366549931382483,11.973159322831613,23.791894712047675,49.750906164398714,36.39177611523424,92.75837822615829,79.08759213753349,,,,129.0347163593748
2025-11-09,Laundry Detergent,history,1712620.0,1566943.405990703,12.770882023377016,13.584245775757845,24.26526202460747,38.39858418804926,19.75142142739525,92.98822261029188,23.69122567729799,,,,129.01049955927408
2025-11-16,Laundry Detergent,history,2630100.0,2609023.6446925667,11.370660290726502,12.558255970823534,33.009457491308964,58.86858310761209,24.73179211028749,93.2328902972968,0.0,,,,129.1232772969349
2025-11-23,Laundry Detergent,history,3152446.0,3284263.6297031925,11.088499318551136,11.819729483877694,33.73912447125153,63.39844482306969,41.95968071190302,93.37930700247058,0.0,,,,129.02023624584157
2025-11-30,Laundry Detergent,history,3533045.0,3695143.8066626387,10.210582709765864,11.30454416509554,35.86907334599364,75.78372211032729,33.25251507392785,94.0315270109898,0.0,,,,129.16604014130084
2025-12-07,Laundry Detergent,history,2911682.0,3140329.323712586,11.209487897141884,11.850942970395762,35.70682083411608,62.258501814434936,39.5791935029187,92.0572267668945,0.0,,,,129.54184967299773
2025-12-14,Laundry Detergent,history,2897620.0,2892320.615863723,10.60395869944948,11.825180691956126,32.921436372313956,73.54275968086844,21.464397383211036,94.03433701959088,0.0,,,,129.12839907546055
2025-12-21,Laundry Detergent,history,2772729.0,2829664.7126388145,11.280489613258965,12.101532272706027,33.198710519075135,61.66773306487809,30.87585619723311,94.98571772756752,100.05236936032948,,,,129.3285295133403
2025-12-28,Laundry Detergent,history,1430487.0,1462749.63181791,12.70278859512937,12.998486092669696,21.97120444604708,44.344039660976094,16.219790291458022,93.0221130262965,95.47985323801213,,,,129.64181512844527
2026-01-04,Laundry Detergent,history,1887938.0,1886351.0091722528,12.490275235935204,13.125234670061872,23.368009350159863,43.89025432105686,31.63732082006345,92.35488822865165,55.16372667150458,,,,129.06948513225325
2026-01-11,Laundry Detergent,history,2602957.0,2600522.394470775,11.97063935679823,12.827009096241914,24.66100596130021,63.34987188723022,39.691581650399776,91.9894896095907,0.0,,,,129.43227749828142
2026-01-18,Laundry Detergent,history,2197500.0,2198008.7115103914,12.356183467473723,12.080198392317278,26.610242632338192,48.25849174913218,31.216378582472213,93.87265725705626,0.0,,,,129.28776916685197
2026-01-25,Laundry Detergent,history,1150194.0,1252502.8083430945,13.266658924543888,13.114893527549963,21.294326581524864,33.81614671622786,13.716136001581368,93.2380820023504,0.0,,,,130.04497801852474
2026-02-01,Laundry Detergent,history,1795325.0,1900198.1344705345,12.334617572829556,12.468754507965404,23.865171918041764,48.64847724526102,21.00414286648519,93.88464505469906,79.70463365915731,,,,129.7388247352248
2026-02-08,Laundry Detergent,history,1628617.0,1745507.0078611262,12.833040435977022,13.001211163670115,22.82984284776601,46.79095986547977,20.387335982919097,93.91085257482231,0.0,,,,129.8413862734617
2026-02-15,Laundry Detergent,history,1803694.0,1916456.168935273,13.052217566253823,12.91344205423312,30.559005601072773,30.124626642342236,27.020710066937205,93.4714245466141,139.83061297658273,,,,129.74446692612676
2026-02-22,Laundry Detergent,history,2295445.0,2304219.250106969,12.626012590727935,12.784263913342496,30.063054402736423,37.7751833436133,35.008293896904796,94.76265680942004,0.0,,,,129.96396978640976
2026-03-01,Laundry Detergent,history,1775893.0,1826486.6008824653,12.874777966226045,12.969607400432016,23.03100053760451,42.86559929783298,24.81072635254552,95.1279235849554,0.0,,,,130.1363500876484
2026-03-08,Laundry Detergent,history,2055151.0,2024384.3268275105,12.55297967606792,12.694610066976583,25.273700563869024,50.9676515633973,21.538629315241224,92.92398258929715,111.7421502872682,,,,130.0801507057338
2026-03-15,Laundry Detergent,history,1819261.0,1862594.1726061204,12.873206116480782,13.323732569798716,23.199278909706116,36.48014787215489,28.91315151073592,94.13612113695976,126.56022992052668,,,,130.0757843947205
2026-03-22,Laundry Detergent,history,2995181.0,3091788.1573620443,11.343410878147289,11.51150735572495,35.11658360020436,55.745894583011285,28.850170145239527,94.48450791179322,136.84644845799494,,,,130.06768049740947
2026-03-29,Laundry Detergent,history,2981331.0,2954737.444627705,11.525382811159703,12.835680823320468,29.29558287377793,61.09766321964267,30.187258539414653,94.00224705067212,55.26177522780186,,,,130.2538192663462
2026-04-05,Laundry Detergent,history,2327043.0,2246644.7862606887,12.142857009431228,12.55055677584207,27.56990168802176,49.38384273868975,23.82637740509284,92.10065906372476,0.0,,,,130.49329411040628
2026-04-12,Laundry Detergent,history,2220392.0,2139061.291893285,12.575467460120649,12.522548179380776,29.466276498477793,40.70449393186535,26.655042760667673,92.60811502231508,0.0,,,,130.71941209128812
2026-04-19,Laundry Detergent,history,2545783.0,2501584.0777053325,12.099501234404451,12.489660292974872,23.83908690455447,67.42096175005595,28.989992482925587,95.63130820568443,136.16286970509006,,,,130.30320540158434
2026-04-26,Laundry Detergent,history,2941697.0,2843430.131936138,11.746995324023176,12.649970972678425,30.377920857190286,56.83067985878703,32.91428359352317,93.590706463131,0.0,,,,130.53783881912747
2026-05-03,Laundry Detergent,history,1649193.0,1608451.7373741923,12.691659092741574,12.623240525791054,17.565149600891218,65.06916027948456,16.786523316887383,93.10861527491215,0.0,,,,130.6236530142695
2026-05-10,Laundry Detergent,history,1676482.0,1709484.5886394558,12.655997220890098,12.499481930861108,25.16395581428293,39.94449107046775,18.755026950234903,92.80242816124044,62.66541886217156,,,,130.74928251042965
2026-05-17,Laundry Detergent,history,2080958.0,1927381.9401785193,12.524046560117831,12.987900975805,19.933163201499276,58.21547649851723,27.107775080210367,92.945969341967,0.0,,,,130.62675895263214
2026-05-24,Laundry Detergent,history,2267654.0,2297297.28080238,12.394232454539232,12.525343347259067,30.126826530499415,45.09351975015649,30.56917587198711,93.8359794153376,0.0,,,,130.74882760898
2026-05-31,Laundry Detergent,history,2107225.0,2117273.293239195,12.312805099387305,12.186331622911252,35.74649278762636,38.4991509611764,21.352276715580626,92.95927379645563,0.0,,,,130.96437813940898
2026-06-07,Laundry Detergent,history,1857075.0,1887187.515214545,12.330099590776069,12.942658336468984,24.25936354935474,60.84949387921212,16.687425419113477,90.7255449393938,78.01196766367343,,,,131.04745007402028
2026-06-14,Laundry Detergent,history,1972940.0,2025462.473037471,12.58556952679912,13.092550503747727,22.529787440420073,51.98239197771362,32.508871625031226,93.17700979036506,0.0,,,,131.15848975800327
2026-06-21,Laundry Detergent,history,3338720.0,3324248.8811591724,11.149897702563962,11.764396271272002,34.008003713794956,61.46192846371065,39.81693506743374,95.41572339258664,89.18932566554115,,,,130.8887265549602
2026-06-28,Laundry Detergent,history,3153724.0,3047992.798302176,11.07570730388036,12.032163722659057,35.437930506829716,63.76030800067157,33.03660991489254,92.34380193131608,0.0,,,,131.2694365788784
2026-07-05,Laundry Detergent,history,2376494.0,2301227.367445429,11.996007521921213,11.927281826353676,30.129818445562663,52.11159937685584,32.46086177967699,92.87267041019672,0.0,,,,131.27213608405532
2026-07-12,Laundry Detergent,history,1997979.0,1950433.389661719,11.998966974586027,13.242350953573895,24.48119743265699,64.68686893526419,16.58024612059102,93.26005472077186,0.0,,,,131.42553660504595
2026-07-19,Laundry Detergent,history,2501338.0,2486594.4820290594,12.44377436747645,12.040518180692777,27.507203190493904,52.79857002142861,50.526682903296816,94.97579011397433,0.0,,,,131.0237904608618
2026-07-26,Laundry Detergent,history,2955868.0,2920740.5955331028,11.450025508035363,12.137866830174111,34.176957737848575,57.77832161412134,39.53229624363394,93.1897636857778,0.0,,,,131.4524978372508
2026-08-02,Laundry Detergent,history,1340295.0,1330382.8654982017,13.364262145183927,13.292430277451322,19.20165086611209,41.025381165769154,22.940769387771734,92.74262379739524,0.0,,,,131.52219863246862
2026-08-09,Laundry Detergent,history,1767923.0,1862212.0608115864,12.198762747829482,12.664878398136084,21.97868088214339,68.21543350648196,22.204145361506956,93.15785356931566,0.0,,,,131.6412614582969
2026-08-16,Laundry Detergent,forecast,,1989928.5615413566,12.447205314993504,12.813746974528174,25.244509368162394,52.49029520986048,28.855269850416942,93.04048603093338,33.13354328794558,,,,131.62514893423625
2026-08-23,Laundry Detergent,forecast,,1905164.63228629,12.550632351367334,12.82139393161621,24.96825413475982,50.010609613254765,27.40579313692443,92.86358327171375,30.094850763633957,,,,131.690171272335
2026-08-30,Laundry Detergent,forecast,,1801803.920951448,12.648633523201946,12.824890903135348,24.590967752961305,47.95331538994284,25.16628900296755,92.81904048558191,27.459850931957938,,,,131.7346305761316
2026-09-06,Laundry Detergent,forecast,,1726537.7781594368,12.704099425250048,12.840741966390798,24.359942129602903,46.641825283511274,23.005167420931674,92.98632115698584,28.94963797201588,,,,131.76499317416682
2026-09-13,Laundry Detergent,forecast,,1715421.8073611117,12.691736783756836,12.861531632968711,24.544275790132726,46.15171867176101,21.884304178169497,93.30852272318144,33.740136182618315,,,,131.79426837387618
2026-09-20,Laundry Detergent,forecast,,1769111.993122195,12.624495760458137,12.869999502948938,25.09768306503932,46.38529769100872,22.1533060261708,93.63281915334854,37.46644387422982,,,,131.83583927433148
2026-09-27,Laundry Detergent,forecast,,1845217.5827419248,12.555293321410407,12.863455917716703,25.59016427340027,47.07148889637239,23.32514050871771,93.82486411284228,36.33676138979299,,,,131.8973380006057
2026-10-04,Laundry Detergent,forecast,,1883512.6485811996,12.54617619269794,12.863072279659374,25.518300997655334,47.745949202734906,24.49598071319222,93.86396235910514,30.578290473834606,,,,131.97772468239347
2026-10-11,Laundry Detergent,forecast,,1855109.0367501827,12.621864272646327,12.895349858999285,24.765585368205706,47.89614386662124,25.055555171441828,93.84386389240217,24.13391811313806,,,,132.06913051177767
2026-10-18,Laundry Detergent,forecast,,1793227.5756687045,12.740204863007046,12.959370188718605,23.82175799756654,47.33504214471746,25.120815426828308,93.88249464574481,20.950072340509678,,,,132.1622140892878
2026-10-25,Laundry Detergent,forecast,,1773349.3033686876,12.804990156514796,13.01025951975303,23.535123882227065,46.57234313287911,25.371776529240673,94.01736403527799,21.293421712585783,,,,132.25144389242797
2026-11-01,Laundry Detergent,forecast,,1864474.8521631346,12.719484826600342,12.980180501065556,24.540815074051643,46.78201825070586,26.453767005533326,94.17240121038574,21.546797473693736,,,,132.33666261141553
2026-11-08,Laundry Detergent,forecast,,2092077.5886635904,12.449963202529561,12.828153258610945,26.780554102733173,49.16217718961653,28.435510769860745,94.22144970862679,17.81863030534421,,,,132.41993984253233
2026-11-15,Laundry Detergent,forecast,,2418238.459566978,12.058487278458472,12.582953426408318,29.477842622685856,53.97247724456111,30.73134682256697,94.09498868425176,10.187125932432629,,,,132.50041930090845
2026-11-22,Laundry Detergent,forecast,,2815004.975675426,11.681404031315493,12.342787995923732,31.592731594826365,59.92957282498135,32.50458316572469,93.8437956469055,3.6262106257905167,,,,132.57180623882942
2026-11-29,Laundry Detergent,forecast,,3011399.9655486126,11.46377722187425,12.224669374183998,32.4237964204976,64.5519910571413,33.203755699419844,93.61034485944298,4.410727383596981,,,,132.62548736277614
2026-12-06,Laundry Detergent,forecast,,2933078.364851381,11.487615769087077,12.294296808234371,31.93393358131698,65.43638990732677,32.82956056771594,93.53251927723947,14.770561584540264,,,,132.65786267750272
2026-12-13,Laundry Detergent,forecast,,2769946.867653896,11.734976638829606,12.524317360425757,30.612969051407088,61.7279448944624,31.79390055982405,93.65416918800372,30.311375326507136,,,,132.67651876706844
2026-12-20,Laundry Detergent,forecast,,2379759.528762713,12.104448713308587,12.810686842345065,29.05016045373616,54.786843037519475,30.562474396116567,93.90586435980148,42.63059266178776,,,,132.6996861751785
2026-12-27,Laundry Detergent,forecast,,2135447.057787531,12.467091541402734,13.036203533870884,27.579996616443722,47.51771270831687,29.39330622487442,94.16112140976388,45.29296846832581,,,,132.7476929164948
2027-01-03,Laundry Detergent,forecast,,1951290.1618592464,12.726944316885158,13.137480844112225,26.246845386174897,42.73323315343184,28.329548576582624,94.31852418286614,38.4653987346142,,,,132.83106224433854
2027-01-10,Laundry Detergent,forecast,,1849017.334381769,12.85362650226568,13.131028515465243,25.031834536926855,41.61173321955406,27.35252848051953,94.35054879037408,28.504094610816278,,,,132.94308420387776
2027-01-17,Laundry Detergent,forecast,,1918761.1997802118,12.875733610667833,13.085291302681922,24.068184711458354,43.254110662230545,26.489235373831228,94.29617870958053,22.865509102472732,,,,133.06240090210605
2027-01-24,Laundry Detergent,forecast,,1930573.1372507075,12.847689163483103,13.064072134366299,23.61850775862299,45.56987134479525,25.777698659435895,94.21995336178571,24.490671457553372,,,,133.16463657425143
2027-01-31,Laundry Detergent,forecast,,1965226.1203448374,12.814309707118424,13.083947029488405,23.839105679307078,46.79614536040741,25.18551398572288,94.17634348033894,30.143271962332854,,,,133.23590117020643
2027-02-07,Laundry Detergent,forecast,,2003080.1792597033,12.79219090250008,13.113097634932931,24.57404509098549,46.562127207281755,24.640704282246066,94.19808415497903,33.81559125343691,,,,133.27961845069734
2027-02-14,Laundry Detergent,forecast,,2035216.9966302952,12.772338069138742,13.105644746357456,25.40510669012137,45.82510134737737,24.198129450143743,94.29695301494911,32.1090247000671,,,,133.31266646181143
2027-02-21,Laundry Detergent,forecast,,2072680.8030537127,12.735714539235639,13.04074756642244,25.94753716488325,45.87677816652443,24.169149574870602,94.45747258919135,26.98246520677401,,,,133.3540326445063
2027-02-28,Laundry Detergent,forecast,,2138026.477182618,12.669562142663786,12.937031608595268,26.141815233648394,47.27040260501811,25.005554331962905,94.62407825339284,23.662431308097208,,,,133.41389675133004
2027-03-07,Laundry Detergent,forecast,,2244966.288428377,12.576491564779198,12.836011305216724,26.27197508378826,49.4751448021547,26.928204898939143,94.70541334726124,25.715747131299917,,,,133.49001046585587
2027-03-14,Laundry Detergent,forecast,,2382210.9936098293,12.474695892603496,12.772411759802267,26.670951435715256,51.414478513451606,29.566927520247578,94.61556840812018,31.685417947043774,,,,133.57250890588932
2027-03-21,Laundry Detergent,forecast,,2508678.6234614663,12.391496232213774,12.755706653303866,27.356776107402187,52.34401824114216,31.963274568740655,94.33807772435257,36.25675413170739,,,,133.65232579086666
2027-03-28,Laundry Detergent,forecast,,2569221.266166616,12.353265371566373,12.773492567763865,27.927052335941287,52.326106340344936,33.05399927818386,93.96465229286925,34.93193590082096,,,,133.72656699373164
2027-04-04,Laundry Detergent,forecast,,2545316.731016076,12.37481478843097,12.807814663487523,27.83620641967333,51.97607108776409,32.35572313824823,93.66415914077166,28.11067126223235,,,,133.79751883163001
2027-04-11,Laundry Detergent,forecast,,2416271.2302137334,12.451965146506058,12.84734666928845,26.853152880328032,51.796312018487676,30.3430352144053,93.58554016999148,20.965410160980518,,,,133.86745433289985
2027-04-18,Laundry Detergent,forecast,,2254842.9446375584,12.56112285317844,12.886556805844888,25.32463404734841,51.73221576762703,28.182279019506133,93.75621324321682,19.136591124264015,,,,133.9346095582094
2027-04-25,Laundry Detergent,forecast,,2115311.2953826743,12.667321001926089,12.917745299024448,24.007589737424546,51.33538918821445,26.95930505318917,94.05413679779251,23.91461868326563,,,,133.99424302456418
2027-05-02,Laundry Detergent,forecast,,2064455.976451217,12.73757649806671,12.928451785973582,23.57753952144032,50.35089643206895,26.954004660353032,94.28502785641197,31.068814287884052,,,,134.04399437755066
2027-05-09,Laundry Detergent,forecast,,2081544.3375267128,12.75271360819194,12.909521539555804,24.1862428474072,49.160987342627664,27.51613597977845,94.31671926381533,34.3832436905663,,,,134.0887753851107
2027-05-16,Laundry Detergent,forecast,,2131865.9427163904,12.71147529035602,12.866105408145138,25.407054435872748,48.64498757245458,27.65178637608971,94.17299605435319,30.91572525394687,,,,134.1404116441878
2027-05-23,Laundry Detergent,forecast,,2183667.8408633396,12.625996101022682,12.818609035533601,26.59609943357681,49.53206108769674,26.872881022318545,94.01353115966695,23.485991537578865,,,,134.21122481834598
2027-05-30,Laundry Detergent,forecast,,2229437.0442205607,12.513612394453583,12.789060129810327,27.36755345127505,51.77796405724623,25.64032354736208,94.01103478946207,18.23840052561505,,,,134.30557545335117
2027-06-06,Laundry Detergent,forecast,,2288061.982080014,12.391586791301476,12.782990315985122,27.803812825874722,54.49842147202064,25.038221579519462,94.2170361985835,19.33124257242562,,,,134.41533130926226
2027-06-13,Laundry Detergent,forecast,,2381385.319331993,12.277196424992413,12.783531754150165,28.255826532486335,56.54140470195435,25.921842871447566,94.51906660716872,25.285007835129335,,,,134.52281049596948
2027-06-20,Laundry Detergent,forecast,,2497639.0938363983,12.189555257461457,12.765508030821293,28.934010250331536,57.2603813122902,28.205491257277934,94.7227061955643,30.143923386546465,,,,134.60977588205574
2027-06-27,Laundry Detergent,forecast,,2588010.0033703847,12.147371655237082,12.719649542033428,29.655478814093886,56.892996321702945,30.85454842237095,94.69515746811457,28.525778265014367,,,,134.66709883064138
2027-07-04,Laundry Detergent,forecast,,2483560.843124769,12.161093776238236,12.666359769389386,29.964946973891358,56.27490739573843,32.59402223267246,94.45939736549506,20.31907583155325,,,,134.6994041119677
2027-07-11,Laundry Detergent,forecast,,2419383.2032123683,12.224934529106031,12.645291256689728,29.518120495031123,56.14562765767542,32.78358710613881,94.16787479458829,11.05355673748457,,,,134.7222802374968
2027-07-18,Laundry Detergent,forecast,,2418754.247935043,12.317129393631989,12.686782124847158,28.391376070074028,56.59884931186399,31.786064232901296,93.98038359386008,7.59467502358655,,,,134.75405927388493
2027-07-25,Laundry Detergent,forecast,,2301270.660734431,12.411536915889396,12.787366337820327,27.050057954481233,57.07258534328824,30.567926056563227,93.94540835013856,12.722737711805433,,,,134.80690773381704
2027-08-01,Laundry Detergent,forecast,,2217948.1658593453,12.493760781634117,12.909661566055998,26.005264199281356,56.82490551399976,29.88104738150618,93.97831993254658,23.055038152201142,,,,134.8817146247607
2027-08-08,Laundry Detergent,forecast,,2159453.8243110324,12.569027853710951,13.007618835710842,25.45517366670451,55.483104211078675,29.692442937568835,93.94921804380898,31.929157521851224,,,,134.9687422081133
2027-08-15,Laundry Detergent,forecast,,2092666.5050633743,12.653662130695162,13.057295076980951,25.2119883486373,53.26151022013694,29.304732056764607,93.80426708140922,34.72764743404714,,,,135.0530344257025
2027-08-22,Laundry Detergent,forecast,,1996094.5393677272,12.755087591978274,13.06880922939975,24.958595933694404,50.761989162254395,28.03764770995395,93.61923444573362,32.19034949823183,,,,135.12166963555626
2027-08-29,Laundry Detergent,forecast,,1882721.053401449,12.856615137145308,13.07117444550943,24.587571215358974,48.597258838773854,25.890427102375728,93.54180898808505,29.109635597334048,,,,135.1695895743843
2027-09-05,Laundry Detergent,forecast,,1792946.1124377593,12.922296664550203,13.084728269552123,24.306267849219687,47.14106227091499,23.63690200263901,93.67140143303716,29.77952445844094,,,,135.20163293848898
2027-09-12,Laundry Detergent,forecast,,1765813.765848412,12.922412185161242,13.105948246917963,24.407591282829642,46.50700678850882,22.28018006866288,93.97567946586425,34.24346700091998,,,,135.23004165356468
2027-09-19,Laundry Detergent,forecast,,1809167.252928781,12.86200759675197,13.117504908204488,24.917708746205133,46.62563273598042,22.314831705496054,94.31161886121365,38.514784765946544,,,,135.268627617905
2027-09-26,Laundry Detergent,forecast,,1886345.0490878716,12.788267940552958,13.11268932586006,25.462094696100515,47.25996595921291,23.388926469005284,94.53272731419126,38.37288912896669,,,,135.3263907950962
2027-10-03,Laundry Detergent,forecast,,1935441.0107805873,12.764956539606759,13.10899297394431,25.515953082621166,47.976558314987656,24.621838675025835,94.59475211694456,33.22288392427476,,,,135.40384289430472
2027-10-10,Laundry Detergent,forecast,,1917581.3185494924,12.826555511077961,13.134320647912126,24.86588627200369,48.24940249157151,25.30437307164695,94.57571415974382,26.551647030179836,,,,135.49400489622877
2027-10-17,Laundry Detergent,forecast,,1855223.19136377,12.94330100765044,13.194738730796358,23.89771252201237,47.80092380283599,25.417759423932672,94.59777457399835,22.63149243085621,,,,135.58735334841197
2027-10-24,Laundry Detergent,forecast,,1821207.6408293964,13.025619177758484,13.252849276364836,23.432915503339824,47.00224398873554,25.57835154955057,94.71810513049992,22.529101598548426,,,,135.67742034454554
2027-10-31,Laundry Detergent,forecast,,1890762.1337484214,12.971945562534987,13.241727656132825,24.18861864269816,46.938767077436935,26.486003782386664,94.87873748426941,23.140077895521237,,,,135.76319955596074
2027-11-07,Laundry Detergent,forecast,,2099687.5023797005,12.733537148728798,13.111687153131605,26.248027613389446,48.87322095580056,28.33434069743077,94.95473913576276,20.27092540358428,,,,135.8467416224665
2027-11-14,Laundry Detergent,forecast,,2421711.9832930192,12.35529180614839,12.877505112658916,28.940589011363564,53.29741009751114,30.635738806432236,94.85953977958322,13.088358949480968,,,,135.92803202188563
2027-11-21,Laundry Detergent,forecast,,2760890.334364548,11.964220309621274,12.627464168409984,31.227475103942307,59.20984469356239,32.556824185838344,94.62176548198994,5.841181337862562,,,,136.0016907693828
2027-11-28,Laundry Detergent,forecast,,3071517.4810261065,11.70951514176532,12.480422492828119,32.31044980455847,64.27008071505351,33.46395832820855,94.37346683168354,4.9730545825940915,,,,136.05904734632279
2027-12-05,Laundry Detergent,forecast,,3110296.8849316263,11.688581244219481,12.515706673434881,32.03085285075083,65.9450423686766,33.25875040166597,94.26117313111679,13.758584690282797,,,,136.09503525039017
2027-12-12,Laundry Detergent,forecast,,2883531.1017054543,11.901649195387416,12.723162842089554,30.811903468933185,63.019831373707255,32.3038823407612,94.34942248284229,28.945273686726246,,,,136.11503877808767
2027-12-19,Laundry Detergent,forecast,,2631081.629138227,12.25885156600383,13.0086866961536,29.257878983673155,56.469156096752684,31.080930431086486,94.5866377162668,42.450563513775364,,,,136.13581308703525
2027-12-26,Laundry Detergent,forecast,,2235672.5273472457,12.631352232874631,13.251931841708954,27.761640089243688,49.025609349501565,29.8929365260832,94.85037407306804,47.04370173622971,,,,136.17818584099624
2028-01-02,Laundry Detergent,forecast,,2033865.9071034042,12.913806647169901,13.37640088042261,26.4073112518305,43.64997572253112,28.812116343375987,95.0296083591529,41.57491686587345,,,,136.25520604200804
2028-01-09,Laundry Detergent,forecast,,1914525.7127706623,13.063526747372903,13.384970859277216,25.167173178072854,41.885377761677404,27.8192554913521,95.08262417900443,31.57315565344293,,,,136.36337029946355
2028-01-16,Laundry Detergent,forecast,,1975766.4191496514,13.100542467243914,13.340687310987803,24.140739518795566,43.172435209673665,26.931905074963815,95.03909592276986,24.763783805464875,,,,136.48327670308925
2028-01-23,Laundry Detergent,forecast,,1981257.0358416624,13.07751788738355,13.312234209301074,23.5810888949965,45.525997038275605,26.19305391082917,94.96219852642812,25.170873641372864,,,,136.59003039708446
2028-01-30,Laundry Detergent,forecast,,2014162.314988876,13.042985080504023,13.326023007871644,23.68328955303602,47.02033197843904,25.585367343608986,94.90973870258964,30.53730951551429,,,,136.6670838823535
2028-02-06,Laundry Detergent,forecast,,2053669.6343615,13.018941826538121,13.357060348954848,24.352435932785543,47.005583678724186,25.03430551719,94.91833433730015,34.949660595944955,,,,136.71474555765866
2028-02-13,Laundry Detergent,forecast,,2087705.729215543,13.000030536427131,13.358776586342353,25.200238754481248,46.25697528013005,24.558296623746926,95.00360423968087,34.214204226428436,,,,136.74819795185928
2028-02-20,Laundry Detergent,forecast,,2123735.6687178332,12.967690485927887,13.303842754690733,25.810244003527536,46.09583806161963,24.422537505097896,95.15591362042744,29.349765998241992,,,,136.7869775227899
2028-02-27,Laundry Detergent,forecast,,2183961.6457995167,12.907112575355269,13.204287629826766,26.05331539809795,47.260325269245946,25.075740750818106,95.3274165139403,25.33264377657078,,,,136.84336738913248
2028-03-05,Laundry Detergent,forecast,,2285390.2104866947,12.817908571951996,13.099683199107256,26.166582105944958,49.39519299295956,26.81172336515041,95.43124718180027,26.37531423258264,,,,136.91719221025386
2028-03-12,Laundry Detergent,forecast,,2421924.131450244,12.71581073610616,13.02790133652795,26.503570893436788,51.456288700883995,29.37978473806111,95.37598513029724,31.97450410377069,,,,136.99934183244088
2028-03-19,Laundry Detergent,forecast,,2556827.610535497,12.627183700355658,13.003288104999138,27.157181909800613,52.58553243058864,31.903498090191214,95.12845375905003,37.21861884526683,,,,137.08005172991616
2028-03-26,Laundry Detergent,forecast,,2634264.5324408454,12.579376419496413,13.016297229859036,27.789920478076873,52.69958526997064,33.28760950109862,94.76099538119544,37.08631884916355,,,,137.1552129711394
2028-04-02,Laundry Detergent,forecast,,2629082.7451135046,12.589955901330395,13.048752527338344,27.84869578169142,52.36001028681984,32.9020763244279,94.43444625253571,30.96551260902756,,,,137.22651055091922
2028-04-09,Laundry Detergent,forecast,,2510347.0760481134,12.65840787699129,13.087829175810429,27.016619582546397,52.136236426132704,31.050102144075126,94.30973105849156,23.40460396847039,,,,137.29662103038734
2028-04-16,Laundry Detergent,forecast,,2346030.8597365674,12.764247426691565,13.12750419933588,25.536391774623755,52.07962569576462,28.82224830169586,94.4409755241218,20.36202027923351,,,,137.3645901351226
2028-04-23,Laundry Detergent,forecast,,2192320.2124576974,12.87363481988649,13.16095269784359,24.12245053665712,51.77479069137915,27.381965715231683,94.7300188292362,24.13468700778955,,,,137.42589100061087
2028-04-30,Laundry Detergent,forecast,,2125671.955573049,12.95222166179118,13.176247555139199,23.504299901693344,50.887592361728004,27.184355952411472,94.98610030600956,31.334976096959995,,,,137.47729027383795
2028-05-07,Laundry Detergent,forecast,,2132878.192394296,12.977792262796903,13.162743693218804,23.944997450423415,49.67753262704748,27.7196348394839,95.05659218248661,35.704338288212966,,,,137.5222354479873
2028-05-14,Laundry Detergent,forecast,,2181404.4037241666,12.946010951694634,13.122537315359173,25.10418049284932,48.97331654589101,27.991589556444758,94.93519862266874,33.402857408743465,,,,137.57164260266399
2028-05-21,Laundry Detergent,forecast,,2235990.497670347,12.867210059202302,13.073943057415228,26.339725181184257,49.58579781406305,27.36977660376813,94.76424176013273,26.261342186823903,,,,137.63838537945648
2028-05-28,Laundry Detergent,forecast,,2283538.5128592486,12.758336168642192,13.040120341355733,27.192769580279872,51.634219223525726,26.146971052666917,94.72514827844604,20.191987550411707,,,,137.72876259635194
2028-06-04,Laundry Detergent,forecast,,2339207.673852992,12.636796400780934,13.030524652742015,27.665750589259787,54.357424065329546,25.350837608727034,94.8978654608106,20.083294978495342,,,,137.8368839584383
2028-06-11,Laundry Detergent,forecast,,2427476.9882281823,12.519700224651759,13.031803716917386,28.090319726771604,56.591952175119324,25.943334073950666,95.19646728549154,25.529887174267387,,,,137.9462316234112
2028-06-18,Laundry Detergent,forecast,,2544450.1777639915,12.425820953746298,13.018530010127986,28.72952510214576,57.555379206358666,28.031673212083636,95.43099951225877,31.072726522581757,,,,138.03789378673932
2028-06-25,Laundry Detergent,forecast,,2645429.712962937,12.374388219024896,12.977013109788418,29.4731145491104,57.329776348594464,30.714600521166474,95.44794211330623,30.80743475369149,,,,138.10057269639117
2028-07-02,Laundry Detergent,forecast,,2553688.186163347,12.378020693945585,12.922377665801518,29.890078319703527,56.68989419515695,32.690937456621164,95.24064416242446,23.498615067095862,,,,138.1364301370333
2028-07-09,Laundry Detergent,forecast,,2501964.028189525,12.434140873856817,12.89264761655409,29.586706629115188,56.44417192943738,33.15847411541394,94.94568115211665,13.87904402891912,,,,138.15959751045244
2028-07-16,Laundry Detergent,forecast,,2509019.055861052,12.52328163513261,12.922073781925857,28.55514889062231,56.82001371658351,32.309390302551506,94.7318494478225,9.005705872656694,,,,138.18861885125207
2028-07-23,Laundry Detergent,forecast,,2385349.986857929,12.618873221447606,13.014089976829654,27.21037048251546,57.347441769945824,31.05864513897557,94.67265425010271,12.682518094397865,,,,138.2372897768313
2028-07-30,Laundry Detergent,forecast,,2292737.236722412,12.703441858698174,13.136081344609536,26.085949720253662,57.27203381312154,30.25391790912003,94.7033610029119,22.547346208045195,,,,138.30863369317774
2028-08-06,Laundry Detergent,forecast,,2229845.9009420057,12.778842031125059,13.24109364859355,25.452038113816233,56.12622037746632,30.0153101324137,94.69279097216986,32.14573757521005,,,,138.3945193975192
2022-01-02,Baby Formula,history,514956.0,496813.07728276734,27.375776769261865,,9.142307150018754,11.794426757587289,,61.6211163257126,160.48611181048994,97.8153941309317,4.503746616830196,93.86789218858914,
2022-01-09,Baby Formula,history,516819.0,460848.1296146819,26.777150064945953,,6.494555019207203,10.897386770618125,,61.20414527752801,125.60756392407826,158.6915548616137,4.688961220884122,93.32940949006152,
2022-01-16,Baby Formula,history,389027.0,339983.28278188757,26.780654241993947,,8.559842796937371,14.988283039774656,,59.718410762006435,0.0,95.17422515439485,4.091192657940171,93.99400340515226,
2022-01-23,Baby Formula,history,397825.0,376583.2878724294,26.2459474460155,,9.83575444658529,15.795598497809795,,61.614537380917824,0.0,105.57618476248771,3.9081664124442854,94.43986032625271,
2022-01-30,Baby Formula,history,350386.0,327235.5690371074,27.391033924478613,,7.64555711966543,9.461811478339255,,61.81914333818319,0.0,103.04730680896888,4.192287348203582,94.61226968140988,
2022-02-06,Baby Formula,history,371757.0,356521.6618202247,27.385391554720528,,8.907726975118786,17.354121925820486,,61.081787652314624,0.0,65.84536829495183,3.084073671717324,94.92428927625517,
2022-02-13,Baby Formula,history,459219.0,451584.6546130668,26.566726267196017,,8.550478571140948,13.087698367145856,,62.11492141379273,54.179426007903075,39.1495099371447,4.50813648684579,97.5828927780204,
2022-02-20,Baby Formula,history,355947.0,364672.25083941815,27.01199778314082,,9.10086750838481,14.011785652388674,,62.191736622193275,0.0,82.5316730153335,3.095258147793161,95.07308645357624,
2022-02-27,Baby Formula,history,504122.0,499009.6826104154,26.977673413076623,,7.194178148981924,15.730324948593063,,62.09580888817072,158.6791417167416,154.50614478736983,6.976947320130494,94.13994843053426,
2022-03-06,Baby Formula,history,490653.0,462398.94650575315,27.589485791275287,,8.820774626766205,17.73901873599742,,60.942464851760384,69.96583034793464,92.23661408390323,8.716786890029756,94.09407174985618,
2022-03-13,Baby Formula,history,339947.0,339834.13045339397,27.18810271111704,,9.66058767293032,12.513247502270648,,61.93928534996142,0.0,76.11236182604608,9.890205764530569,94.62966196031483,
2022-03-20,Baby Formula,history,342391.0,346891.30985063803,27.37328704377352,,9.900368819886015,13.446593916498546,,62.47959715145558,0.0,71.26004946218625,10.772720748051718,95.08437474256432,
2022-03-27,Baby Formula,history,332799.0,331776.8187330126,27.494349320590228,,6.71303263890617,12.265555814748437,,62.37102283139511,0.0,170.29308869961204,11.0877149234164,95.36020850805536,
2022-04-03,Baby Formula,history,436277.0,439720.8271877536,27.457415719687106,,7.987781377339307,13.36049207786814,,62.79999041071347,54.758676820180845,72.68213433595683,12.303731181625531,96.20628008919194,
2022-04-10,Baby Formula,history,342648.0,374552.69089023455,27.305783661219756,,10.147090277696392,19.611101137281885,,62.651052514720426,0.0,120.0266882990217,12.32966508855237,93.59958282127197,
2022-04-17,Baby Formula,history,346056.0,347844.2271449141,27.154370200233327,,8.002248685394187,18.20881966607693,,62.01068888429824,0.0,116.82461117357,14.087168420791524,94.56492874797176,
2022-04-24,Baby Formula,history,343327.0,343359.72609866544,27.87993538981785,,7.936242480862907,15.15436938405701,,62.42778863082285,0.0,142.15781576151568,16.61404437836227,95.297077683078,
2022-05-01,Baby Formula,history,434828.0,446709.7694777544,27.053938866170935,,7.270664442498905,15.54099779311052,,61.93533011346166,153.49549489524912,37.9506533129162,17.305647370413826,95.9276971674032,
2022-05-08,Baby Formula,history,337115.0,344956.99935754976,27.46517279941697,,9.631993992397083,16.911834121956353,,63.064033938046656,0.0,48.427304766363534,18.840190402611483,94.05893169601114,
2022-05-15,Baby Formula,history,315036.0,326940.0634205575,28.064475024197552,,11.139661325029811,12.204856821533342,,62.03989159997854,0.0,33.8890192108278,18.579150844918335,96.58087712903829,
2022-05-22,Baby Formula,history,309306.0,321055.5236256284,27.41669634089103,,8.857674017860107,12.971420270960955,,61.90765669941317,0.0,49.95186447534546,18.949064353963976,94.94601380878542,
2022-05-29,Baby Formula,history,443942.0,484728.3946605798,27.74527096901964,,9.325890914251142,13.215781660915628,,62.09401106108296,167.68994801762176,124.72854453071702,22.765296980456583,94.19324569923955,
2022-06-05,Baby Formula,history,428268.0,442519.7448084412,27.423330677789615,,7.79575248613715,17.27833424074925,,61.645400998634344,55.36159180595758,101.76462498436652,20.861549441592473,93.8174640542837,
2022-06-12,Baby Formula,history,445653.0,448379.79816566274,27.382419393300193,,8.507845535071924,12.30710784163522,,61.332192532983655,99.10208034403767,107.23455676558252,20.33421333546263,94.45087930188797,
2022-06-19,Baby Formula,history,498740.0,526867.3492870835,27.69215147908287,,10.287538225792288,15.182742335726369,,63.12400465040819,176.64931401303625,127.924423254406,22.361671532928497,95.99380412303331,
2022-06-26,Baby Formula,history,461893.0,474557.30333876226,27.63036203239042,,8.362238303213287,22.04926510854237,,62.85300341167671,88.40689707002116,50.250971587572224,22.97024279317105,95.23216367515366,
2022-07-03,Baby Formula,history,307735.0,327646.8332941915,27.783221771821243,,9.376851596286754,15.738458874684358,,62.06194122360072,0.0,58.12530909005558,24.08926420251015,93.9405162229622,
2022-07-10,Baby Formula,history,456003.0,489626.22504807985,28.10967504112792,,11.316062017337384,13.547891558824537,,63.22749646221505,90.8501036032762,119.76510628005715,25.551876301945953,94.96157463326284,
2022-07-17,Baby Formula,history,300482.0,322477.3436612944,28.1015193577494,,8.045777238272361,13.925581133474898,,63.88703775207111,0.0,42.77707058260214,25.667895148434116,94.3935761509401,
2022-07-24,Baby Formula,history,430056.0,445885.74180934584,28.023585115982726,,8.265476385839177,13.370117054391518,,62.2806838107187,130.08879434283992,58.29015919665043,24.642288109580143,94.74884267212224,
2022-07-31,Baby Formula,history,380650.0,420932.2916780702,28.46202397848428,,8.53220933670123,13.724143606955256,,61.940696938010646,51.721065354230745,84.37828501253928,26.19411495685751,93.33298619161498,
2022-08-07,Baby Formula,history,472523.0,502211.7557976828,27.94455848253897,,9.524652397715569,14.537994112745531,,62.93993960611866,185.6244042264192,109.54546215530672,23.934544837109147,94.59240143866693,
2022-08-14,Baby Formula,history,354624.0,350028.5212490854,28.531263906638653,,9.656357848787414,16.966615965706815,,63.58682058592781,0.0,78.42521630145662,22.72143123918376,92.94266648128492,
2022-08-21,Baby Formula,history,340754.0,352395.8311378336,28.05245125282316,,10.3212436238482,13.745001703524808,,63.46845835710701,0.0,108.40306425074832,21.74927745135542,92.37289479935043,
2022-08-28,Baby Formula,history,441816.0,459958.05803855055,28.072615780271462,,8.718358628391412,14.297071696437444,,63.13517721447917,89.80305959219999,99.18572853615066,22.20351172284562,92.1359229104882,
2022-09-04,Baby Formula,history,326166.0,335098.78843258834,28.171585018961053,,9.086080276532993,13.213335762082234,,62.7637814787272,0.0,101.67636283906502,20.679886632168586,93.34876158214828,
2022-09-11,Baby Formula,history,431157.0,431728.0013254955,28.507890271350075,,8.252621929626136,13.728944337480469,,63.574642843988066,86.74046649490727,40.844821675922056,21.493731830660707,93.43177922394376,
2022-09-18,Baby Formula,history,342350.0,348964.86423010787,28.056228700914737,,8.012605469418805,14.71034193584359,,63.74517047946176,0.0,188.88271392421012,18.821669814346027,91.47469449011795,
2022-09-25,Baby Formula,history,483265.0,484576.1927661665,28.21945767555013,,9.699698625769251,17.038665156669875,,62.38433896240989,115.0008283357602,114.11819585130708,16.55221965229912,91.1830085550858,
2022-10-02,Baby Formula,history,400497.0,396080.31314056524,28.87064473899778,,5.954000242286784,13.05451566211068,,62.49884708141256,60.10510345601068,75.11730458382848,14.246669884907009,92.55280968499927,
2022-10-09,Baby Formula,history,270328.0,267413.4617178354,28.197452999757893,,8.834131779441122,20.048909712799965,,63.193515159276906,0.0,0.0,17.451576246105425,92.00970017665637,
2022-10-16,Baby Formula,history,420584.0,410387.89796677785,28.50778393655812,,7.848817098393213,9.859970148106104,,62.67685696838692,107.88476570640314,64.48188372183438,15.820092648277855,89.97154323699009,
2022-10-23,Baby Formula,history,468922.0,460003.7247545638,29.066160200308502,,7.421254795373297,17.748404521369263,,64.31740643346112,90.18291551857764,70.95485939255215,10.910230910654652,91.37133166179116,
2022-10-30,Baby Formula,history,473986.0,447772.50203988265,28.652447033341453,,7.797302339775264,13.231627367751338,,63.435329840979406,165.04008464212782,48.56289066147793,10.65724256328603,91.2722133924328,
2022-11-06,Baby Formula,history,322625.0,312917.9944899327,29.06360349065547,,7.071936524954351,16.40594332516735,,61.849008845009166,0.0,85.9620872592825,10.329544704152656,91.18535927597412,
2022-11-13,Baby Formula,history,367265.0,349070.1962109712,29.09613178002755,,11.521912726929074,11.524325600079395,,64.31269461156391,0.0,85.80064042192713,9.105107810974728,90.16610219773644,
2022-11-20,Baby Formula,history,344308.0,334530.23142552754,28.603511337066955,,7.922128690964486,17.047456463835832,,63.54229440750698,0.0,79.59482465436449,8.25641641124401,89.29038780505613,
2022-11-27,Baby Formula,history,521592.0,471060.7115658095,28.72296676216699,,11.392280343003122,15.78109441980657,,63.58731877948406,66.97183162791187,73.80389879340024,9.319231467984206,89.20886367399322,
2022-12-04,Baby Formula,history,575349.0,558611.7462798769,28.78663387182546,,12.546556843268034,22.292622179410937,,65.3496901938576,101.20190831569312,94.40363287650096,5.418266837933507,88.46415234623926,
2022-12-11,Baby Formula,history,384411.0,370743.3432060663,29.19840570700659,,9.980588658183272,23.709458634719137,,64.90454557643599,0.0,65.47342523964747,6.853451719888746,88.42638037550667,
2022-12-18,Baby Formula,history,340010.0,343233.93520508724,28.77101648327373,,8.278093596599291,19.12962053085217,,64.66119279936058,0.0,40.55874248950147,4.763257274824404,89.13570252805036,
2022-12-25,Baby Formula,history,361910.0,374646.160528576,28.957649076184463,,11.208011357829756,19.151515145750004,,63.71881393994555,0.0,75.93364301853873,5.0000363153127365,90.23986490595092,
2023-01-01,Baby Formula,history,330170.0,340643.3716924266,29.00671499773673,,6.579661757571611,18.804662354141517,,63.38234582627712,0.0,101.78234698914584,3.0681740697740087,88.13866236918132,
2023-01-08,Baby Formula,history,334686.0,343449.5210664132,29.17852486351463,,9.039890773018271,13.530478895385112,,63.497858615796126,0.0,93.0259247395352,3.0,87.01565766501353,
2023-01-15,Baby Formula,history,438420.0,450273.16166224674,29.73556409894925,,6.942750243087767,13.914081376141125,,64.17867919940291,105.9841272739595,86.21351751452688,3.638004732174514,89.23345450531697,
2023-01-22,Baby Formula,history,314978.0,338107.3575267812,29.263596825196306,,8.696469069478477,12.42519416294028,,64.15829048728037,0.0,86.79652346142387,3.0,87.84003612372364,
2023-01-29,Baby Formula,history,444425.0,460209.6927067651,29.930822663554725,,8.215460814696218,15.116662470973225,,65.01149214833119,72.31560494290616,89.00164575945375,3.627465304941028,86.56175277563713,
2023-02-05,Baby Formula,history,348075.0,351156.40299487463,28.91854899328135,,9.099497733846343,19.482253759115945,,64.61963662532969,0.0,57.06250816892444,5.113548300981992,87.88599347706017,
2023-02-12,Baby Formula,history,471811.0,480637.9715250888,29.101135360198203,,10.736841661237348,13.6615805504601,,65.72963806320759,45.338266518980745,154.6800816041933,6.187647791974121,85.84859469082595,
2023-02-19,Baby Formula,history,306364.0,301236.69010209397,30.00485718286427,,5.971703339511579,13.882184528994369,,64.98371948204824,0.0,69.95505986813035,6.249101315277736,85.25838528327597,
2023-02-26,Baby Formula,history,448141.0,435909.9476336321,29.793596658238194,,6.1117744356057715,15.702918556679634,,65.61707317490733,117.17221031150363,77.73877610346764,6.2078706095481495,83.75881920192252,
2023-03-05,Baby Formula,history,428238.0,429035.807972075,30.14701766842051,,7.943224291678392,10.723477829747749,,63.25411938155993,244.20963924165,68.1654511513696,7.485411310535873,85.06945575380487,
2023-03-12,Baby Formula,history,345324.0,358721.9115538678,29.619340555192675,,10.828580186116795,13.18127819610044,,66.37213640076769,82.47684217796099,0.0,10.42284319906956,83.51403454001704,
2023-03-19,Baby Formula,history,320762.0,327442.6439739702,29.46849895479021,,8.951587796017394,12.595070461822132,,64.72161751316308,0.0,106.45649167222273,7.080338618516496,83.45844418853018,
2023-03-26,Baby Formula,history,446495.0,438424.45689799474,29.86685481588794,,7.887311174563841,12.557426650374408,,64.97642139440282,169.06123477183715,63.98877387340367,9.46800785729281,84.08036848340014,
2023-04-02,Baby Formula,history,353640.0,341907.1582202841,29.88500286343608,,10.025147878204026,17.428986274999456,,64.58926101793301,0.0,125.892703631223,11.181657985361037,83.37742771790062,
2023-04-09,Baby Formula,history,311038.0,298737.3874742304,29.325824537091165,,7.566022371416268,12.455926165055596,,64.89619800641808,0.0,58.20749479638986,11.69708054698663,83.44242890630522,
2023-04-16,Baby Formula,history,471274.0,454347.7453932852,30.17505522890996,,6.850898325168602,17.419274700703888,,64.43628399487649,258.6695465583281,118.1686018889134,14.19621943071346,82.75881673209972,
2023-04-23,Baby Formula,history,298639.0,314275.40541473345,30.319585241834645,,6.946443687884457,17.41017161327028,,64.90819178168948,0.0,122.12420538648114,13.729501124331874,81.9332986275708,
2023-04-30,Baby Formula,history,325938.0,340917.33372794825,29.553996763762672,,10.627012854452902,16.768637982150956,,66.43203709528194,0.0,63.90346561990485,15.43603621393239,80.95241467620797,
2023-05-07,Baby Formula,history,440477.0,448342.5782576938,30.32976978238146,,8.692712354735457,13.33429605228243,,66.09411542400964,149.56187894194645,81.97341198414215,18.29502795119269,82.57072462755885,
2023-05-14,Baby Formula,history,413255.0,399793.1386048457,29.95440192779617,,6.999169366433028,10.288636143364974,,66.82477584406301,89.25708681905482,67.52284092561042,18.587343202562987,80.82359934524038,
2023-05-21,Baby Formula,history,353948.0,325761.4016663924,30.48935167388935,,9.45561231235742,16.775891482822537,,67.49129981151513,0.0,46.25959046888022,20.26110205543384,80.44392893238036,
2023-05-28,Baby Formula,history,320849.0,301624.529031992,30.2978285843832,,8.957141736716036,11.03489182799999,,65.46942721431097,0.0,76.3682222573352,20.189420769205597,80.97281552479922,
2023-06-04,Baby Formula,history,329566.0,292688.88493829244,30.44824918740193,,7.334023529703946,13.920101267407736,,64.98382614366399,39.92033607476085,0.0,22.661002169371404,80.81143526786012,
2023-06-11,Baby Formula,history,476840.0,424706.12774858595,29.81264918560368,,6.882143617130039,16.723544771965628,,66.20928400728039,113.86843669295556,61.10294097741349,20.43886378553205,80.51653648085825,
2023-06-18,Baby Formula,history,366290.0,345591.31054586964,30.410327217382452,,9.953295577387925,17.717285012549482,,67.76886964389799,0.0,83.40671169333622,21.828820213094176,80.12671549282351,
2023-06-25,Baby Formula,history,450712.0,433243.5275450302,30.59866150029979,,10.310059712095256,11.777314566799298,,67.99010215688061,63.80015658606859,58.8918062521691,24.433334169619947,81.33228891950354,
2023-07-02,Baby Formula,history,352411.0,340162.9721372525,30.643935571575167,,12.844874595640388,16.16136073903548,,65.95003113712563,0.0,88.17810239340457,23.988049426280035,80.11037944753257,
2023-07-09,Baby Formula,history,299542.0,304170.28754345124,30.672727006279572,,7.544677825630494,15.586356651171943,,66.71724065291315,0.0,60.62595977411912,23.32013406968531,81.59234220215897,
2023-07-16,Baby Formula,history,350777.0,328456.55397027393,30.462812597675264,,10.8461730979139,16.556323028303126,,66.29798962311854,0.0,51.12290313372521,24.183890887028248,81.16496403969586,
2023-07-23,Baby Formula,history,465715.0,448950.0895108709,30.32132154102956,,10.785193659991672,11.148913154515125,,67.92516879309215,67.17279895496885,97.92652460972788,23.488337410510248,80.56987251243564,
2023-07-30,Baby Formula,history,341821.0,328319.38314953377,30.89140278574633,,9.99443069814097,16.225497287923375,,65.75921216226834,0.0,101.08396400383948,21.232067127841,80.02480655989163,
2023-08-06,Baby Formula,history,312643.0,314503.2507586447,30.959928277713413,,8.001839666175432,13.07963142849195,,67.58059302833936,0.0,83.08192077983303,21.938955975221692,81.19231479198794,
2023-08-13,Baby Formula,history,461217.0,435587.92093937413,30.80319587901907,,7.499590058592465,14.133751604450987,,67.51128894126529,81.5279952026847,115.48552905446994,21.697624631206853,81.46808597231951,
2023-08-20,Baby Formula,history,432285.0,447720.5611418284,30.54768716403376,,10.070201293651555,14.158660396085288,,68.79574201021433,75.82436736389747,49.114114268525306,23.200054649484837,80.44173608427003,
2023-08-27,Baby Formula,history,421860.0,433364.37079320825,30.59087380845288,,7.0923149892713635,12.39638044033561,,69.85200884998268,111.22500279808249,49.10665835725516,22.40096314188521,82.03697865495275,
2023-09-03,Baby Formula,history,482472.0,489510.2245901637,30.69380720680648,,11.823315694805572,17.38904061240142,,68.90957019191242,71.77199732604403,74.40655678314648,21.766996630453026,81.41811326706994,
2023-09-10,Baby Formula,history,297720.0,302717.7694808508,30.969605594893615,,9.07982599675132,11.154430197359412,,67.76998053861062,0.0,32.32847044346351,20.681782453968417,83.35033218604883,
2023-09-17,Baby Formula,history,294224.0,303828.55196762737,30.38068585631806,,7.344593988371957,12.697995499555446,,68.34182504484845,0.0,42.59123667163807,17.861984809120294,81.37145143422492,
2023-09-24,Baby Formula,history,416837.0,420513.2525590579,30.511184868536315,,7.662029491723152,11.95281395540626,,67.0366571751498,81.2974626319405,84.57739599405909,16.9288689829114,82.65448831807383,
2023-10-01,Baby Formula,history,449616.0,475761.30739512143,30.80439625021057,,7.575601212122017,16.62595715469351,,68.8942382795265,289.9683722935785,37.61576454749879,16.35401814795208,83.40240936850219,
2023-10-08,Baby Formula,history,314163.0,332532.129345704,30.718840365821883,,8.931674808990767,12.699808017989898,,69.71285997844095,0.0,51.7455295094105,15.214946890585782,83.55671784431773,
2023-10-15,Baby Formula,history,368957.0,394452.4740409548,30.844039499029194,,4.933465054537937,14.145318974189989,,68.69012563925519,75.90279011040167,61.13981787600181,16.153524290801897,82.3970637286763,
2023-10-22,Baby Formula,history,419916.0,444678.0423078848,31.438219935076855,,7.3482960780886755,17.037956554310608,,69.49788848388762,44.01675004463493,107.42026727052682,14.85167086321712,83.83074829927585,
2023-10-29,Baby Formula,history,526493.0,548181.0879692015,30.788918268704187,,9.213195245573337,12.929558636543211,,71.06945507033072,253.4136305934111,169.09679081026127,12.31067858984546,84.47593370864314,
2023-11-05,Baby Formula,history,325206.0,353883.3625358921,30.759794414330337,,7.13491937512147,17.48247031230272,,69.85912627453902,0.0,102.6972482931064,10.352567542823484,85.9091980743163,
2023-11-12,Baby Formula,history,309870.0,325778.80688169843,30.823731975925508,,9.510670991943162,10.025824491786402,,68.23414886608613,0.0,60.06038370091544,8.531475050774244,84.99625849093209,
2023-11-19,Baby Formula,history,431056.0,451270.71759584086,31.16829088476299,,8.30090546641983,14.931564083392493,,69.72830300673954,73.10311604098163,44.850768564924,10.291873917742569,85.26356073272406,
2023-11-26,Baby Formula,history,358781.0,385798.0913040916,30.778819198032114,,8.719904224711657,19.31278402820366,,70.91988127643985,0.0,107.78169456455666,7.862900996466086,86.54559455185677,
2023-12-03,Baby Formula,history,501357.0,539335.0482096627,30.719972461546547,,12.751654749297668,14.657354385666943,,69.08295718690488,121.40569307558806,111.65271999914434,7.835519470779903,85.89360982614991,
2023-12-10,Baby Formula,history,407350.0,410472.83537563693,30.6828054831512,,9.164037523018408,28.39462175475223,,70.67732153858364,0.0,70.83183551545694,4.829770497467159,87.2195082844071,
2023-12-17,Baby Formula,history,510665.0,529313.0414363974,31.384024524618873,,9.6887197796315,20.671914213881507,,69.62846449376211,98.76764230963433,88.43597214329507,5.653950762722352,86.44887049099735,
2023-12-24,Baby Formula,history,543822.0,529676.7372710162,31.13070565775295,,8.94122421191971,18.449572034800234,,69.27365017151452,113.21437203171548,102.80735082940484,5.676836057330993,88.46585908039776,
2023-12-31,Baby Formula,history,509006.0,528083.1954019248,31.39919327574765,,8.467099139517929,15.459598680683186,,71.82689601076224,150.545771814586,46.75933098020074,4.219753868820218,87.9319187380164,
2024-01-07,Baby Formula,history,514959.0,504458.37839457457,31.218773738473395,,6.581668705545836,21.85428914714512,,68.73675900734192,123.00072958647348,75.26164405890705,3.307700414456305,87.33127593447433,
2024-01-14,Baby Formula,history,349314.0,363986.44191203365,31.512817768817147,,7.446832270526861,12.609673258463454,,71.78741307553773,0.0,70.37504610857891,3.332120091293826,89.78275644677238,
2024-01-21,Baby Formula,history,348057.0,360535.3497590327,31.94206125772933,,6.506471027441034,10.987634648641889,,73.0121326212327,0.0,122.0602759805818,4.758976454585221,90.14685653589522,
2024-01-28,Baby Formula,history,445550.0,451943.7366667695,31.62964506393736,,6.760979517126052,11.315210407783113,,71.36510008588311,80.06197512050502,53.733107823500575,6.083046613071854,89.83380523869856,
2024-02-04,Baby Formula,history,486942.0,518883.8111107258,31.517161534936125,,7.5457007644159,14.343229878966238,,71.5973527448058,150.50623533488834,64.19132573028153,5.009577459216099,92.41964193304612,
2024-02-11,Baby Formula,history,551917.0,520499.4195870088,31.308737802743178,,6.835164858519994,12.824300707359315,,71.2803086114124,174.76008614207154,125.12740434881408,4.581781570347554,90.25786690132654,
2024-02-18,Baby Formula,history,560047.0,514042.37924009864,31.052882066186047,,8.028908051075378,21.633237401325136,,70.2062088752368,68.5539004398598,79.25825472112508,6.86057495143317,92.28628793510852,
2024-02-25,Baby Formula,history,408050.0,392798.1921262819,31.09655930086076,,8.083170714616534,17.643631388088824,,71.96098080453858,0.0,73.51533899368549,5.095358371202252,93.60114224391504,
2024-03-03,Baby Formula,history,564096.0,562643.0003314788,31.432466542617664,,8.64680270462575,16.9717030250602,,71.54526017446508,135.62726175593403,156.2504937374449,7.519082032014636,92.63034720971726,
2024-03-10,Baby Formula,history,500420.0,505514.2224293855,32.06542500824087,,8.558751051684123,15.34867188212034,,73.17405457260665,47.49595376300118,79.43378063255516,8.160192840209376,92.51290250608804,
2024-03-17,Baby Formula,history,391446.0,387313.7478086459,31.34884707302595,,7.374523324831433,14.509328958410828,,73.76282086473196,0.0,114.6301321335693,9.82063498238303,93.59378995577292,
2024-03-24,Baby Formula,history,505058.0,527690.5893977791,31.13809545849111,,9.35566612724859,15.472912722674833,,72.28363622317198,52.11500134991431,112.04975827634372,9.377090484507072,93.55866064161698,
2024-03-31,Baby Formula,history,374008.0,384038.9246827008,31.082857862304344,,8.672231645403578,14.683236916303768,,74.18132321671409,0.0,56.08357562161954,13.419656677831362,94.50439653851932,
2024-04-07,Baby Formula,history,566156.0,570986.0493343241,31.58175801092632,,8.828602535560504,15.240004046858347,,74.5117613264567,162.43974174751312,76.35352474127309,12.72156315269494,96.73613567181104,
2024-04-14,Baby Formula,history,570050.0,542164.1997500752,30.895616020085544,,10.78716719219501,15.342761182594106,,71.6816644112941,161.49591760490387,45.46742809492764,13.77645361359137,94.04926986155716,
2024-04-21,Baby Formula,history,490744.0,495275.77050577506,31.579285077826228,,8.491451833066451,16.19431956718143,,73.03556916901302,70.48624513671312,36.27535240218294,17.111647048668868,95.29214618858684,
2024-04-28,Baby Formula,history,520744.0,554226.6898499711,31.582378277526807,,7.55270609246798,11.384780372932338,,73.8937659972273,175.78056555613108,193.5870536820523,16.516168944312845,95.76010923972896,
2024-05-05,Baby Formula,history,381536.0,375677.7076321847,31.57741389676419,,6.978374421311373,14.962919373143272,,74.45288356911648,0.0,65.88708713715353,18.310955581178668,96.89738075854284,
2024-05-12,Baby Formula,history,465449.0,492078.8466731631,32.26105496255918,,8.368058310301551,11.376539618838493,,75.77361359480838,56.50323259847717,41.52625088562602,19.42603292834756,96.8529545254208,
2024-05-19,Baby Formula,history,364623.0,347548.25283911964,31.792536510834545,,5.6722609359287555,14.75983383620618,,73.75355710636232,0.0,49.06710726055529,17.88353372268214,96.14681754846082,
2024-05-26,Baby Formula,history,542843.0,555598.2454996526,31.672326205716672,,7.400216337062033,17.15850083712225,,74.54882981128756,78.78783074654534,152.82366746601303,18.327597520483177,97.13993264887728,
2024-06-02,Baby Formula,history,591773.0,571311.6963434039,31.651709968313277,,9.603204642548455,13.688075193686108,,74.36822810478266,248.6237779797812,54.36260256753608,21.338936173713225,96.32842582137256,
2024-06-09,Baby Formula,history,402132.0,418827.83698808256,31.258632988567836,,10.87084482762567,19.08226935471776,,73.30824969804709,0.0,58.39773770700329,23.01142860569013,99.3707320126854,
2024-06-16,Baby Formula,history,419852.0,414706.2486348109,31.268857644297935,,9.693798374159948,18.221802371820043,,73.21949542877843,0.0,94.71872413911149,22.860692947824973,98.01224786271692,
2024-06-23,Baby Formula,history,422755.0,423332.44783898216,30.832163913204727,,8.364295597320158,19.14694059956084,,75.45262915515674,0.0,86.06923162813914,25.85112185301724,98.81316920422312,
2024-06-30,Baby Formula,history,393628.0,393091.4443422832,32.041952438809204,,9.23859759377561,14.442752036048525,,75.51267318496646,0.0,50.57912654402836,24.671260281718553,99.28242861244377,
2024-07-07,Baby Formula,history,622546.0,609909.4133421701,31.3970529933682,,9.647899434357566,13.876449323422904,,76.18683819758597,188.5552505666309,115.06723587386716,23.97431091533168,98.93386851932208,
2024-07-14,Baby Formula,history,616888.0,616913.217360524,32.025875053842896,,10.76408943314627,16.138044888506517,,75.14852029938085,130.02114694685943,116.34137336316957,23.38158020139877,100.46411349766426,
2024-07-21,Baby Formula,history,653596.0,646564.2764743182,31.402804205538203,,11.763449965140143,16.93422346961495,,76.14346363582727,170.4955301668191,89.34433603014388,25.59630492011361,99.29851043538385,
2024-07-28,Baby Formula,history,485176.0,468369.1826187039,31.15726046286498,,11.85587459601393,16.194225722171605,,76.46929954347472,0.0,134.2079885509468,23.839277545530695,99.94817271372568,
2024-08-04,Baby Formula,history,424251.0,421179.5155870344,32.06286766085307,,8.927086719764043,14.438504722595264,,76.0578536485051,0.0,120.26849438556089,23.967654370416433,99.6082360351417,
2024-08-11,Baby Formula,history,598270.0,601418.8517184608,31.209724546109545,,10.996019055012791,16.88993736358528,,77.78726090673624,68.0811816990802,54.88251223085908,23.57152762098473,98.94561890632022,
2024-08-18,Baby Formula,history,417626.0,412949.2524468346,32.08674813258233,,10.15431366238468,12.422714113676678,,76.93569449898433,0.0,53.40197729890535,25.675350020457063,101.6831271954301,
2024-08-25,Baby Formula,history,398379.0,399510.46182444564,32.137286683365645,,7.9891848217589345,10.929384026026954,,77.71992191371675,0.0,81.03382842109437,19.90969349893652,98.6902219868456,
2024-09-01,Baby Formula,history,374595.0,358432.9486737548,31.5399160420068,,6.479376225094587,9.772494185500518,,76.42983092689043,0.0,46.41267166066676,22.553310496146977,99.8734834931518,
2024-09-08,Baby Formula,history,607785.0,587334.9750511744,32.35758672191909,,9.029925830522668,15.84880322304589,,77.88356743897512,44.9685951121219,150.54358458005427,20.3672106970004,100.84215198213798,
2024-09-15,Baby Formula,history,595249.0,574705.5995870028,31.836025255778395,,8.372406676954462,19.23795899165977,,76.02169623323293,79.19058569154762,75.56193887545372,19.09168798779311,100.2439585843997,
2024-09-22,Baby Formula,history,462638.0,432418.771717887,31.811502275410117,,9.724067835932129,14.459551536580902,,76.94006105496535,0.0,97.6081493986088,17.262567065597633,98.82862656078296,
2024-09-29,Baby Formula,history,591995.0,572113.460030912,31.898018843779095,,8.476197323035356,15.867848237050392,,77.57895308366984,44.67288481247539,86.97875025269568,15.314073935004576,103.37732331010878,
2024-10-06,Baby Formula,history,568655.0,579338.2189117552,31.78921178536368,,8.701251656515323,13.351910006179876,,76.20969274069897,132.96922852942106,85.5074304053013,15.739631958550593,100.44612384256686,
2024-10-13,Baby Formula,history,554660.0,519593.357912566,32.09753875803595,,8.94742845345156,11.804049485927248,,76.37558484540112,49.6480944399196,51.685778848793674,15.707787397215624,101.03073685019224,
2024-10-20,Baby Formula,history,415376.0,408337.0163833361,31.97618726790789,,6.663967661727981,15.112951747030593,,77.76001974760774,0.0,85.434528157082,14.014065804550109,100.6497999746882,
2024-10-27,Baby Formula,history,643081.0,600061.642888342,32.0276801606798,,6.974084085680807,15.09340136468673,,78.58534264382989,170.83979992817294,71.36782159511998,12.439840113976306,102.76080956905156,
2024-11-03,Baby Formula,history,455293.0,444900.5955840148,31.982487036630268,,9.61632741052329,14.093729922567022,,79.10813139789316,0.0,76.57486644253116,11.739968287874497,100.09672501379708,
2024-11-10,Baby Formula,history,608077.0,585323.263456424,31.740133827001763,,8.029322461644158,16.334419950867545,,77.13741920433314,110.02678828786274,60.76799437244894,8.769663364815298,100.23447370854856,
2024-11-17,Baby Formula,history,467863.0,470158.67071205314,31.64337759785409,,10.175214189113992,18.144672854689748,,78.29637453355988,0.0,86.95954369041172,8.619773247868473,100.48320131340375,
2024-11-24,Baby Formula,history,371102.0,366433.47873778,32.57547921243185,,12.480816013281872,14.53533125007396,,78.56321172229669,0.0,0.0,6.833927774931429,102.17661673439387,
2024-12-01,Baby Formula,history,386105.0,377392.83405148785,30.98029588637693,,10.380382877336018,23.132608360881243,,77.45603311143807,0.0,0.0,6.600280998823011,102.82565603030648,
2024-12-08,Baby Formula,history,488120.0,487698.4330162645,31.769563107111317,,10.075175125342176,22.084742174051673,,78.10074825981394,0.0,76.92649450345553,5.100696737018158,101.70077413900631,
2024-12-15,Baby Formula,history,650049.0,664261.5329230982,31.750551733573403,,9.703966443634222,14.976390930208192,,77.93210505565226,167.60473085795505,145.623694021122,7.241398109312552,101.1660044196916,
2024-12-22,Baby Formula,history,615956.0,622586.8504015587,32.042050667420334,,7.937867352028563,20.5635918079686,,78.27905797990677,84.76899508908411,76.62338285147426,6.24730412785824,101.39277536997956,
2024-12-29,Baby Formula,history,565733.0,592763.5900969016,32.39180051538636,,5.831914153775387,14.130083456816882,,77.23278134696096,193.04069547817215,92.19491409605546,4.024942055887585,102.130926479679,
2025-01-05,Baby Formula,history,565290.0,595915.7256311389,32.81560291676367,,7.92758218906499,14.155585869524938,,79.9611512628292,88.55436652334917,42.87228535745973,4.402358702893787,102.33179400676428,
2025-01-12,Baby Formula,history,415425.0,447132.7857673629,32.035004179791905,,7.217017745379818,16.85698555727624,,78.60071635858603,0.0,88.77932057074818,4.386208385387767,102.88523903355544,
2025-01-19,Baby Formula,history,445574.0,444396.1681987466,32.29153076557174,,5.6865449784157,21.172433526710105,,79.81362788638964,0.0,74.56118057665188,4.159630008220258,102.74217992622992,
2025-01-26,Baby Formula,history,455570.0,449363.94227268535,31.684920088061443,,6.854189913386994,15.75687243844335,,79.19810009101175,0.0,97.99917576862288,3.2117928883357436,100.71507101083364,
2025-02-02,Baby Formula,history,622563.0,605368.0649174158,31.900036613480932,,6.1383365992092775,12.877761165872,,79.56685962298303,220.5040944783686,62.81978542961144,3.860357217320669,101.37141410970028,
2025-02-09,Baby Formula,history,423403.0,409194.96025526954,32.205780834676496,,7.330391834741602,14.04603906275247,,78.13867797369664,0.0,39.323716758120426,4.744759362036409,102.33145882666392,
2025-02-16,Baby Formula,history,619198.0,582293.0808891194,32.45903814952751,,7.300923370739449,13.549950904040337,,79.01670856360379,69.82931217264706,104.8183204840618,5.8940240715905245,102.5579714781827,
2025-02-23,Baby Formula,history,605418.0,598509.4409939712,32.41452050337439,,9.80112487706232,13.701146596495432,,78.08914984803961,81.82526253654635,77.71251702894722,7.077893166796361,101.8536913181876,
2025-03-02,Baby Formula,history,417276.0,415344.6472384942,31.970556952489535,,8.31125316165723,9.75058313809737,,78.60453768720342,0.0,63.48109694995328,6.226254822694095,104.24911499754762,
2025-03-09,Baby Formula,history,459251.0,432390.4171344875,32.77207214720397,,8.64069034736081,12.487108202807285,,80.63043260103427,0.0,59.54171818377352,8.512295791643762,102.07534002417364,
2025-03-16,Baby Formula,history,703969.0,657055.6818414456,32.293428210150154,,8.597340293575773,16.767541116828834,,79.0744020348969,172.3604925623605,124.37297282892804,9.813120002521629,103.06209172046772,
2025-03-23,Baby Formula,history,476518.0,457295.5946719868,32.68399089125379,,8.71956406447589,16.470866532875405,,79.19606375707775,0.0,102.86033420020742,10.098568534443997,105.21542463590204,
2025-03-30,Baby Formula,history,621156.0,610474.5012185388,31.914468446449185,,9.673424187225354,15.17597074934243,,80.27406950104498,81.89759454497683,59.120228559882314,11.659800194267836,102.05706958823797,
2025-04-06,Baby Formula,history,604895.0,563665.6360878584,32.165436595967165,,8.309847395200219,9.6336107063921,,79.20656615144571,102.19379501281016,85.20207636794215,13.52064625678952,103.24238888318656,
2025-04-13,Baby Formula,history,458063.0,437072.2873245902,32.35390520630392,,7.740555462384151,18.09732784504442,,80.91561759717162,0.0,46.93791367875473,13.486446580743449,103.49506810016656,
2025-04-20,Baby Formula,history,464491.0,440876.7004942434,32.70861611283439,,10.509244338277403,10.943613068149707,,80.5927040075255,0.0,71.32020167155427,16.125826771211276,103.48428033585492,
2025-04-27,Baby Formula,history,636765.0,596759.0370189472,32.12066270163413,,6.179307578666353,14.328924293422634,,80.98190879323596,110.38800700926704,142.90893524035448,17.207656223822934,102.01037345740907,
2025-05-04,Baby Formula,history,437816.0,445849.53914836864,32.36845236268728,,7.512965147950071,16.750100462913082,,81.87903603715233,0.0,76.87849345755983,18.12840350772123,101.98349570933853,
2025-05-11,Baby Formula,history,624994.0,665241.0548437987,32.428760875062785,,8.227940624866424,17.18286406553775,,82.39203003337893,159.13925640931413,86.26427392999001,17.096420256744324,103.05010527612684,
2025-05-18,Baby Formula,history,597276.0,615513.7639790175,32.328402053593365,,9.87663263561519,16.566978965003972,,80.48930737609203,70.62072500594729,60.11021566619223,19.33628030477069,103.92143009857996,
2025-05-25,Baby Formula,history,661637.0,657849.5891890778,32.32761965292014,,7.297423336400146,18.87466100466623,,80.7794112554693,239.12284832203417,83.13468955970372,19.23257939489835,104.14978360857856,
2025-06-01,Baby Formula,history,676654.0,657525.6106723171,32.02319654816078,,10.15795698662408,18.71893550483811,,80.17407417541126,58.77706792519626,167.36198858550574,21.08513994254824,103.54724366444997,
2025-06-08,Baby Formula,history,448295.0,437526.46214531135,32.29160794625045,,9.889334373749714,14.643404466087429,,80.5138585086243,0.0,47.22818951637199,23.37175170344084,102.07130893328834,
2025-06-15,Baby Formula,history,438607.0,431121.8448392251,32.859914830153365,,6.72085375299644,16.337789537618562,,79.91271216936542,0.0,116.9831146347919,22.293762242623465,104.69704709080824,
2025-06-22,Baby Formula,history,473364.0,478803.4662708343,31.753177364051123,,10.807951240705878,19.059707388073388,,81.33970723172968,0.0,51.3777087771954,23.28041017702861,103.1634093168841,
2025-06-29,Baby Formula,history,620844.0,625277.9246543894,31.91175677532418,,10.50631765197389,20.5925272523204,,79.20856273807802,78.12102746001226,63.30440061522444,25.127191743781804,103.98262786102347,
2025-07-06,Baby Formula,history,592017.0,612811.9318880684,32.26170162294367,,8.639246811302305,17.47470830931232,,82.21324019290857,47.03982527591529,101.37562114161324,23.70607205090636,103.40645855545264,
2025-07-13,Baby Formula,history,565576.0,597344.2519585444,32.817075966714455,,7.815146114604387,19.02058725304867,,81.03842660518994,99.13816060724048,45.581051864758706,25.54659676196952,103.16517715547404,
2025-07-20,Baby Formula,history,460459.0,465652.4918200116,31.88508758107014,,11.234609299593544,15.939338951391246,,81.18682215535617,0.0,52.80638486610112,26.31867061720426,102.54289703495466,
2025-07-27,Baby Formula,history,416746.0,429447.76860353415,32.0845387714876,,7.814999010550995,17.51810989281246,,81.19462704262858,0.0,36.940587637618194,23.09433854621936,102.57820476663044,
2025-08-03,Baby Formula,history,614008.0,591920.8462088922,33.24564546503405,,9.878617422811256,12.89522972712072,,81.12091100436236,102.66671354209002,42.48982073377978,23.49161006290846,102.99146516631228,
2025-08-10,Baby Formula,history,396477.0,401660.2199806851,32.58250588213536,,8.405007801801922,9.8140186315558,,80.78066773367023,0.0,45.690043759808816,22.717333836999295,102.59880248730744,
2025-08-17,Baby Formula,history,465520.0,461142.7809138401,32.33575328979329,,8.174640276667796,14.521469488204852,,81.47789082418258,0.0,123.2884936340881,20.187498978846623,105.04483091280854,
2025-08-24,Baby Formula,history,464461.0,448513.53079114686,32.51079936132178,,9.5611719783402,12.041382552272774,,82.0527386637939,0.0,78.00795477360317,22.54065706714638,103.08885887488724,
2025-08-31,Baby Formula,history,580021.0,583551.0921548879,32.670714160566504,,7.950969455081952,12.546025309035455,,80.78957463382945,116.31319368719345,58.0939182232432,18.447261319647804,103.0112905040354,
2025-09-07,Baby Formula,history,442562.0,447331.23190733086,32.31248579146163,,9.281432812691158,14.717254183387888,,80.93739119614291,0.0,62.44190364489901,19.579603302836823,103.89953609800703,
2025-09-14,Baby Formula,history,384384.0,387097.1017663089,33.177074044743975,,5.475339939170211,10.70483548085248,,80.3007090099391,0.0,113.49459552852554,18.40352448158232,102.59878390862444,
2025-09-21,Baby Formula,history,420248.0,428684.41485015117,32.85718918143877,,6.726229305903766,12.867935130671448,,83.69052305939287,0.0,62.33039175521759,18.65229146218407,104.2825862668427,
2025-09-28,Baby Formula,history,577638.0,589381.199463064,33.23749785642914,,5.563402612965983,18.453281138705712,,80.54615773056992,155.4340127775031,85.22770617902914,17.097827052699255,103.71031449013316,
2025-10-05,Baby Formula,history,575776.0,564864.2969475013,32.47286642172804,,7.170189006096734,12.494832564103374,,80.31962949522213,93.04269420849556,72.20397565821686,17.520275275559566,104.25608725657834,
2025-10-12,Baby Formula,history,624979.0,622780.893009522,32.76638821194021,,9.620426493593174,9.983026947374604,,82.84500443417714,185.2821253801936,45.25078410917103,14.332320323351428,103.7789063662688,
2025-10-19,Baby Formula,history,435337.0,426785.6495685021,32.78014634716999,,7.414384692229213,14.080516464107871,,81.37851682744764,0.0,53.08065001089494,12.384738830462885,105.16789313744664,
2025-10-26,Baby Formula,history,444157.0,454055.54200350057,32.3712806160223,,10.691493071278236,15.566531531057732,,81.59456759442264,0.0,28.52780393894269,10.570947760693366,103.777350896184,
2025-11-02,Baby Formula,history,661657.0,632667.3355051504,32.519942530233855,,9.616691845205471,14.94495107830025,,82.28746678999269,69.93482131806259,58.87374954590164,9.215736612912124,105.1492996019934,
2025-11-09,Baby Formula,history,683354.0,654385.4207930106,32.981785816283356,,8.617305111777334,13.798939204215433,,80.35729836406222,199.39756223750183,96.38042123240162,7.801417212164743,105.76402730904576,
2025-11-16,Baby Formula,history,483296.0,472876.89914101845,32.65968795359882,,9.004753008078152,18.685382440867077,,81.09356689823579,0.0,76.67038293260467,9.221131398271844,105.4408671059182,
2025-11-23,Baby Formula,history,467466.0,479438.96871767455,32.68181922029961,,9.715953450749408,17.00901625982971,,82.88818832175858,0.0,65.83912175402875,8.925136355433931,103.69524636164743,
2025-11-30,Baby Formula,history,688258.0,685505.6362441581,32.53752823669487,,9.724210581437688,18.488149027325285,,79.61007548374455,122.3381512574916,135.0811542287203,6.063477492641609,105.9499095163308,
2025-12-07,Baby Formula,history,724592.0,759922.642832944,32.25332342485817,,12.836927547799318,25.66464855482615,,82.9907606030316,102.25834577998134,54.32290023134823,5.426440431182378,104.1216360810559,
2025-12-14,Baby Formula,history,529025.0,511869.3547559333,32.08703965378314,,8.871150301339883,26.23740013739845,,80.74538607678313,0.0,133.80908773989813,7.410968258470049,105.08479803932664,
2025-12-21,Baby Formula,history,761199.0,758480.9172553692,33.33653633167958,,9.732090944342426,14.641081263541135,,82.9319481165742,350.038719861478,124.0538782624056,4.1362040425894095,103.95173673668076,
2025-12-28,Baby Formula,history,502222.0,503486.2639060377,33.02051866298571,,8.611061909113753,17.28573036142717,,82.61793891666589,0.0,94.57505204275704,3.0,104.93614353375617,
2026-01-04,Baby Formula,history,527093.0,506381.9100889631,32.689107225110156,,7.587957793721136,20.68794475084639,,82.46263950492603,69.05323484157613,0.0,4.135582172692854,104.54014442201964,
2026-01-11,Baby Formula,history,593033.0,585423.0056942913,32.33032212871557,,6.675752846194491,12.21951344638886,,82.1265295143516,126.66453788277263,45.0036619682362,5.657470660447823,104.3532980875067,
2026-01-18,Baby Formula,history,629766.0,628509.4355896162,32.65837529506095,,8.05997486877078,14.786890615331114,,83.37467519508986,79.40597895703915,64.51416037132489,4.796691793720872,102.81473525295796,
2026-01-25,Baby Formula,history,432334.0,457415.92229006113,33.306618827136184,,8.433375339109004,13.757237067858402,,82.4704007889335,0.0,78.63982764217526,4.525171838462346,102.67187621730882,
2026-02-01,Baby Formula,history,445217.0,483466.0342940609,32.56410271274101,,9.387396226913618,14.620413329876945,,82.48843576381164,0.0,74.31157080341308,4.218349437716808,105.68251692999462,
2026-02-08,Baby Formula,history,577423.0,591461.7899509572,33.70493270430846,,7.989875931485503,10.676115549321498,,80.40563905995974,185.71846651332115,36.6517589834133,3.6597416231024553,106.25204736527742,
2026-02-15,Baby Formula,history,630856.0,640187.8912337236,33.08573533126858,,10.10331875594082,11.017695863764846,,82.4031751360138,105.08314427533256,90.24523461546836,6.6560029151275035,105.14220079397356,
2026-02-22,Baby Formula,history,444761.0,429055.15354054014,32.88879081727656,,7.924827921009647,11.97758873288692,,81.58851211210741,0.0,68.65615362643119,7.706110030560757,104.81988395744357,
2026-03-01,Baby Formula,history,448544.0,477438.3759331587,33.16998657948645,,11.04792425430412,14.13210140124712,,81.43476659457058,0.0,113.42841978388108,8.965928332853338,104.38453451410136,
2026-03-08,Baby Formula,history,412687.0,439433.8769468625,32.736654317568245,,7.1023104515293864,16.487367621938574,,81.59403711622227,0.0,79.81780469465615,7.8558933186828765,102.925196547867,
2026-03-15,Baby Formula,history,536580.0,578679.0111078065,32.898402513356935,,5.026625044521886,20.214112272508675,,82.85225339832961,73.8876594892918,71.59633111537693,9.210662473400884,104.4964066657824,
2026-03-22,Baby Formula,history,565036.0,610775.8905387089,32.78718857036235,,9.376100065691862,18.750371645248293,,82.23552396468322,47.304009118787945,53.4855903316339,9.068300699053546,103.14991967695468,
2026-03-29,Baby Formula,history,453631.0,476724.2197569238,33.467494428061556,,8.882259907766878,19.649880452935776,,82.48068354141817,0.0,106.66409577872253,10.97611963774951,104.23100909146498,
2026-04-05,Baby Formula,history,322445.0,340441.2547877254,33.4962139791596,,7.82270009254255,16.714609657205802,,81.78266267029832,0.0,0.0,13.566166510467164,107.04826847111262,
2026-04-12,Baby Formula,history,592520.0,625832.6360117844,32.902861374821434,,9.871360247748031,14.99801713915022,,82.88856344374139,74.1808710672196,52.58602875521154,11.49493653539616,106.91527090532917,
2026-04-19,Baby Formula,history,455564.0,457881.20861425024,32.72809665018659,,10.92852087500246,13.93478706017696,,81.42264615870135,0.0,63.641877965239736,15.40528640990351,105.84734659595186,
2026-04-26,Baby Formula,history,422406.0,445926.6818016173,33.792644594808465,,8.797671349915841,12.866491857144144,,82.71299150441585,53.11557057585495,0.0,15.196565430645048,103.8481941534157,
2026-05-03,Baby Formula,history,529502.0,547568.4532360138,33.81359714866364,,5.798999934179952,12.260764722116452,,82.99923177673394,88.39960597086326,71.1189284615189,17.877179998194446,105.38131191676167,
2026-05-10,Baby Formula,history,587867.0,590862.4678561079,32.936335464861365,,7.311071852262242,12.772316507374825,,83.22599059890337,98.74410578191932,75.25605348617894,17.976605457588516,104.46938611824604,
2026-05-17,Baby Formula,history,458898.0,458081.1255496166,32.89931365537298,,9.141478010938226,19.000656501345887,,82.4776572008913,0.0,63.017627414598266,21.700684363871215,103.5156690853103,
2026-05-24,Baby Formula,history,442505.0,435549.31692692783,33.23849035535813,,7.46402203472742,14.346016475667057,,83.31203055817703,0.0,80.60316974846805,21.930629055984415,104.50102957877633,
2026-05-31,Baby Formula,history,696642.0,669621.9974028099,32.84341045208311,,9.00295044041499,16.127232751477596,,82.70846289719425,163.7260915316159,107.14294951165084,20.317711279733025,105.30986459185095,
2026-06-07,Baby Formula,history,626298.0,646111.1955902731,32.57985646556968,,9.66628268123936,19.564285969181544,,81.8651499000201,77.43098336898098,92.97564576902911,20.183384415885293,103.80108177051312,
2026-06-14,Baby Formula,history,785592.0,767290.0164052133,32.78942895868626,,12.716169887105172,25.648182535756412,,83.88905849682722,142.06965613761727,88.45688745874892,22.68022999184379,105.36649898832688,
2026-06-21,Baby Formula,history,728724.0,679515.8038889981,32.78856742635044,,10.366257738912156,29.215506027812236,,80.21242770971085,68.02572973731782,117.74491285387414,20.217291500677263,105.035803684003,
2026-06-28,Baby Formula,history,731687.0,687670.786899582,33.183451308419905,,10.011275697589465,18.114328518669144,,82.61109407725527,148.00716270465026,152.34566697249684,22.59336092530272,104.40451372917164,
2026-07-05,Baby Formula,history,516949.0,481265.3841214875,32.4821381203046,,9.375151739974926,23.5368720503147,,81.62993237548253,0.0,86.31398856573479,23.043910629204863,106.71626447361471,
2026-07-12,Baby Formula,history,457895.0,443006.2218183475,33.09318505089805,,8.664110441442823,18.47389272732832,,81.56675080992058,0.0,47.47205993848283,24.614874187220156,107.1745949273087,
2026-07-19,Baby Formula,history,499136.0,473460.40434286994,33.05956910770566,,9.145137428425874,18.42858604533895,,83.06995781854174,0.0,99.34367288930312,25.774681222123956,104.34558933098138,
2026-07-26,Baby Formula,history,447254.0,466023.03280324495,33.94314732924686,,9.829817193196485,14.98129820269762,,83.8010561749032,0.0,72.35902728765309,23.67802802526316,106.82838109908867,
2026-08-02,Baby Formula,history,571255.0,576841.9159454514,33.75396391949819,,6.944545990653387,12.707938430307006,,82.10125213084928,105.13824348072993,91.85481629542204,23.224149144462537,106.20513567306249,
2026-08-09,Baby Formula,history,562723.0,586822.3612293222,32.72235981848619,,6.941615396887159,15.107501379739569,,82.95093200661815,83.44380483154553,65.09479424688789,20.347721719889694,105.17636577937668,
2026-08-16,Baby Formula,forecast,,581709.3025790026,33.28869785816473,,8.845496455492796,14.17187679494809,,83.2999740712757,42.57067459680349,66.97857251039622,22.271843828503826,105.44921398736795,
2026-08-23,Baby Formula,forecast,,571642.3037878041,33.26693100779916,,8.838746971139235,14.013901795500232,,83.45565933827842,33.742083065341355,64.29171335178084,21.919662118928724,105.4420009285823,
2026-08-30,Baby Formula,forecast,,568011.7187078777,33.26918026990094,,8.726218654929703,14.191607261853342,,83.41368260562409,30.01624102430644,68.47422735279571,21.32616979125758,105.41371334278061,
2026-09-06,Baby Formula,forecast,,572314.8256426627,33.300726598866135,,8.446082818278438,14.56237918570615,,83.18713082836558,34.03791530246964,76.24931082552175,20.351093645251638,105.43365811237608,
2026-09-13,Baby Formula,forecast,,578744.4610633844,33.34517350570632,,8.06495538609221,14.912007315754416,,82.88349023650473,44.7234427684085,80.96941688183975,19.101921277380885,105.54325644758725,
2026-09-20,Baby Formula,forecast,,582491.3579387206,33.37672227159492,,7.73574384144515,15.116928832813224,,82.65118784298333,58.40796313908235,77.9439395799162,17.848573772202236,105.71334579494996,
2026-09-27,Baby Formula,forecast,,584220.6100391761,33.38139513726309,,7.585048045653927,15.206328695914744,,82.60280962825678,71.29763744379123,68.28185234120662,16.80400499310955,105.86907728373917,
2026-10-04,Baby Formula,forecast,,586827.6764672044,33.369864358396526,,7.621531662288698,15.27319639287768,,82.75547828123402,81.21424248811374,58.130389279042454,15.951234562701252,105.9581568477457,
2026-10-11,Baby Formula,forecast,,592567.7712126694,33.36969017396722,,7.743266390716309,15.336523952224931,,83.02229295890065,87.429678487682,53.94732895350826,15.060917411372172,105.99726775738888,
2026-10-18,Baby Formula,forecast,,600357.578061062,33.401230944474094,,7.841232248254532,15.312215878909365,,83.26246246796649,89.2156911311614,57.63455636256889,13.887958719295806,106.05168469698948,
2026-10-25,Baby Formula,forecast,,605697.6837850468,33.45615311945059,,7.912831783295684,15.146797614417833,,83.36339435882456,84.98313373049652,65.38739689110048,12.388064597925414,106.1660936499901,
2026-11-01,Baby Formula,forecast,,606226.8382140235,33.49757172586494,,8.083987913056944,14.994265356252667,,83.30572948358065,73.3816992925104,71.02314879273791,10.777062795413524,106.31237758337143,
2026-11-08,Baby Formula,forecast,,603877.0716405886,33.48494323663644,,8.508232161355728,15.23710232411401,,83.16932927626193,55.78876331284059,70.94191687439087,9.382674476879224,106.4072959077248,
2026-11-15,Baby Formula,forecast,,602413.8898974519,33.40679090745155,,9.213098997287464,16.259566883954356,,83.07464271696662,37.8832587324225,66.6963261078611,8.406322682919285,106.38901039028579,
2026-11-22,Baby Formula,forecast,,607585.8279692266,33.29627575038591,,10.015947356877037,18.101641414975074,,83.0980686765871,28.131448700393793,63.271232034168605,7.784268024448162,106.28364723539724,
2026-11-29,Baby Formula,forecast,,634942.0179687123,33.2158083314023,,10.58807219120688,20.26815877200198,,83.22054946928652,33.213469698509314,64.73218637351208,7.255368155810187,106.19606304145154,
2026-12-06,Baby Formula,forecast,,672459.9524228057,33.21946326082993,,10.637546718295436,21.896023280027133,,83.34747962420174,53.11234069110315,70.9236606452797,6.575896993082091,106.22423483790399,
2026-12-13,Baby Formula,forecast,,692092.3516248472,33.318755293093446,,10.090126520688534,22.22496360236638,,83.38663882689872,79.55188937307082,77.80896000638155,5.707153912758113,106.36849411647817,
2026-12-20,Baby Formula,forecast,,693771.8991449267,33.475390793726746,,9.144060153630486,21.069242214785003,,83.32575151424436,99.63923740829946,80.90673207763257,4.830642023825542,106.51955813721082,
2026-12-27,Baby Formula,forecast,,669317.7427984149,33.625383390628535,,8.161752367474985,18.95428856637535,,83.24805212339773,103.01759386156917,78.79694523670503,4.19032449023733,106.54628506834638,
2027-01-03,Baby Formula,forecast,,637396.8631825646,33.717079014660776,,7.472975785814715,16.80667001640383,,83.26909930547093,88.11381591979446,73.85542048486404,3.9000864631989263,106.41573218930499,
2027-01-10,Baby Formula,forecast,,610075.3801684723,33.73738832080739,,7.2183246958067855,15.40513248242663,,83.43973285012731,63.29614308629617,69.90202939483714,3.8742609285416645,106.2414057259043,
2027-01-17,Baby Formula,forecast,,588616.8910123293,33.711074047711826,,7.322550554781699,14.96984592838419,,83.69104998470061,41.97144969264319,69.03743977223398,3.9288105684011683,106.20760328918696,
2027-01-24,Baby Formula,forecast,,589240.7641720467,33.67801832910757,,7.591286675815868,15.155321031730402,,83.87045938799774,34.66669911032194,70.40065697451071,3.956933370493209,106.42037505006586,
2027-01-31,Baby Formula,forecast,,604420.3875601396,33.6673279173189,,7.846326554071514,15.408505924342958,,83.84983180154872,43.129927119609185,71.65929895505842,4.025931137767129,106.80402296687498,
2027-02-07,Baby Formula,forecast,,617051.2124885402,33.685459715827605,,8.00763206948342,15.394950928858195,,83.62806133670456,60.05970973952712,71.5684986980788,4.315724208987286,107.1350392824845,
2027-02-14,Baby Formula,forecast,,618832.2159295755,33.721818211305894,,8.088245968387692,15.178169187056552,,83.34788723505905,74.27986176165855,71.11477283093622,4.956578372991254,107.19913911260102,
2027-02-21,Baby Formula,forecast,,614058.1439521264,33.76194384268215,,8.136879341325711,15.059439467571071,,83.20652651907899,77.7027975633771,72.24413095130586,5.907027798440649,106.95540444119361,
2027-02-28,Baby Formula,forecast,,608493.6948229948,33.79587802695576,,8.188380097022439,15.257368294153375,,83.31924667221237,69.60609873552482,75.52052635992891,6.974807423374769,106.57868140770586,
2027-03-07,Baby Formula,forecast,,603863.558653109,33.81761081181889,,8.25415074223842,15.709936358615778,,83.63430900794647,55.92801828394232,79.08974233472576,7.960641465072846,106.34163284075437,
2027-03-14,Baby Formula,forecast,,600209.1166857562,33.82149019164098,,8.338139605109866,16.14722444403808,,83.96458335745925,44.72040714591029,80.09028897212524,8.803449857466575,106.42172586660934,
2027-03-21,Baby Formula,forecast,,599149.5041962207,33.80355394263388,,8.44407013122825,16.339603865636118,,84.11748006720444,41.1500498868294,77.298072798789,9.609715424512835,106.77752226576487,
2027-03-28,Baby Formula,forecast,,600801.3524546461,33.7686243463157,,8.560035489626362,16.284782708628825,,84.03179833711134,45.170777628420645,72.50698301922331,10.550797790724136,107.18538645669794,
2027-04-04,Baby Formula,forecast,,598634.0644120441,33.73535806855051,,8.641324268753886,16.170643627458354,,83.82255185091871,52.755675396765966,69.1810501447856,11.72020701204647,107.40437500115387,
2027-04-11,Baby Formula,forecast,,599574.5100023517,33.73048669602267,,8.62294238501307,16.16350990155345,,83.69976639360226,59.18737002517292,69.4037475567521,13.067261711816316,107.34149132322491,
2027-04-18,Baby Formula,forecast,,599102.9420898091,33.77221295734585,,8.466714662318225,16.230844946933846,,83.81777072639278,61.95742871256014,71.84984808948413,14.44936565282504,107.09590844448124,
2027-04-25,Baby Formula,forecast,,600126.2128753283,33.85375172479372,,8.20901745013062,16.17343585283584,,84.16159697902413,61.63972158696849,72.78663529135112,15.74259747347868,106.86052148701367,
2027-05-02,Baby Formula,forecast,,594556.9360817141,33.94098317339922,,7.963415102852489,15.847308200103532,,84.55061478088355,60.73646005059222,69.4756519648096,16.909711918698036,106.76970292659588,
2027-05-09,Baby Formula,forecast,,588913.7865944868,33.98919782133447,,7.863713103697998,15.374034744322852,,84.75645248412526,61.68421454536373,63.07216977905635,17.976539172705092,106.81558667011835,
2027-05-16,Baby Formula,forecast,,587737.0244044107,33.96942597150027,,7.982989692670579,15.132611628625758,,84.653030249433,65.33033220655047,58.29728794988603,18.95870041302729,106.88957586483642,
2027-05-23,Baby Formula,forecast,,594858.4067602508,33.886608330870935,,8.288830994393622,15.506487267126712,,84.29694720300779,70.53417993908911,59.80387787347361,19.824294032308963,106.89994921318926,
2027-05-30,Baby Formula,forecast,,609198.698521135,33.77700282296772,,8.669815831442326,16.57327714260525,,83.88770905981389,74.81276235227318,68.0901235468056,20.535119334403184,106.858751753661,
2027-06-06,Baby Formula,forecast,,624697.4035850248,33.68702925243684,,9.012080010030033,17.988254356848838,,83.64012583158697,75.5800703377705,78.46583334649613,21.121998403241125,106.8657336496266,
2027-06-13,Baby Formula,forecast,,634860.6160734936,33.648612659372674,,9.264904044994594,19.167944110087852,,83.65685116042933,71.47122293851734,84.23021049815263,21.70439634359141,107.00968121349925,
2027-06-20,Baby Formula,forecast,,635862.9782677409,33.66708605268057,,9.445602830151078,19.644827486230433,,83.88183046665414,63.241969185740835,81.72538069660341,22.409255680902298,107.27749461199062,
2027-06-27,Baby Formula,forecast,,627937.1077800302,33.726777037300884,,9.587514994253059,19.331926055690683,,84.15578772650889,53.74733058131807,73.22022505629977,23.242682226527048,107.55115798102436,
2027-07-04,Baby Formula,forecast,,608102.3484842161,33.80604776864879,,9.684238992223934,18.51332114579845,,84.32766939507252,46.75063710096937,65.19101244338468,24.029632850165832,107.69478272703775,
2027-07-11,Baby Formula,forecast,,600073.7581729885,33.88860770867427,,9.684784817923186,17.595191951870717,,84.346061434066,44.93140909374131,63.27212732885436,24.496679016535126,107.65718593175443,
2027-07-18,Baby Formula,forecast,,606032.1119899912,33.96438986426051,,9.545923040965969,16.82968191863927,,84.27658460621215,48.156228930686524,67.91133611101704,24.455743333873905,107.50490431641242,
2027-07-25,Baby Formula,forecast,,605948.7806377667,34.02426446935146,,9.292341839799063,16.219857664551483,,84.24393925713777,53.239487258907054,74.24724597290472,23.95050483659153,107.36220527580987,
2027-08-01,Baby Formula,forecast,,603119.7376878858,34.05806189244365,,9.023010283541801,15.644068690162177,,84.34313157571333,55.6674534127369,76.29348413349362,23.24063505468976,107.3130542269217,
2027-08-08,Baby Formula,forecast,,595733.8784950436,34.060394859954634,,8.847067785616957,15.054571798003225,,84.57671808150803,52.42715330123539,71.97273236033293,22.621392389580606,107.34786697928716,
2027-08-15,Baby Formula,forecast,,584777.2184467054,34.03891846119668,,8.7972565564392,14.562412303529118,,84.85234521478577,44.129667557289295,64.83521679622196,22.21124045087435,107.39410353972141,
2027-08-22,Baby Formula,forecast,,573960.1040861869,34.014925625604384,,8.79587455180011,14.343120267002277,,85.03674451628044,34.89771878770655,61.03451576575315,21.87402741340738,107.39558210450572,
2027-08-29,Baby Formula,forecast,,568876.0155738727,34.011856143158354,,8.71005614697189,14.466781815612677,,85.03219978222333,29.96536267210122,64.0675859586992,21.34025350393856,107.36633000952114,
2027-09-05,Baby Formula,forecast,,572215.1639985532,34.038815555672784,,8.458715119935063,14.819001378700708,,84.83298559999186,32.57771667352364,71.6558668487665,20.43263890068822,107.37292492466767,
2027-09-12,Baby Formula,forecast,,578944.7745772115,34.08285000365854,,8.08561283127882,15.185799655776265,,84.53242769413106,42.29769127447305,77.39284247951987,19.214759707991426,107.4665427432891,
2027-09-19,Baby Formula,forecast,,583275.1124725852,34.11833229129726,,7.735488626016326,15.418410709696118,,84.27710397196917,55.75332965580347,75.85609993740579,17.941836584119688,107.6308080407211,
2027-09-26,Baby Formula,forecast,,585005.9224760456,34.12775972019613,,7.548297034883974,15.52147735044916,,84.19140953985229,69.00067597910382,67.0262829662204,16.8535515939133,107.79450574336575,
2027-10-03,Baby Formula,forecast,,586939.2082933803,34.11732601876557,,7.556607602455889,15.58748547317396,,84.31190640278021,79.527310901503,56.42189750984266,15.979088889935602,107.89640306533471,
2027-10-10,Baby Formula,forecast,,591834.9739843906,34.113064466457566,,7.67265138485154,15.655586405614795,,84.56812380540805,86.43696235519033,50.85890171659837,15.116278396512039,107.94027366821364,
2027-10-17,Baby Formula,forecast,,599626.7118617259,34.138569721287,,7.7791421102966805,15.65434692687738,,84.82321394639449,89.10764587625425,53.27742383599431,14.004856829371981,107.98710603971145,
2027-10-24,Baby Formula,forecast,,605988.816172461,34.19140835662778,,7.849224285959656,15.510463203229142,,84.95360429824117,86.08529750573524,60.75641326468886,12.554117047219894,108.09053519245525,
2027-10-31,Baby Formula,forecast,,607571.6248933433,34.23855954065397,,7.990106137806572,15.33253956531914,,84.92080671748552,75.81060048727085,67.16538182328206,10.93902117672728,108.23645139780473,
2027-11-07,Baby Formula,forecast,,605563.8579148311,34.237625358562354,,8.361684001751614,15.472120111989765,,84.78968323251125,58.99631604035844,68.14133413053172,9.484678371341598,108.34684995061839,
2027-11-14,Baby Formula,forecast,,603445.5382866021,34.17000848059849,,9.023704500001761,16.338344872307413,,84.679657662541,40.559011021166,64.32147375820186,8.430368193950269,108.34981538649608,
2027-11-21,Baby Formula,forecast,,607915.0991951268,34.0611144728856,,9.830927470907763,18.054876033722994,,84.680457856263,28.73694631921004,60.365758952218066,7.760890053357266,108.25376944799282,
2027-11-28,Baby Formula,forecast,,629460.1132469953,33.97052850892057,,10.469500023086443,20.22119117808355,,84.79082197378003,30.929909272029608,60.82485485883115,7.236867509804328,108.15420571520929,
2027-12-05,Baby Formula,forecast,,665452.9931042499,33.95679961788716,,10.625706860688295,22.01118029147566,,84.92500303758654,48.56990650416237,66.38958490738464,6.594428361774753,108.15809242733884,
2027-12-12,Baby Formula,forecast,,691585.383882884,34.04054872561654,,10.177619081116195,22.606651891608685,,84.98372029416522,74.73772068794145,73.52211143452898,5.751185328675042,108.28714370765006,
2027-12-19,Baby Formula,forecast,,691420.8152814205,34.191386932748784,,9.278479322222575,21.696296172532726,,84.93691612396422,96.89279428047907,77.51878415962838,4.857150450327566,108.44765767158903,
2027-12-26,Baby Formula,forecast,,676325.5165268478,34.34718437663507,,8.274892665117196,19.689436669302598,,84.85339766813092,103.67545453172292,76.25704817732388,4.160621488890881,108.50312983801598,
2028-01-02,Baby Formula,forecast,,644775.4831318345,34.45151787281125,,7.516734504259731,17.479082786745145,,84.85005670573086,91.67559213555103,71.53734263271377,3.808860558486515,108.39626732285501,
2028-01-09,Baby Formula,forecast,,615899.4688499878,34.48363502022612,,7.184590843062085,15.909361000344596,,84.99549150511459,67.69046666969615,67.17108033652309,3.748782206610656,108.21646105940982,
2028-01-16,Baby Formula,forecast,,591916.4345244073,34.46277735960711,,7.237395601406502,15.313771321433824,,85.24234856786674,44.78461752852748,65.73858837063649,3.80113029925206,108.14557206275758,
2028-01-23,Baby Formula,forecast,,589174.9580796293,34.42821466674219,,7.491857030131281,15.429175533476606,,85.4463324419744,34.55466335679543,66.86725977510253,3.8341637605806493,108.31417105525051,
2028-01-30,Baby Formula,forecast,,602882.9254826155,34.41239268364182,,7.758448166439958,15.70547883878836,,85.46603364281528,40.520404097871165,68.29592663279752,3.8840161847286208,108.68101814266674,
2028-02-06,Baby Formula,forecast,,617158.289912483,34.425831250665766,,7.9375966655857635,15.746003700245728,,85.27322196832499,56.74048538744962,68.43417799095752,4.121169120898362,109.03992700601026,
2028-02-13,Baby Formula,forecast,,620795.618861398,34.46004679691268,,8.029235029035311,15.54619652239955,,84.9888048438317,72.2083596878876,67.89910589606271,4.696768631486881,109.16120013752882,
2028-02-20,Baby Formula,forecast,,616667.8521553554,34.500397164952474,,8.080257241889377,15.387562125085758,,84.81017257697204,77.84485008853488,68.63774090164414,5.603124910974598,108.96510704478463,
2028-02-27,Baby Formula,forecast,,610952.0601120398,34.53593647806703,,8.12989145956565,15.524778169393423,,84.87618607051971,71.51621168063151,71.6019939712489,6.666656161751936,108.59246944141991,
2028-03-05,Baby Formula,forecast,,606068.9137676496,34.56024751033038,,8.19283632745028,15.94851637398571,,85.16626631764963,58.23190571111395,75.33382650981716,7.6768340124548855,108.31232735314207,
2028-03-12,Baby Formula,forecast,,602006.9795362866,34.567727354366006,,8.273200954863656,16.40999310753589,,85.50985293385042,46.06949475501717,76.96192399913355,8.541462601723154,108.33200797998033,
2028-03-19,Baby Formula,forecast,,600196.0806871195,34.553693010266315,,8.37532587660004,16.65377017553594,,85.70401655963884,40.986000281111906,74.8007758192921,9.341561541658441,108.65142961129149,
2028-03-26,Baby Formula,forecast,,601414.6636315017,34.52082954321652,,8.491764126561343,16.632550670817434,,85.65718690753037,43.86979646473631,70.1239489835725,10.247913288897877,109.06973809982014,
2028-04-02,Baby Formula,forecast,,599296.1678068927,34.4853642197763,,8.58389771697788,16.513021360393086,,85.45549223831233,51.190833931133106,66.30349837667222,11.37617249269287,109.33502441021746,
2028-04-09,Baby Formula,forecast,,600428.3985878378,34.47358358122443,,8.587644007027084,16.482426849243765,,85.30234752873827,58.10115915941145,65.88525373723489,12.700711623134255,109.32013198575457,
2028-04-16,Baby Formula,forecast,,600308.3865226418,34.50662445993646,,8.455903638350774,16.548491269682245,,85.3728408734668,61.565928015510664,68.1757055083966,14.087560770151473,109.09368543033058,
2028-04-23,Baby Formula,forecast,,601809.7506325127,34.582887546136625,,8.209776992956412,16.52901518614842,,85.68585811668683,61.64628812663943,69.66174242445612,15.402098223300511,108.84316583081707,
2028-04-30,Baby Formula,forecast,,596460.7083730497,34.67241184697029,,7.951700048065532,16.251117077524047,,86.08425993587007,60.64152064353159,67.15530139135183,16.59075149520491,108.72284750536619,
2028-05-07,Baby Formula,forecast,,590353.1472400889,34.73050532315921,,7.817886744471476,15.7815319101934,,86.33668812686147,61.1386194335735,61.02690686516513,17.673137733799027,108.7507591474445,
2028-05-14,Baby Formula,forecast,,587889.0030688231,34.72358791329277,,7.897321756547375,15.466241192269422,,86.28978207430859,64.33277543508275,55.55641687702632,18.671494485663715,108.82854775159159,
2028-05-21,Baby Formula,forecast,,593477.8491538696,34.650070122319406,,8.176602161736247,15.712534175831262,,85.96692922326875,69.41614506554224,55.74661526287896,19.56155291636376,108.8528337311095,
2028-05-28,Baby Formula,forecast,,607114.5999545087,34.54178249331752,,8.553553549506296,16.66946550606321,,85.5499308201502,74.06487835918662,63.036614299888065,20.30054790840874,108.81503777241026,
2028-06-04,Baby Formula,forecast,,623138.1909284726,34.44528167790449,,8.908750438880052,18.062511946230263,,85.26149843235203,75.61012463826445,73.53895263182157,20.90284517436444,108.80507037062962,
2028-06-11,Baby Formula,forecast,,634682.7043069614,34.396481737566226,,9.177776730061442,19.326546302343274,,85.23076288331708,72.38387009685611,80.54340190678528,21.47524868727514,108.92191983250171,
2028-06-18,Baby Formula,forecast,,637315.4489908762,34.40552039833345,,9.36848072715922,19.947921084203013,,85.42860305009208,64.73251065619056,79.52478939114789,22.152814838270814,109.17400718299395,
2028-06-25,Baby Formula,forecast,,630511.20693903,34.45946739629269,,9.51619294198399,19.76357317820524,,85.70664308659057,55.19029312818424,71.68111766385353,22.971120256361495,109.45760046161219,
2028-07-02,Baby Formula,forecast,,610536.3482118195,34.53666282468501,,9.623880009067665,19.004843398934717,,85.90411978072585,47.491993779419516,63.05609162379094,23.785725084770164,109.63164040407581,
2028-07-09,Baby Formula,forecast,,601427.9024646522,34.61949375971519,,9.645926803953056,18.078903331166003,,85.94807134242195,44.662567114013854,59.83261055598985,24.32871521898786,109.62459466766774,
2028-07-16,Baby Formula,forecast,,606692.9817396743,34.69711438457515,,9.532623501235243,17.279333415238753,,85.88569206483263,47.14435689167407,63.5405921317425,24.382883349081425,109.48403950293721,
2028-07-23,Baby Formula,forecast,,606910.1235557398,34.76058002820687,,9.293913822057256,16.649783378389856,,85.83753840958003,52.22360059476524,70.05394346891622,23.946083802850904,109.3311610931034,
2028-07-30,Baby Formula,forecast,,604897.5043469925,34.79968866240939,,9.018469680753032,16.075710292532644,,85.9099228455532,55.427150947220774,73.18147048426997,23.249030343674377,109.26324233140957,
2028-08-06,Baby Formula,forecast,,598248.744009784,34.80753103397622,,8.82031924262204,15.484780111347934,,86.12400018604079,53.27236846230517,69.88455535934605,22.597665927756022,109.28751997277193,
