date,category,volume,avg_price,competitor_price,promo_depth,promo_share,feature_display,distribution_acv,tv_grps,digital_spend,avg_temp_c,cpi_food,consumer_confidence
2022-01-02,Baby Formula,514956.0,27.375776769261865,25.85924459713729,9.142307150018754,11.794426757587289,7.884883372800346,61.6211163257126,160.48611181048994,97.8153941309317,4.503746616830196,100.24130369140437,93.86789218858914
2022-01-09,Baby Formula,516819.0,26.777150064945953,26.209876435231006,6.494555019207203,10.897386770618123,5.275244568460819,61.20414527752801,125.60756392407826,158.6915548616137,4.688961220884122,100.41384391981707,93.32940949006152
2022-01-16,Baby Formula,389027.0,26.780654241993947,26.991080172309314,8.559842796937371,14.988283039774657,5.191469223889243,59.718410762006435,0.0,95.17422515439485,4.091192657940171,100.68656868925525,93.99400340515226
2022-01-23,Baby Formula,397825.0,26.2459474460155,25.458591765138696,9.83575444658529,15.795598497809795,9.063909353115394,61.614537380917824,0.0,105.57618476248773,3.9081664124442854,100.96992613367756,94.43986032625273
2022-01-30,Baby Formula,350386.0,27.391033924478613,26.913798749759344,7.64555711966543,9.461811478339255,2.5623404633214295,61.81914333818319,0.0,103.04730680896887,4.192287348203582,101.18972843927817,94.61226968140987
2022-02-06,Baby Formula,371757.0,27.385391554720528,26.443810821664524,8.907726975118786,17.354121925820486,4.712773516922957,61.081787652314624,0.0,65.84536829495183,3.084073671717324,101.25609506974257,94.92428927625517
2022-02-13,Baby Formula,459219.0,26.566726267196014,25.227468150971458,8.550478571140948,13.087698367145856,7.060528694842435,62.11492141379273,54.179426007903075,39.1495099371447,4.50813648684579,101.61636463067178,97.5828927780204
2022-02-20,Baby Formula,355947.0,27.01199778314082,25.701318974738452,9.10086750838481,14.011785652388674,5.956176411123891,62.191736622193275,0.0,82.5316730153335,3.095258147793161,101.881551109575,95.07308645357624
2022-02-27,Baby Formula,504122.0,26.977673413076623,26.70079939772015,7.194178148981924,15.730324948593063,4.207094574016133,62.09580888817072,158.6791417167416,154.50614478736983,6.976947320130494,101.99780618581404,94.13994843053426
2022-03-06,Baby Formula,490653.0,27.589485791275287,26.89761107481736,8.820774626766205,17.73901873599742,4.563651145693216,60.942464851760384,69.96583034793464,92.23661408390325,8.716786890029756,102.37000828162257,94.09407174985618
2022-03-13,Baby Formula,339947.0,27.18810271111704,27.72354312194301,9.660587672930319,12.513247502270648,7.562168554224266,61.93928534996142,0.0,76.11236182604608,9.890205764530567,102.2954915545924,94.62966196031485
2022-03-20,Baby Formula,342391.0,27.37328704377352,27.43602430772434,9.900368819886015,13.446593916498546,6.556711562907012,62.47959715145558,0.0,71.26004946218625,10.772720748051718,102.54855649969204,95.08437474256432
2022-03-27,Baby Formula,332799.0,27.494349320590228,26.43227601159406,6.71303263890617,12.265555814748435,6.016377110298549,62.37102283139511,0.0,170.29308869961204,11.087714923416401,103.0779281211557,95.36020850805535
2022-04-03,Baby Formula,436277.0,27.457415719687102,27.092367446964307,7.9877813773393065,13.36049207786814,11.420716934609061,62.79999041071347,54.758676820180845,72.68213433595683,12.303731181625533,103.35765537644284,96.20628008919194
2022-04-10,Baby Formula,342648.0,27.305783661219756,26.16239205430737,10.147090277696392,19.611101137281885,5.444631905039487,62.651052514720426,0.0,120.0266882990217,12.32966508855237,103.18912910335969,93.59958282127195
2022-04-17,Baby Formula,346056.0,27.154370200233327,27.58525311597619,8.002248685394187,18.20881966607693,4.390163073684876,62.01068888429824,0.0,116.82461117356999,14.087168420791523,103.54273374488109,94.56492874797176
2022-04-24,Baby Formula,343327.0,27.87993538981785,26.73753881146754,7.936242480862907,15.15436938405701,4.041822883685472,62.42778863082285,0.0,142.15781576151568,16.61404437836227,103.87572772196582,95.29707768307799
2022-05-01,Baby Formula,434828.0,27.053938866170938,26.49680131639875,7.270664442498905,15.540997793110519,5.4110777704554485,61.93533011346166,153.49549489524912,37.9506533129162,17.305647370413826,104.08384763379497,95.92769716740321
2022-05-08,Baby Formula,337115.0,27.46517279941697,25.900180225518714,9.631993992397083,16.911834121956353,7.15378817165704,63.064033938046656,0.0,48.427304766363534,18.840190402611483,104.39037122232486,94.05893169601114
2022-05-15,Baby Formula,315036.0,28.064475024197552,25.755289141458768,11.139661325029813,12.204856821533342,5.974704495716328,62.03989159997854,0.0,33.8890192108278,18.579150844918335,104.45697742490047,96.58087712903827
2022-05-22,Baby Formula,309306.0,27.41669634089103,27.345960696304783,8.857674017860107,12.971420270960955,7.357282785861755,61.90765669941317,0.0,49.95186447534546,18.949064353963976,104.65956174090933,94.94601380878542
2022-05-29,Baby Formula,443942.0,27.74527096901964,25.142182139503014,9.325890914251142,13.215781660915628,3.398974842608058,62.09401106108296,167.68994801762176,124.72854453071702,22.765296980456586,104.8818608826675,94.19324569923955
2022-06-05,Baby Formula,428268.0,27.423330677789618,25.41317779794123,7.79575248613715,17.27833424074925,3.453962741609225,61.645400998634344,55.36159180595758,101.76462498436653,20.861549441592473,105.19450611229308,93.8174640542837
2022-06-12,Baby Formula,445653.0,27.382419393300193,26.14500829151511,8.507845535071924,12.307107841635219,6.596273056141534,61.332192532983655,99.10208034403769,107.23455676558251,20.33421333546263,105.3391422290194,94.45087930188795
2022-06-19,Baby Formula,498740.0,27.69215147908287,26.500603014479864,10.287538225792288,15.182742335726367,6.974355468553128,63.124004650408196,176.64931401303625,127.92442325440601,22.361671532928497,105.75465330116995,95.99380412303331
2022-06-26,Baby Formula,461893.0,27.63036203239042,28.75108535624681,8.362238303213287,22.04926510854237,8.448517626205536,62.85300341167671,88.40689707002116,50.250971587572224,22.97024279317105,105.98302769977946,95.23216367515366
2022-07-03,Baby Formula,307735.0,27.783221771821243,27.47892375373977,9.376851596286754,15.738458874684358,4.329926329822252,62.06194122360072,0.0,58.12530909005558,24.08926420251015,106.24644207521193,93.94051622296219
2022-07-10,Baby Formula,456003.0,28.109675041127918,28.21209445668303,11.316062017337385,13.547891558824535,7.1841995843487,63.22749646221505,90.8501036032762,119.76510628005715,25.551876301945953,106.37112766737428,94.96157463326284
2022-07-17,Baby Formula,300482.0,28.1015193577494,28.605558923072177,8.045777238272361,13.925581133474898,6.284746217587387,63.88703775207111,0.0,42.77707058260214,25.667895148434116,106.51212776374453,94.3935761509401
2022-07-24,Baby Formula,430056.0,28.023585115982726,27.16647453607965,8.265476385839177,13.370117054391518,9.540800601259916,62.2806838107187,130.08879434283992,58.29015919665043,24.642288109580143,106.85378908048436,94.74884267212225
2022-07-31,Baby Formula,380650.0,28.462023978484282,28.21776728065901,8.53220933670123,13.724143606955256,5.226199456452072,61.940696938010646,51.721065354230745,84.37828501253928,26.19411495685751,106.99087992282432,93.33298619161498
2022-08-07,Baby Formula,472523.0,27.944558482538966,27.16151577681968,9.524652397715567,14.537994112745533,4.515179793993203,62.93993960611866,185.62440422641922,109.54546215530671,23.934544837109147,107.2046632026113,94.59240143866693
2022-08-14,Baby Formula,354624.0,28.531263906638653,28.06491860405422,9.656357848787414,16.966615965706815,9.083736951345582,63.58682058592781,0.0,78.42521630145662,22.72143123918376,107.59488340151239,92.94266648128492
2022-08-21,Baby Formula,340754.0,28.05245125282316,27.54061055597481,10.3212436238482,13.745001703524808,3.877376720081027,63.46845835710701,0.0,108.40306425074832,21.74927745135542,107.82644976705282,92.37289479935043
2022-08-28,Baby Formula,441816.0,28.072615780271462,27.630535378213334,8.718358628391412,14.297071696437444,4.758465618882271,63.13517721447917,89.80305959219999,99.18572853615066,22.20351172284562,107.96788414192388,92.13592291048819
2022-09-04,Baby Formula,326166.0,28.171585018961053,26.425511249030436,9.086080276532993,13.213335762082234,7.943610742489438,62.7637814787272,0.0,101.67636283906502,20.679886632168582,108.27788560226116,93.34876158214828
2022-09-11,Baby Formula,431157.0,28.507890271350075,27.707431530366215,8.252621929626136,13.728944337480467,6.704859687061783,63.574642843988066,86.74046649490727,40.844821675922056,21.493731830660707,108.4109597710167,93.43177922394376
2022-09-18,Baby Formula,342350.0,28.056228700914737,28.566636114612816,8.012605469418805,14.71034193584359,6.926164877868191,63.745170479461756,0.0,188.88271392421012,18.821669814346027,108.80087281936417,91.47469449011797
2022-09-25,Baby Formula,483265.0,28.21945767555013,28.4655376595457,9.699698625769253,17.038665156669875,5.326344718771548,62.38433896240989,115.0008283357602,114.11819585130708,16.55221965229912,108.72315447864455,91.1830085550858
2022-10-02,Baby Formula,400497.0,28.87064473899778,27.52313008129503,5.954000242286784,13.054515662110681,4.477027649203951,62.498847081412556,60.10510345601068,75.11730458382848,14.246669884907007,109.08799293999625,92.55280968499927
2022-10-09,Baby Formula,270328.0,28.197452999757893,27.330547855754702,8.834131779441122,20.048909712799965,5.661970580711889,63.193515159276906,0.0,0.0,17.451576246105425,109.46667918029519,92.00970017665637
2022-10-16,Baby Formula,420584.0,28.50778393655812,26.68313172352582,7.848817098393213,9.859970148106104,9.506039451646913,62.67685696838692,107.88476570640314,64.48188372183438,15.820092648277857,109.63766839326033,89.97154323699009
2022-10-23,Baby Formula,468922.0,29.066160200308506,28.14809131300413,7.421254795373297,17.748404521369263,5.111940161061115,64.31740643346112,90.18291551857763,70.95485939255215,10.910230910654652,109.95545001413635,91.37133166179116
2022-10-30,Baby Formula,473986.0,28.652447033341453,26.75469839083105,7.797302339775264,13.231627367751338,4.287699264607223,63.435329840979406,165.04008464212782,48.56289066147793,10.65724256328603,110.06664134566341,91.2722133924328
2022-11-06,Baby Formula,322625.0,29.063603490655474,28.603809360884007,7.071936524954351,16.40594332516735,5.923755786181378,61.849008845009166,0.0,85.9620872592825,10.329544704152655,110.65347626366956,91.18535927597412
2022-11-13,Baby Formula,367265.0,29.09613178002755,28.38770048770883,11.521912726929074,11.524325600079397,10.4132980834187,64.31269461156391,0.0,85.80064042192713,9.105107810974728,110.73909500593734,90.16610219773645
2022-11-20,Baby Formula,344308.0,28.603511337066955,29.456465675629264,7.922128690964486,17.047456463835832,6.6628495832912975,63.54229440750698,0.0,79.59482465436449,8.25641641124401,110.89399569958235,89.29038780505613
2022-11-27,Baby Formula,521592.0,28.72296676216699,27.67350251077502,11.392280343003122,15.78109441980657,10.9229274422465,63.58731877948406,66.97183162791187,73.80389879340024,9.319231467984206,111.25639981778643,89.20886367399322
2022-12-04,Baby Formula,575349.0,28.78663387182546,27.98601033600596,12.546556843268034,22.292622179410937,6.7960067324701185,65.3496901938576,101.20190831569312,94.40363287650096,5.418266837933507,111.37415083348796,88.46415234623926
2022-12-11,Baby Formula,384411.0,29.19840570700659,28.180269105440175,9.980588658183272,23.709458634719137,9.436567332936605,64.90454557643599,0.0,65.47342523964747,6.853451719888746,111.55149281303163,88.42638037550667
2022-12-18,Baby Formula,340010.0,28.77101648327373,28.991325468857266,8.278093596599291,19.12962053085217,10.342667921408617,64.66119279936058,0.0,40.55874248950147,4.763257274824404,111.85688459030887,89.13570252805036
2022-12-25,Baby Formula,361910.0,28.957649076184463,28.07208223894081,11.208011357829756,19.151515145750004,6.994324067777699,63.71881393994555,0.0,75.93364301853873,5.0000363153127365,112.15946302742384,90.23986490595092
2023-01-01,Baby Formula,330170.0,29.00671499773673,28.030046331991326,6.579661757571611,18.804662354141517,5.7576774592174065,63.382345826277124,0.0,101.78234698914584,3.0681740697740087,112.2435686323915,88.13866236918132
2023-01-08,Baby Formula,334686.0,29.17852486351463,28.59673120365862,9.039890773018271,13.530478895385112,4.764315644617278,63.497858615796126,0.0,93.02592473953521,3.0,112.36210519942091,87.01565766501353
2023-01-15,Baby Formula,438420.0,29.73556409894925,27.45607982208443,6.942750243087767,13.914081376141125,6.789090187955821,64.17867919940291,105.9841272739595,86.21351751452688,3.638004732174514,113.0054582469118,89.23345450531697
2023-01-22,Baby Formula,314978.0,29.263596825196302,29.466046642513415,8.696469069478477,12.425194162940281,5.804885854941425,64.15829048728037,0.0,86.79652346142387,3.0,112.9808198922694,87.84003612372364
2023-01-29,Baby Formula,444425.0,29.930822663554725,29.16649160843115,8.215460814696218,15.116662470973223,6.23353668244209,65.01149214833119,72.31560494290616,89.00164575945375,3.627465304941028,113.45777785169673,86.56175277563713
2023-02-05,Baby Formula,348075.0,28.91854899328135,28.07698091191193,9.099497733846343,19.482253759115945,3.7554481475375168,64.61963662532969,0.0,57.06250816892444,5.113548300981992,113.7216265596168,87.88599347706017
2023-02-12,Baby Formula,471811.0,29.101135360198203,28.26047498753291,10.736841661237348,13.661580550460101,3.565549115061216,65.72963806320759,45.338266518980745,154.6800816041933,6.187647791974121,113.68901509431643,85.84859469082595
2023-02-19,Baby Formula,306364.0,30.00485718286427,27.953716713762052,5.971703339511579,13.882184528994367,6.160851601284831,64.98371948204824,0.0,69.95505986813035,6.249101315277736,114.12094214972387,85.25838528327597
2023-02-26,Baby Formula,448141.0,29.793596658238194,28.536551219004878,6.1117744356057715,15.702918556679634,6.956935283264655,65.61707317490733,117.17221031150365,77.73877610346764,6.2078706095481495,114.27517986834373,83.75881920192252
2023-03-05,Baby Formula,428238.0,30.14701766842051,29.58697689344249,7.943224291678392,10.723477829747749,8.641927537263479,63.25411938155993,244.20963924165,68.1654511513696,7.485411310535873,114.63840880652226,85.06945575380487
2023-03-12,Baby Formula,345324.0,29.619340555192675,30.78749356253704,10.828580186116795,13.18127819610044,6.282613100171609,66.37213640076769,82.47684217796099,0.0,10.422843199069561,115.08533793348006,83.51403454001704
2023-03-19,Baby Formula,320762.0,29.46849895479021,28.7482121628557,8.951587796017394,12.595070461822132,4.505984224409089,64.72161751316308,0.0,106.45649167222271,7.080338618516496,115.15958776037938,83.45844418853018
2023-03-26,Baby Formula,446495.0,29.86685481588794,28.60538598513304,7.887311174563841,12.557426650374408,11.897747250875945,64.97642139440282,169.06123477183715,63.98877387340367,9.46800785729281,115.39505982727903,84.08036848340014
2023-04-02,Baby Formula,353640.0,29.885002863436082,29.991074155779902,10.025147878204026,17.428986274999456,4.84492202829234,64.58926101793301,0.0,125.89270363122299,11.181657985361035,115.8306517129208,83.37742771790062
2023-04-09,Baby Formula,311038.0,29.325824537091165,27.73903472678406,7.566022371416268,12.455926165055597,11.062616244403664,64.89619800641808,0.0,58.20749479638986,11.69708054698663,115.7876614874001,83.44242890630522
2023-04-16,Baby Formula,471274.0,30.175055228909958,28.512502467657352,6.850898325168602,17.419274700703888,7.921614566607025,64.43628399487649,258.6695465583281,118.16860188891339,14.19621943071346,116.03923779140571,82.75881673209972
2023-04-23,Baby Formula,298639.0,30.319585241834645,28.59740116243373,6.946443687884457,17.41017161327028,3.8411136328724007,64.90819178168948,0.0,122.12420538648114,13.729501124331874,116.49809801474908,81.9332986275708
2023-04-30,Baby Formula,325938.0,29.553996763762672,29.571260835514313,10.627012854452902,16.768637982150956,5.215072497403596,66.43203709528194,0.0,63.90346561990485,15.43603621393239,116.56842322986692,80.95241467620797
2023-05-07,Baby Formula,440477.0,30.32976978238146,29.737460895322236,8.692712354735457,13.33429605228243,6.736847962320248,66.09411542400964,149.56187894194645,81.97341198414215,18.29502795119269,116.89597694975474,82.57072462755885
2023-05-14,Baby Formula,413255.0,29.95440192779617,30.280692840087166,6.999169366433028,10.288636143364974,7.56992257239815,66.82477584406301,89.25708681905482,67.52284092561042,18.587343202562987,117.17055007182273,80.82359934524038
2023-05-21,Baby Formula,353948.0,30.48935167388935,31.272118241171274,9.45561231235742,16.775891482822537,4.381661731145227,67.49129981151513,0.0,46.25959046888022,20.26110205543384,117.44136123410591,80.44392893238036
2023-05-28,Baby Formula,320849.0,30.2978285843832,29.442110480319595,8.957141736716036,11.03489182799999,4.0988941466082585,65.46942721431097,0.0,76.3682222573352,20.189420769205597,117.55511288579301,80.97281552479922
2023-06-04,Baby Formula,329566.0,30.44824918740193,29.23470023393671,7.334023529703946,13.920101267407736,8.002543121136322,64.98382614366399,39.92033607476085,0.0,22.661002169371404,117.8054243265904,80.81143526786012
2023-06-11,Baby Formula,476840.0,29.81264918560368,28.413416527719143,6.882143617130039,16.723544771965628,6.243435279353466,66.20928400728039,113.86843669295557,61.10294097741349,20.43886378553205,118.20768800424464,80.51653648085825
2023-06-18,Baby Formula,366290.0,30.410327217382452,30.424710145507355,9.953295577387925,17.717285012549482,8.816945115876054,67.76886964389799,0.0,83.40671169333622,21.828820213094176,118.48245528951395,80.12671549282351
2023-06-25,Baby Formula,450712.0,30.59866150029979,29.35865481614489,10.310059712095256,11.777314566799298,7.376348668578616,67.99010215688061,63.800156586068596,58.8918062521691,24.433334169619947,118.65170624169468,81.33228891950354
2023-07-02,Baby Formula,352411.0,30.643935571575167,29.85336824277648,12.844874595640388,16.16136073903548,8.392540989224997,65.95003113712563,0.0,88.17810239340457,23.988049426280035,118.76695797413218,80.11037944753257
2023-07-09,Baby Formula,299542.0,30.672727006279572,30.707462232531014,7.544677825630494,15.586356651171945,6.5874583100246,66.71724065291315,0.0,60.62595977411912,23.32013406968531,118.87001498637167,81.59234220215897
2023-07-16,Baby Formula,350777.0,30.462812597675264,30.637230881576674,10.846173097913901,16.556323028303126,7.6157402870732565,66.29798962311854,0.0,51.12290313372521,24.183890887028248,118.852590892221,81.16496403969586
2023-07-23,Baby Formula,465715.0,30.321321541029562,30.292425496263785,10.785193659991673,11.148913154515123,9.514513955372546,67.92516879309215,67.17279895496885,97.92652460972788,23.488337410510248,119.00775308829685,80.56987251243564
2023-07-30,Baby Formula,341821.0,30.89140278574633,30.960556294755424,9.99443069814097,16.225497287923375,4.333151472493134,65.75921216226834,0.0,101.08396400383948,21.232067127841,119.27280006695456,80.02480655989163
2023-08-06,Baby Formula,312643.0,30.959928277713413,30.137536695469834,8.001839666175432,13.07963142849195,5.470327256951854,67.58059302833936,0.0,83.08192077983303,21.938955975221692,119.17296291223609,81.19231479198794
2023-08-13,Baby Formula,461217.0,30.80319587901907,30.22712098768828,7.499590058592465,14.133751604450987,5.69663402955501,67.51128894126529,81.5279952026847,115.48552905446994,21.697624631206853,119.33281868925044,81.46808597231951
2023-08-20,Baby Formula,432285.0,30.54768716403376,29.519228131696313,10.070201293651557,14.158660396085288,5.435971614571415,68.79574201021433,75.82436736389747,49.114114268525306,23.200054649484837,119.59757865239736,80.44173608427003
2023-08-27,Baby Formula,421860.0,30.59087380845288,30.137199274384777,7.0923149892713635,12.39638044033561,7.232066031623232,69.85200884998268,111.22500279808247,49.10665835725516,22.40096314188521,119.67056200598739,82.03697865495275
2023-09-03,Baby Formula,482472.0,30.69380720680648,30.09974865510445,11.823315694805572,17.38904061240142,8.470748393983714,68.90957019191242,71.77199732604403,74.40655678314648,21.766996630453022,120.00632042933103,81.41811326706994
2023-09-10,Baby Formula,297720.0,30.969605594893615,30.31368354404924,9.079825996751321,11.154430197359412,8.532102768057545,67.76998053861062,0.0,32.32847044346351,20.681782453968417,120.18196520273689,83.35033218604883
2023-09-17,Baby Formula,294224.0,30.38068585631806,30.259346512901683,7.344593988371957,12.697995499555446,4.719391488185115,68.34182504484845,0.0,42.59123667163807,17.861984809120294,120.12685815028836,81.37145143422492
2023-09-24,Baby Formula,416837.0,30.511184868536315,32.04647461262738,7.662029491723152,11.95281395540626,5.788467643337323,67.0366571751498,81.2974626319405,84.57739599405909,16.9288689829114,120.2027384754898,82.65448831807383
2023-10-01,Baby Formula,449616.0,30.80439625021057,30.181822322460015,7.575601212122017,16.62595715469351,5.77037529924366,68.8942382795265,289.9683722935785,37.61576454749879,16.35401814795208,120.13525871783602,83.40240936850219
2023-10-08,Baby Formula,314163.0,30.718840365821883,29.816219950805692,8.931674808990767,12.699808017989898,6.7307354589033785,69.71285997844095,0.0,51.7455295094105,15.214946890585782,120.1964901192066,83.55671784431773
2023-10-15,Baby Formula,368957.0,30.844039499029194,30.152798845653315,4.933465054537937,14.145318974189987,5.598286804965508,68.69012563925519,75.90279011040167,61.13981787600181,16.153524290801897,120.4904426403884,82.3970637286763
2023-10-22,Baby Formula,419916.0,31.438219935076855,29.455092084864162,7.3482960780886755,17.037956554310608,6.631948103399817,69.49788848388762,44.01675004463493,107.42026727052682,14.85167086321712,120.66129110026814,83.83074829927585
2023-10-29,Baby Formula,526493.0,30.788918268704187,31.003739973465006,9.213195245573337,12.929558636543211,6.767228746468685,71.06945507033072,253.4136305934111,169.09679081026127,12.310678589845459,120.74506177960909,84.47593370864314
2023-11-05,Baby Formula,325206.0,30.759794414330337,29.64292378591016,7.13491937512147,17.48247031230272,5.213565992279757,69.85912627453902,0.0,102.6972482931064,10.352567542823484,120.91534886887615,85.9091980743163
2023-11-12,Baby Formula,309870.0,30.823731975925508,29.95637783418389,9.510670991943162,10.025824491786402,6.979307811118047,68.23414886608613,0.0,60.06038370091544,8.531475050774244,121.03602128888883,84.99625849093209
2023-11-19,Baby Formula,431056.0,31.16829088476299,29.42787304920407,8.30090546641983,14.931564083392491,6.723575474615398,69.72830300673954,73.10311604098163,44.850768564923996,10.291873917742569,120.90597928914818,85.26356073272406
2023-11-26,Baby Formula,358781.0,30.778819198032114,29.515386065293253,8.719904224711657,19.31278402820366,8.198679712307369,70.91988127643985,0.0,107.78169456455666,7.862900996466086,120.97991736643458,86.54559455185677
2023-12-03,Baby Formula,501357.0,30.719972461546547,30.169680902555353,12.751654749297668,14.657354385666945,7.85278957549592,69.08295718690488,121.40569307558806,111.65271999914434,7.835519470779903,121.32928527249656,85.89360982614991
2023-12-10,Baby Formula,407350.0,30.6828054831512,29.641487493341266,9.164037523018408,28.39462175475223,6.80719691990007,70.67732153858364,0.0,70.83183551545694,4.829770497467159,121.16471615643681,87.2195082844071
2023-12-17,Baby Formula,510665.0,31.384024524618873,28.447691575279382,9.688719779631501,20.671914213881507,8.035469375962677,69.62846449376211,98.76764230963431,88.43597214329507,5.653950762722352,121.43272709092815,86.44887049099735
2023-12-24,Baby Formula,543822.0,31.13070565775295,31.10058625873373,8.94122421191971,18.449572034800234,5.915637900496933,69.27365017151452,113.21437203171548,102.80735082940484,5.676836057330993,121.476511380826,88.46585908039776
2023-12-31,Baby Formula,509006.0,31.399193275747646,29.710633958621894,8.467099139517929,15.459598680683186,4.830239815119794,71.82689601076224,150.545771814586,46.75933098020074,4.219753868820218,121.71197182956448,87.9319187380164
2024-01-07,Baby Formula,514959.0,31.218773738473395,29.58549939735748,6.581668705545836,21.85428914714512,6.140053528428126,68.73675900734192,123.00072958647348,75.26164405890705,3.307700414456305,121.67073597035863,87.33127593447433
2024-01-14,Baby Formula,349314.0,31.512817768817147,31.415926365045564,7.446832270526861,12.609673258463454,6.235798122101066,71.78741307553773,0.0,70.37504610857891,3.332120091293826,122.1350784919235,89.78275644677238
2024-01-21,Baby Formula,348057.0,31.94206125772933,29.72108120076681,6.506471027441034,10.987634648641889,4.7156856822080275,73.0121326212327,0.0,122.06027598058179,4.758976454585221,122.09377270265706,90.14685653589522
2024-01-28,Baby Formula,445550.0,31.62964506393736,30.490685019668522,6.760979517126052,11.315210407783113,5.7199790611890915,71.36510008588311,80.06197512050502,53.733107823500575,6.083046613071854,122.3535621247256,89.83380523869856
2024-02-04,Baby Formula,486942.0,31.517161534936125,31.153854582886066,7.5457007644159,14.343229878966238,5.750644828584514,71.5973527448058,150.50623533488834,64.19132573028153,5.009577459216099,122.36878016148776,92.41964193304611
2024-02-11,Baby Formula,551917.0,31.308737802743178,31.792430868467264,6.835164858519994,12.824300707359317,6.028650292974133,71.2803086114124,174.76008614207154,125.12740434881408,4.581781570347554,122.3550342107482,90.25786690132654
2024-02-18,Baby Formula,560047.0,31.052882066186047,31.209202076973245,8.028908051075378,21.633237401325136,6.6726180977247695,70.2062088752368,68.5539004398598,79.25825472112508,6.86057495143317,122.37357205468378,92.28628793510853
2024-02-25,Baby Formula,408050.0,31.096559300860758,31.076649020563984,8.083170714616534,17.643631388088824,7.921019599994246,71.96098080453858,0.0,73.51533899368549,5.095358371202252,122.61972888033344,93.60114224391505
2024-03-03,Baby Formula,564096.0,31.432466542617664,29.57770411988956,8.64680270462575,16.9717030250602,4.662866294105679,71.54526017446508,135.62726175593403,156.2504937374449,7.519082032014636,122.60227840753896,92.63034720971726
2024-03-10,Baby Formula,500420.0,32.06542500824087,29.459455110003983,8.558751051684123,15.348671882120339,8.042885279472904,73.17405457260665,47.49595376300118,79.43378063255516,8.160192840209376,122.84085719917626,92.51290250608803
2024-03-17,Baby Formula,391446.0,31.348847073025954,30.456875881493005,7.374523324831433,14.509328958410828,6.238528941363142,73.76282086473196,0.0,114.6301321335693,9.82063498238303,122.72611076692537,93.59378995577292
2024-03-24,Baby Formula,505058.0,31.13809545849111,30.05968505410563,9.35566612724859,15.472912722674831,6.097977267581945,72.28363622317198,52.11500134991431,112.04975827634371,9.377090484507072,122.99170751605573,93.55866064161698
2024-03-31,Baby Formula,374008.0,31.082857862304344,31.04516311672627,8.672231645403578,14.683236916303768,8.77355305355106,74.18132321671409,0.0,56.08357562161954,13.419656677831362,122.9365114904099,94.50439653851932
2024-04-07,Baby Formula,566156.0,31.581758010926322,29.906699717995654,8.828602535560504,15.240004046858347,7.680281007344424,74.5117613264567,162.43974174751312,76.35352474127309,12.72156315269494,123.2549657560768,96.73613567181104
2024-04-14,Baby Formula,570050.0,30.895616020085544,29.591977392286555,10.78716719219501,15.342761182594106,10.726401284030802,71.6816644112941,161.49591760490387,45.46742809492764,13.77645361359137,123.40436880281744,94.04926986155715
2024-04-21,Baby Formula,490744.0,31.579285077826228,31.887262534326762,8.491451833066451,16.19431956718143,8.021573534014964,73.03556916901302,70.48624513671312,36.27535240218294,17.111647048668868,123.37670081268017,95.29214618858684
2024-04-28,Baby Formula,520744.0,31.582378277526807,31.116309451792777,7.55270609246798,11.384780372932338,10.816143050097823,73.8937659972273,175.78056555613108,193.5870536820523,16.516168944312845,123.3218562824755,95.76010923972896
2024-05-05,Baby Formula,381536.0,31.57741389676419,30.554298860379248,6.978374421311373,14.962919373143272,7.497148186892237,74.45288356911648,0.0,65.88708713715353,18.310955581178668,123.6919543845386,96.89738075854284
2024-05-12,Baby Formula,465449.0,32.26105496255918,29.831771269793382,8.368058310301551,11.376539618838493,5.753579820775794,75.77361359480838,56.50323259847717,41.52625088562602,19.42603292834756,123.2484818737358,96.85295452542081
2024-05-19,Baby Formula,364623.0,31.792536510834545,30.57791659077746,5.6722609359287555,14.759833836206179,3.7541901312531016,73.75355710636232,0.0,49.06710726055529,17.88353372268214,123.80408303176728,96.14681754846082
2024-05-26,Baby Formula,542843.0,31.672326205716672,31.06640483714,7.400216337062033,17.15850083712225,8.099510320082723,74.54882981128756,78.78783074654534,152.82366746601303,18.327597520483177,123.84518544586241,97.13993264887729
2024-06-02,Baby Formula,591773.0,31.651709968313277,29.770165820424022,9.603204642548455,13.688075193686107,8.390494407863871,74.36822810478266,248.62377797978118,54.36260256753608,21.338936173713225,124.18059415403978,96.32842582137256
2024-06-09,Baby Formula,402132.0,31.258632988567836,29.89547891760039,10.87084482762567,19.08226935471776,6.131152621539179,73.30824969804709,0.0,58.39773770700329,23.01142860569013,124.38074650679314,99.37073201268541
2024-06-16,Baby Formula,419852.0,31.268857644297935,31.20547745270087,9.693798374159948,18.221802371820043,6.833622580630622,73.21949542877843,0.0,94.71872413911149,22.860692947824973,124.252816218326,98.01224786271693
2024-06-23,Baby Formula,422755.0,30.832163913204727,30.70706430321028,8.364295597320158,19.14694059956084,11.546163599962671,75.45262915515674,0.0,86.06923162813914,25.85112185301724,124.21703228857311,98.81316920422312
2024-06-30,Baby Formula,393628.0,32.041952438809204,29.67358159730008,9.23859759377561,14.442752036048525,5.438718400901966,75.51267318496646,0.0,50.57912654402836,24.671260281718553,124.71727218654783,99.28242861244375
2024-07-07,Baby Formula,622546.0,31.397052993368202,30.720519045702215,9.647899434357566,13.876449323422905,7.11308766805752,76.18683819758597,188.55525056663086,115.06723587386715,23.974310915331678,124.67500829010802,98.93386851932209
2024-07-14,Baby Formula,616888.0,32.025875053842896,30.627338485825387,10.76408943314627,16.138044888506517,5.302055017969914,75.14852029938085,130.02114694685943,116.34137336316955,23.381580201398766,124.7997255563764,100.46411349766426
2024-07-21,Baby Formula,653596.0,31.402804205538203,29.394304426116246,11.763449965140143,16.93422346961495,8.107004579425626,76.14346363582727,170.4955301668191,89.34433603014388,25.59630492011361,124.40551121343707,99.29851043538383
2024-07-28,Baby Formula,485176.0,31.15726046286498,31.086237182465105,11.85587459601393,16.194225722171605,7.203807801473551,76.46929954347472,0.0,134.2079885509468,23.839277545530695,124.68799974713951,99.94817271372567
2024-08-04,Baby Formula,424251.0,32.06286766085307,29.877510286001996,8.927086719764043,14.438504722595264,9.069584214128351,76.0578536485051,0.0,120.26849438556087,23.967654370416433,125.21565114699624,99.6082360351417
2024-08-11,Baby Formula,598270.0,31.209724546109545,31.322331615172693,10.996019055012793,16.88993736358528,5.813553782975082,77.78726090673624,68.0811816990802,54.88251223085908,23.57152762098473,124.87476364381907,98.94561890632022
2024-08-18,Baby Formula,417626.0,32.08674813258233,29.605875971376086,10.15431366238468,12.422714113676678,7.262663539063586,76.93569449898433,0.0,53.40197729890535,25.675350020457063,124.83957874444262,101.6831271954301
2024-08-25,Baby Formula,398379.0,32.137286683365645,31.853499639297198,7.9891848217589345,10.929384026026954,4.0613460070966285,77.71992191371675,0.0,81.03382842109437,19.90969349893652,125.00044855805918,98.69022198684559
2024-09-01,Baby Formula,374595.0,31.539916042006798,30.571773301259594,6.479376225094587,9.772494185500518,6.963766247936078,76.42983092689043,0.0,46.41267166066676,22.553310496146974,125.03426040261648,99.87348349315181
2024-09-08,Baby Formula,607785.0,32.35758672191909,31.620681260265556,9.029925830522668,15.84880322304589,6.959799430245851,77.88356743897512,44.9685951121219,150.54358458005427,20.3672106970004,125.0254490589321,100.84215198213798
2024-09-15,Baby Formula,595249.0,31.836025255778395,31.59745829290999,8.372406676954462,19.23795899165977,5.305628693692259,76.02169623323293,79.19058569154762,75.56193887545372,19.09168798779311,124.91313918370187,100.2439585843997
2024-09-22,Baby Formula,462638.0,31.811502275410117,30.59638150848893,9.724067835932127,14.459551536580902,7.361546862940879,76.94006105496535,0.0,97.6081493986088,17.262567065597633,124.77298888169217,98.82862656078296
2024-09-29,Baby Formula,591995.0,31.898018843779095,31.687733417375068,8.476197323035356,15.867848237050392,6.096507766087349,77.57895308366984,44.67288481247539,86.97875025269568,15.314073935004576,125.30107616851176,103.37732331010878
2024-10-06,Baby Formula,568655.0,31.78921178536368,32.97618529831233,8.701251656515323,13.351910006179876,4.280119285938638,76.20969274069897,132.96922852942106,85.5074304053013,15.739631958550593,125.22955331723338,100.44612384256686
2024-10-13,Baby Formula,554660.0,32.09753875803595,31.883912673604204,8.94742845345156,11.804049485927248,7.042968562252318,76.37558484540112,49.648094439919596,51.685778848793674,15.707787397215624,125.4704069450651,101.03073685019224
2024-10-20,Baby Formula,415376.0,31.97618726790789,31.454936818956426,6.663967661727981,15.112951747030593,6.382947012692875,77.76001974760774,0.0,85.434528157082,14.014065804550107,125.31683307162918,100.64979997468821
2024-10-27,Baby Formula,643081.0,32.0276801606798,31.80419242619436,6.974084085680807,15.09340136468673,8.043870421558719,78.58534264382989,170.83979992817294,71.36782159511998,12.439840113976306,125.42998651944734,102.76080956905157
2024-11-03,Baby Formula,455293.0,31.982487036630268,31.667917428140612,9.61632741052329,14.093729922567022,5.943208516184133,79.10813139789316,0.0,76.57486644253116,11.739968287874497,125.68816202549772,100.09672501379707
2024-11-10,Baby Formula,608077.0,31.740133827001763,30.353245907199668,8.029322461644158,16.334419950867545,5.449844261758982,77.13741920433314,110.02678828786274,60.76799437244894,8.769663364815298,125.73045176655518,100.23447370854856
2024-11-17,Baby Formula,467863.0,31.64337759785409,29.937387340155624,10.175214189113992,18.144672854689748,7.419066859680711,78.29637453355988,0.0,86.95954369041172,8.619773247868473,125.88552725727814,100.48320131340377
2024-11-24,Baby Formula,371102.0,32.57547921243185,31.707964039908738,12.480816013281872,14.53533125007396,3.3606313856153465,78.56321172229669,0.0,0.0,6.833927774931429,125.80193896674399,102.17661673439387
2024-12-01,Baby Formula,386105.0,30.98029588637693,30.716664470999493,10.380382877336018,23.132608360881243,12.224886409049825,77.45603311143807,0.0,0.0,6.600280998823011,126.0960944146809,102.82565603030648
2024-12-08,Baby Formula,488120.0,31.769563107111317,31.009094175922954,10.075175125342176,22.084742174051673,8.340454716022007,78.10074825981394,0.0,76.92649450345553,5.100696737018158,125.92190968753545,101.70077413900633
2024-12-15,Baby Formula,650049.0,31.750551733573403,30.697059090455465,9.703966443634222,14.976390930208192,4.857782572833331,77.93210505565226,167.60473085795505,145.623694021122,7.241398109312552,125.91277998578641,101.16600441969159
2024-12-22,Baby Formula,615956.0,32.042050667420334,30.93658633657532,7.9378673520285625,20.5635918079686,7.143627447942944,78.27905797990677,84.76899508908411,76.62338285147426,6.24730412785824,126.09147367863399,101.39277536997956
2024-12-29,Baby Formula,565733.0,32.39180051538636,30.24459830478091,5.831914153775387,14.130083456816882,6.107896483691395,77.23278134696096,193.04069547817215,92.19491409605546,4.024942055887585,125.60663822172664,102.130926479679
2025-01-05,Baby Formula,565290.0,32.81560291676367,31.635515556373168,7.92758218906499,14.155585869524938,5.250494662503495,79.9611512628292,88.55436652334917,42.872285357459724,4.402358702893787,126.10586275463668,102.33179400676427
2025-01-12,Baby Formula,415425.0,32.035004179791905,31.50759083335339,7.217017745379818,16.85698555727624,6.83753861807059,78.60071635858603,0.0,88.77932057074818,4.386208385387767,126.44541812466446,102.88523903355544
2025-01-19,Baby Formula,445574.0,32.29153076557174,31.189482166611207,5.6865449784157,21.172433526710105,5.300065257399184,79.81362788638964,0.0,74.56118057665188,4.159630008220258,126.50283062134125,102.74217992622991
2025-01-26,Baby Formula,455570.0,31.684920088061443,33.56311807340889,6.854189913386994,15.75687243844335,5.469183183106818,79.19810009101175,0.0,97.99917576862289,3.2117928883357436,126.47663005774609,100.71507101083363
2025-02-02,Baby Formula,622563.0,31.900036613480932,32.95058783253842,6.1383365992092775,12.877761165872,4.434521358857778,79.56685962298303,220.50409447836861,62.81978542961144,3.860357217320669,126.38397214384166,101.37141410970028
2025-02-09,Baby Formula,423403.0,32.205780834676496,31.098542762166282,7.330391834741602,14.04603906275247,4.6390109359962945,78.13867797369664,0.0,39.323716758120426,4.744759362036409,126.51188572789613,102.33145882666393
2025-02-16,Baby Formula,619198.0,32.45903814952751,31.089796895167392,7.300923370739449,13.549950904040337,5.482665984976022,79.01670856360379,69.82931217264706,104.8183204840618,5.8940240715905245,126.52634541225122,102.5579714781827
2025-02-23,Baby Formula,605418.0,32.41452050337439,31.871480696048437,9.801124877062321,13.701146596495432,7.685498402746193,78.08914984803961,81.82526253654635,77.71251702894722,7.077893166796361,126.5484174212117,101.85369131818761
2025-03-02,Baby Formula,417276.0,31.970556952489535,30.11877516082108,8.31125316165723,9.75058313809737,4.8651638409735485,78.60453768720342,0.0,63.481096949953276,6.226254822694095,126.69289576378307,104.24911499754762
2025-03-09,Baby Formula,459251.0,32.77207214720397,30.579387013046734,8.64069034736081,12.487108202807285,10.842096356129021,80.63043260103427,0.0,59.54171818377352,8.512295791643762,126.72538126278982,102.07534002417363
2025-03-16,Baby Formula,703969.0,32.293428210150154,32.76965445996184,8.597340293575773,16.767541116828834,7.396058353035408,79.0744020348969,172.3604925623605,124.37297282892803,9.813120002521627,126.75226651830249,103.06209172046772
2025-03-23,Baby Formula,476518.0,32.68399089125379,31.76607365909924,8.71956406447589,16.470866532875405,7.579243393419657,79.19606375707775,0.0,102.86033420020742,10.098568534443995,126.98656158019534,105.21542463590205
2025-03-30,Baby Formula,621156.0,31.914468446449185,31.789757484299354,9.673424187225354,15.17597074934243,10.100371552965425,80.27406950104498,81.89759454497683,59.120228559882314,11.659800194267836,126.7308739688357,102.05706958823797
2025-04-06,Baby Formula,604895.0,32.165436595967165,30.853715414344613,8.309847395200219,9.633610706392101,9.297625876586855,79.20656615144571,102.19379501281017,85.20207636794215,13.52064625678952,127.06797429509147,103.24238888318655
2025-04-13,Baby Formula,458063.0,32.35390520630392,32.41593675154333,7.740555462384151,18.09732784504442,5.927535029648558,80.91561759717162,0.0,46.93791367875473,13.486446580743447,127.32788782432397,103.49506810016656
2025-04-20,Baby Formula,464491.0,32.70861611283439,30.30018318622568,10.509244338277403,10.943613068149707,5.297881226554095,80.5927040075255,0.0,71.32020167155427,16.125826771211276,127.0657659449437,103.48428033585492
2025-04-27,Baby Formula,636765.0,32.12066270163413,30.939561232309234,6.179307578666353,14.328924293422634,6.786051848676547,80.98190879323596,110.38800700926703,142.90893524035448,17.207656223822934,127.33577839116457,102.01037345740909
2025-05-04,Baby Formula,437816.0,32.36845236268728,31.13124102174391,7.512965147950071,16.750100462913082,6.086550633000592,81.87903603715233,0.0,76.87849345755983,18.128403507721234,127.18615912023805,101.98349570933853
2025-05-11,Baby Formula,624994.0,32.428760875062785,31.221454934829804,8.227940624866424,17.18286406553775,4.888360130118753,82.39203003337893,159.13925640931413,86.26427392999001,17.096420256744324,127.15296325050643,103.05010527612684
2025-05-18,Baby Formula,597276.0,32.328402053593365,30.990274408325,9.87663263561519,16.566978965003972,3.7043468440261997,80.48930737609203,70.62072500594729,60.11021566619223,19.33628030477069,127.73527538853854,103.92143009857996
2025-05-25,Baby Formula,661637.0,32.32761965292014,29.77797407040383,7.297423336400146,18.87466100466623,6.740630611142914,80.7794112554693,239.12284832203417,83.13468955970372,19.23257939489835,127.40259087728394,104.14978360857857
2025-06-01,Baby Formula,676654.0,32.02319654816078,32.68527247516565,10.157956986624079,18.71893550483811,7.582654988070349,80.17407417541126,58.77706792519626,167.36198858550574,21.08513994254824,127.33131399285244,103.54724366444997
2025-06-08,Baby Formula,448295.0,32.29160794625045,33.2491856218044,9.889334373749714,14.643404466087427,8.862059352103275,80.5138585086243,0.0,47.22818951637199,23.37175170344084,127.76296998710579,102.07130893328834
2025-06-15,Baby Formula,438607.0,32.859914830153365,31.24596419835365,6.72085375299644,16.337789537618562,9.69259776922607,79.91271216936542,0.0,116.9831146347919,22.293762242623462,127.5479267914309,104.69704709080825
2025-06-22,Baby Formula,473364.0,31.753177364051123,34.28369339447398,10.807951240705878,19.059707388073388,5.225205423665296,81.33970723172968,0.0,51.3777087771954,23.28041017702861,127.65473626943367,103.1634093168841
2025-06-29,Baby Formula,620844.0,31.91175677532418,31.920699513606614,10.50631765197389,20.5925272523204,9.940725960083064,79.20856273807802,78.12102746001226,63.30440061522444,25.127191743781804,128.18587449476658,103.98262786102349
2025-07-06,Baby Formula,592017.0,32.26170162294367,30.21501283899927,8.639246811302305,17.47470830931232,5.327190483765042,82.21324019290857,47.03982527591529,101.37562114161325,23.70607205090636,127.65875273552358,103.40645855545263
2025-07-13,Baby Formula,565576.0,32.817075966714455,29.96532294752423,7.815146114604387,19.020587253048674,10.148328823833323,81.03842660518994,99.13816060724047,45.581051864758706,25.546596761969518,127.5690369806822,103.16517715547404
2025-07-20,Baby Formula,460459.0,31.88508758107014,32.89458419344604,11.234609299593544,15.939338951391246,6.4327734938369,81.18682215535617,0.0,52.80638486610112,26.31867061720426,127.91711338870878,102.54289703495466
2025-07-27,Baby Formula,416746.0,32.0845387714876,29.652313902987316,7.814999010550995,17.51810989281246,5.014993485922073,81.19462704262858,0.0,36.940587637618194,23.094338546219358,127.79461830724762,102.57820476663044
2025-08-03,Baby Formula,614008.0,33.24564546503405,31.131382178005467,9.878617422811256,12.895229727120721,7.836703336477693,81.12091100436236,102.66671354209002,42.48982073377978,23.49161006290846,128.21373431844802,102.99146516631228
2025-08-10,Baby Formula,396477.0,32.58250588213536,32.253758975791975,8.405007801801922,9.8140186315558,7.885159575898841,80.78066773367023,0.0,45.690043759808816,22.717333836999295,128.09162925433975,102.59880248730744
2025-08-17,Baby Formula,465520.0,32.33575328979329,30.729886016393777,8.174640276667796,14.521469488204852,8.016162939347709,81.47789082418258,0.0,123.2884936340881,20.187498978846623,128.20506299505965,105.04483091280854
2025-08-24,Baby Formula,464461.0,32.51079936132178,30.946774395739105,9.5611719783402,12.041382552272774,8.274750017546527,82.0527386637939,0.0,78.00795477360317,22.54065706714638,128.3999885759552,103.08885887488724
2025-08-31,Baby Formula,580021.0,32.670714160566504,31.165999441323738,7.950969455081952,12.546025309035457,6.643028015341391,80.78957463382945,116.31319368719343,58.0939182232432,18.447261319647804,127.9486692311569,103.01129050403541
2025-09-07,Baby Formula,442562.0,32.31248579146163,32.40743297024798,9.281432812691158,14.717254183387887,9.77937908797984,80.93739119614291,0.0,62.44190364489901,19.579603302836823,128.392887389188,103.89953609800703
2025-09-14,Baby Formula,384384.0,33.177074044743975,31.76424960838967,5.475339939170211,10.70483548085248,4.692605630078587,80.3007090099391,0.0,113.49459552852554,18.40352448158232,128.19194382409458,102.59878390862443
2025-09-21,Baby Formula,420248.0,32.85718918143877,32.954659440436345,6.726229305903766,12.867935130671448,5.2568567676615565,83.69052305939287,0.0,62.33039175521759,18.652291462184074,128.4653749622177,104.2825862668427
2025-09-28,Baby Formula,577638.0,33.23749785642914,30.932921361377435,5.563402612965983,18.453281138705712,5.849302950035229,80.54615773056992,155.4340127775031,85.22770617902914,17.097827052699255,128.64461654557144,103.71031449013316
2025-10-05,Baby Formula,575776.0,32.47286642172804,30.779781095267545,7.170189006096734,12.494832564103374,5.378602881943929,80.31962949522213,93.04269420849555,72.20397565821686,17.520275275559566,128.56054893206775,104.25608725657834
2025-10-12,Baby Formula,624979.0,32.76638821194021,30.951486669261595,9.620426493593174,9.983026947374604,7.045052131894254,82.84500443417714,185.28212538019358,45.25078410917103,14.332320323351427,128.88047022226516,103.77890636626879
2025-10-19,Baby Formula,435337.0,32.78014634716999,31.27632611151079,7.414384692229213,14.080516464107873,8.432659421681194,81.37851682744764,0.0,53.08065001089494,12.384738830462885,128.6159220683538,105.16789313744664
2025-10-26,Baby Formula,444157.0,32.3712806160223,31.10848173507236,10.691493071278236,15.566531531057732,6.089951985316698,81.59456759442264,0.0,28.52780393894269,10.570947760693366,128.68161380365908,103.77735089618399
2025-11-02,Baby Formula,661657.0,32.519942530233855,32.057095558456574,9.616691845205471,14.94495107830025,7.463595813482699,82.28746678999269,69.93482131806259,58.87374954590164,9.215736612912123,129.0347163593748,105.14929960199339
2025-11-09,Baby Formula,683354.0,32.981785816283356,31.9833289061513,8.617305111777334,13.798939204215433,8.788019535428532,80.35729836406222,199.39756223750186,96.38042123240162,7.801417212164743,129.01049955927408,105.76402730904576
2025-11-16,Baby Formula,483296.0,32.65968795359882,32.314044247317554,9.004753008078152,18.685382440867077,9.313694418404642,81.09356689823579,0.0,76.67038293260467,9.221131398271844,129.1232772969349,105.4408671059182
2025-11-23,Baby Formula,467466.0,32.68181922029961,31.168232090257593,9.715953450749407,17.00901625982971,11.049947144268664,82.88818832175858,0.0,65.83912175402875,8.925136355433931,129.02023624584155,103.69524636164745
2025-11-30,Baby Formula,688258.0,32.53752823669487,32.74851903596093,9.724210581437687,18.488149027325285,5.132263533925741,79.61007548374455,122.3381512574916,135.08115422872027,6.063477492641609,129.16604014130084,105.9499095163308
2025-12-07,Baby Formula,724592.0,32.25332342485817,31.30191520531639,12.836927547799318,25.66464855482615,6.250412368155664,82.9907606030316,102.25834577998134,54.32290023134823,5.426440431182378,129.54184967299773,104.1216360810559
2025-12-14,Baby Formula,529025.0,32.08703965378314,32.51111729582642,8.871150301339883,26.23740013739845,6.741896420132382,80.74538607678313,0.0,133.80908773989813,7.410968258470049,129.12839907546055,105.08479803932663
2025-12-21,Baby Formula,761199.0,33.33653633167958,29.633017713746014,9.732090944342426,14.641081263541137,5.34801178773681,82.9319481165742,350.038719861478,124.05387826240559,4.1362040425894095,129.3285295133403,103.95173673668077
2025-12-28,Baby Formula,502222.0,33.02051866298571,32.69006681482576,8.611061909113753,17.28573036142717,6.941790157356206,82.61793891666589,0.0,94.57505204275705,3.0,129.64181512844527,104.93614353375615
2026-01-04,Baby Formula,527093.0,32.689107225110156,31.682717553998692,7.587957793721136,20.68794475084639,8.354326224632644,82.46263950492603,69.05323484157613,0.0,4.135582172692854,129.06948513225325,104.54014442201964
2026-01-11,Baby Formula,593033.0,32.33032212871557,31.559045374615046,6.675752846194491,12.219513446388861,6.923199723415244,82.1265295143516,126.66453788277263,45.0036619682362,5.657470660447823,129.43227749828142,104.3532980875067
2026-01-18,Baby Formula,629766.0,32.65837529506095,33.47054720891455,8.05997486877078,14.786890615331114,6.063284840109104,83.37467519508986,79.40597895703915,64.51416037132489,4.796691793720872,129.28776916685197,102.81473525295797
2026-01-25,Baby Formula,432334.0,33.306618827136184,32.429368521968875,8.433375339109004,13.757237067858402,5.3011611238272245,82.4704007889335,0.0,78.63982764217526,4.525171838462346,130.04497801852474,102.67187621730882
2026-02-01,Baby Formula,445217.0,32.56410271274101,32.563482380299746,9.387396226913618,14.620413329876943,7.43278495895669,82.48843576381164,0.0,74.31157080341308,4.218349437716808,129.7388247352248,105.68251692999462
2026-02-08,Baby Formula,577423.0,33.70493270430846,32.170043170069086,7.989875931485503,10.676115549321498,9.72803198604151,80.40563905995974,185.71846651332115,36.6517589834133,3.6597416231024553,129.8413862734617,106.25204736527742
2026-02-15,Baby Formula,630856.0,33.08573533126858,31.81768547593491,10.10331875594082,11.017695863764846,2.76290187645901,82.4031751360138,105.08314427533256,90.24523461546835,6.6560029151275035,129.74446692612676,105.14220079397357
2026-02-22,Baby Formula,444761.0,32.88879081727656,32.2651085008959,7.924827921009647,11.97758873288692,5.407302605150997,81.58851211210741,0.0,68.65615362643119,7.706110030560757,129.96396978640976,104.81988395744357
2026-03-01,Baby Formula,448544.0,33.16998657948645,31.746830644572967,11.04792425430412,14.13210140124712,6.279583780139341,81.43476659457058,0.0,113.42841978388108,8.965928332853338,130.1363500876484,104.38453451410135
2026-03-08,Baby Formula,412687.0,32.736654317568245,31.679027172430157,7.1023104515293864,16.487367621938574,5.928976161167265,81.59403711622227,0.0,79.81780469465615,7.8558933186828765,130.0801507057338,102.92519654786699
2026-03-15,Baby Formula,536580.0,32.898402513356935,31.745939627322635,5.026625044521886,20.214112272508675,3.629785460472371,82.85225339832961,73.8876594892918,71.59633111537693,9.210662473400884,130.0757843947205,104.4964066657824
2026-03-22,Baby Formula,565036.0,32.78718857036235,32.906471067531406,9.376100065691862,18.750371645248293,6.421423692369862,82.23552396468322,47.304009118787945,53.4855903316339,9.068300699053546,130.06768049740947,103.14991967695468
2026-03-29,Baby Formula,453631.0,33.467494428061556,33.23172356821223,8.882259907766878,19.649880452935776,8.102777687454685,82.48068354141817,0.0,106.66409577872253,10.97611963774951,130.2538192663462,104.23100909146498
2026-04-05,Baby Formula,322445.0,33.4962139791596,32.54548790886534,7.82270009254255,16.714609657205802,8.453790917249096,81.78266267029832,0.0,0.0,13.566166510467163,130.49329411040628,107.04826847111262
2026-04-12,Baby Formula,592520.0,32.902861374821434,33.19371996034346,9.871360247748033,14.998017139150221,5.114618079005641,82.88856344374139,74.1808710672196,52.58602875521154,11.49493653539616,130.71941209128812,106.91527090532915
2026-04-19,Baby Formula,455564.0,32.72809665018659,32.739479669038865,10.92852087500246,13.93478706017696,5.654783862598207,81.42264615870135,0.0,63.641877965239736,15.40528640990351,130.30320540158434,105.84734659595186
2026-04-26,Baby Formula,422406.0,33.792644594808465,31.912488755267177,8.797671349915841,12.866491857144144,4.266967708899097,82.71299150441585,53.11557057585495,0.0,15.196565430645048,130.53783881912747,103.8481941534157
2026-05-03,Baby Formula,529502.0,33.81359714866364,32.873609949504335,5.798999934179952,12.260764722116452,5.58914302439824,82.99923177673394,88.39960597086326,71.1189284615189,17.877179998194446,130.6236530142695,105.38131191676167
2026-05-10,Baby Formula,587867.0,32.936335464861365,28.1824452328203,7.311071852262242,12.772316507374825,4.88422995062664,83.22599059890337,98.74410578191933,75.25605348617894,17.976605457588516,130.74928251042965,104.46938611824605
2026-05-17,Baby Formula,458898.0,32.89931365537298,31.86048805640277,9.141478010938226,19.000656501345887,6.460328684923007,82.4776572008913,0.0,63.017627414598266,21.700684363871215,130.62675895263214,103.5156690853103
2026-05-24,Baby Formula,442505.0,33.23849035535813,30.692328354083482,7.46402203472742,14.346016475667057,5.55613877748529,83.31203055817703,0.0,80.60316974846805,21.930629055984415,130.74882760898,104.50102957877631
2026-05-31,Baby Formula,696642.0,32.84341045208311,31.687752098562715,9.00295044041499,16.127232751477596,4.0039319267622195,82.70846289719425,163.7260915316159,107.14294951165084,20.317711279733025,130.96437813940898,105.30986459185097
2026-06-07,Baby Formula,626298.0,32.57985646556968,32.40295333862877,9.66628268123936,19.564285969181544,6.669933856865051,81.8651499000201,77.43098336898098,92.97564576902911,20.183384415885293,131.04745007402028,103.80108177051311
2026-06-14,Baby Formula,785592.0,32.78942895868626,30.61204719650065,12.716169887105172,25.648182535756412,5.171711881917257,83.88905849682722,142.06965613761727,88.45688745874892,22.68022999184379,131.15848975800327,105.36649898832687
2026-06-21,Baby Formula,728724.0,32.78856742635044,31.592311237194597,10.366257738912156,29.215506027812236,6.772207739840771,80.21242770971085,68.02572973731782,117.74491285387414,20.217291500677263,130.88872655496021,105.035803684003
2026-06-28,Baby Formula,731687.0,33.183451308419905,31.7766063974235,10.011275697589465,18.114328518669144,5.953842713836141,82.61109407725527,148.00716270465026,152.34566697249684,22.59336092530272,131.2694365788784,104.40451372917165
2026-07-05,Baby Formula,516949.0,32.4821381203046,31.065593582987027,9.375151739974926,23.5368720503147,8.756241861089004,81.62993237548253,0.0,86.31398856573479,23.043910629204863,131.27213608405532,106.71626447361471
2026-07-12,Baby Formula,457895.0,33.09318505089805,31.904343319075867,8.664110441442823,18.47389272732832,13.292369142715618,81.56675080992058,0.0,47.472059938482836,24.614874187220156,131.42553660504595,107.1745949273087
2026-07-19,Baby Formula,499136.0,33.05956910770566,30.661169693761764,9.145137428425874,18.42858604533895,6.351357246611215,83.06995781854174,0.0,99.34367288930311,25.774681222123956,131.0237904608618,104.34558933098138
2026-07-26,Baby Formula,447254.0,33.94314732924686,32.415928010967605,9.829817193196483,14.981298202697621,4.487289614674703,83.8010561749032,0.0,72.35902728765309,23.67802802526316,131.4524978372508,106.82838109908869
2026-08-02,Baby Formula,571255.0,33.75396391949819,30.502180279564932,6.944545990653387,12.707938430307006,4.281733735462341,82.10125213084928,105.13824348072993,91.85481629542203,23.224149144462537,131.52219863246862,106.20513567306249
2026-08-09,Baby Formula,562723.0,32.72235981848619,33.01767317950984,6.941615396887159,15.107501379739569,6.302809390958867,82.95093200661815,83.44380483154553,65.09479424688789,20.347721719889694,131.6412614582969,105.17636577937668
2022-01-02,Ground Coffee,1557341.0,8.363300045296453,8.283919981301699,20.466820963283006,28.752071193322653,11.871384859740816,74.59115378621043,0.0,51.19754728779535,4.503746616830196,100.24130369140437,93.86789218858914
2022-01-09,Ground Coffee,1780747.0,8.468814824655972,8.226850745616433,20.902576649939714,25.43198533560222,23.153273235994,73.72377080857916,0.0,67.5248428468308,4.688961220884122,100.41384391981707,93.32940949006152
2022-01-16,Ground Coffee,1409117.0,8.445424536357349,8.21471832461026,19.722189685282817,20.97068244673001,17.82802140186067,74.48519666214754,0.0,54.954615565103246,4.091192657940171,100.68656868925525,93.99400340515226
2022-01-23,Ground Coffee,1628518.0,8.455591810708407,7.729779426270649,17.516384249579204,40.21866915300921,19.83268309446456,73.73855549383948,0.0,54.6898865765269,3.9081664124442854,100.96992613367756,94.43986032625273
2022-01-30,Ground Coffee,1138022.0,8.76698510536516,8.68869718883153,16.561789907261105,22.109936940811114,12.906446390848908,75.21619588163163,0.0,65.70356866166813,4.192287348203582,101.18972843927817,94.61226968140987
2022-02-06,Ground Coffee,1299141.0,8.54879545719922,8.9233311423183,12.702613612838293,38.95453733523265,19.783258303828838,74.28256120762502,0.0,0.0,3.084073671717324,101.25609506974257,94.92428927625517
2022-02-13,Ground Coffee,1904913.0,8.426693874142712,8.432015203753805,22.042587356538814,36.28228630660619,12.832494855157098,75.58360444036447,84.09798605883945,52.56147047968229,4.50813648684579,101.61636463067178,97.5828927780204
2022-02-20,Ground Coffee,1635778.0,8.419085454927329,8.6517221227976,18.96004338839393,31.410880242226835,9.760028777074538,74.57961041460676,79.5144028378569,58.16138076856024,3.095258147793161,101.881551109575,95.07308645357624
2022-02-27,Ground Coffee,1428006.0,8.551465773261878,8.530218622993464,16.20198137572113,34.635502084188694,11.926075985389877,74.2831515081081,0.0,76.84119751806061,6.976947320130494,101.99780618581404,94.13994843053426
2022-03-06,Ground Coffee,1897965.0,8.280534031363818,8.539776984200978,25.019190482829362,29.473351639800917,16.799342327194722,73.26029454495661,0.0,59.59693319949648,8.716786890029756,102.37000828162257,94.09407174985618
2022-03-13,Ground Coffee,1518247.0,8.639858594300309,8.99338376068014,16.645074583830443,28.898275782134206,25.889993031298083,75.30724384598099,0.0,51.93707866794932,9.890205764530567,102.2954915545924,94.62966196031485
2022-03-20,Ground Coffee,1881251.0,8.450421907027474,8.7344644362472,22.07992339794134,33.520930209838426,21.681921584698518,75.16264798739293,0.0,71.029685068929,10.772720748051718,102.54855649969204,95.08437474256432
2022-03-27,Ground Coffee,1679890.0,8.592513434314814,8.661235335014755,21.60309222525696,26.276206921519268,21.00632329330273,76.49708666877528,59.82553713980153,36.06178892313263,11.087714923416401,103.0779281211557,95.36020850805535
2022-04-03,Ground Coffee,2166416.0,8.437477503512053,8.460661291888632,24.539240362611118,36.888248986396555,20.283120270266053,73.83993573731554,102.96744682439379,36.68398068013675,12.303731181625533,103.35765537644284,96.20628008919194
2022-04-10,Ground Coffee,2467382.0,7.9065433235985125,8.323438997746015,21.359405102358373,55.6773770612493,18.57262421346943,74.13446510990799,0.0,35.8612720767635,12.32966508855237,103.18912910335969,93.59958282127195
2022-04-17,Ground Coffee,1505031.0,8.476734166955865,8.670139389072679,19.655844089742853,32.259692910778725,15.622848934975847,73.80084844235384,0.0,110.41858465633936,14.087168420791523,103.54273374488109,94.56492874797176
2022-04-24,Ground Coffee,1118866.0,8.84215387131971,8.283287190104362,15.252008686098545,27.86721515412162,16.17918292363564,74.77734439413163,119.04047611360748,59.43003221384407,16.61404437836227,103.87572772196582,95.29707768307799
2022-05-01,Ground Coffee,1131731.0,8.731885958923742,8.64661414704514,15.945333800760844,22.238960826868226,15.810014966685014,75.8058025237053,57.342071238867035,60.36089988236151,17.305647370413826,104.08384763379497,95.92769716740321
2022-05-08,Ground Coffee,1849517.0,8.509549099368565,9.059540503784971,17.160794382820715,46.51715662536058,20.99745388643188,74.58748288561,0.0,120.0650139191506,18.840190402611483,104.39037122232486,94.05893169601114
2022-05-15,Ground Coffee,1559609.0,8.594788240536126,8.667087627607938,19.630365946779804,26.712806855181224,25.10296654347559,75.6330612658374,58.64601329766941,42.05538370247534,18.579150844918335,104.45697742490047,96.58087712903827
2022-05-22,Ground Coffee,1412116.0,8.69721381142125,8.816519036865362,19.364675510996705,33.424858745243135,16.55965627583255,74.20197455002616,0.0,0.0,18.949064353963976,104.65956174090933,94.94601380878542
2022-05-29,Ground Coffee,1215566.0,8.69932918344024,8.495326100415008,14.636872280719125,46.0360180884019,12.738776704243504,74.223638561156,0.0,54.17567298241117,22.765296980456586,104.8818608826675,94.19324569923955
2022-06-05,Ground Coffee,1186536.0,8.692076806079385,8.552837019230298,17.150451043349562,33.96094588064927,15.007157365186442,75.29263337448639,0.0,48.910063460723656,20.861549441592473,105.19450611229308,93.8174640542837
2022-06-12,Ground Coffee,1442091.0,8.545039665464335,8.766274787566225,20.565251472660016,35.34120900412446,14.718837645571528,75.81271439064031,0.0,55.58173308454846,20.33421333546263,105.3391422290194,94.45087930188795
2022-06-19,Ground Coffee,1577383.0,8.642108154408767,8.43763364567109,24.631003265288307,28.80951421128316,15.750126084978106,75.20963364041094,54.555976915192964,77.48329012063797,22.361671532928497,105.75465330116995,95.99380412303331
2022-06-26,Ground Coffee,1546959.0,8.685477263986728,8.847678910086259,18.91086060855007,33.44140836445076,21.057915974328235,73.40967053774209,43.7226899013238,47.440991819332964,22.97024279317105,105.98302769977946,95.23216367515366
2022-07-03,Ground Coffee,1336874.0,8.733968789315744,8.989038133063952,15.098297671617802,38.135462657407906,23.796050406433018,75.58498740011261,0.0,58.30491607989225,24.08926420251015,106.24644207521193,93.94051622296219
2022-07-10,Ground Coffee,1303962.0,8.571135277767196,8.5731521130257,23.657783642112836,33.91940523632743,14.189856352853434,74.58789700502125,0.0,83.42965288785356,25.551876301945953,106.37112766737428,94.96157463326284
2022-07-17,Ground Coffee,1615637.0,8.604239718580237,8.755949705094382,22.74919619620765,36.87176864055944,18.5435126705199,73.74873554611356,47.33921336245676,39.308620383123525,25.667895148434116,106.51212776374453,94.3935761509401
2022-07-24,Ground Coffee,1481455.0,8.89984127419527,8.798655504929428,21.069055188231737,28.997564743967228,27.661830299863446,75.26614688613707,45.612808588542485,61.328947318876835,24.642288109580143,106.85378908048436,94.74884267212225
2022-07-31,Ground Coffee,1988187.0,8.574356378992467,9.199992395273815,20.94528940428167,49.75956895977036,21.36580842387191,75.88690591366307,127.43767784813726,33.09355892883958,26.19411495685751,106.99087992282432,93.33298619161498
2022-08-07,Ground Coffee,1245506.0,9.019307794239827,8.69789923333353,16.533799757422294,30.98102408140252,21.30607649568721,74.22878908115153,58.16099939670784,80.25820131637717,23.934544837109147,107.2046632026113,94.59240143866693
2022-08-14,Ground Coffee,1219799.0,8.886129716570295,8.755322376883573,19.79372352169373,30.432229724330412,12.053617233481805,75.37138811330392,0.0,77.30964091263833,22.72143123918376,107.59488340151239,92.94266648128492
2022-08-21,Ground Coffee,1160960.0,8.951221783540799,8.224656810217523,20.391822153983146,30.877338570988428,12.066419594004605,76.29655560720188,0.0,92.75507158970908,21.74927745135542,107.82644976705282,92.37289479935043
2022-08-28,Ground Coffee,1130572.0,8.94605650148574,8.657044197126245,15.207757891394092,34.46050436826202,19.75219044357862,76.09593727560183,0.0,47.6115538822829,22.20351172284562,107.96788414192388,92.13592291048819
2022-09-04,Ground Coffee,1212509.0,9.193822649103737,9.164371336079151,21.000052339635673,22.02065601492931,18.62420282271169,74.12775234910913,43.78985949811808,93.15905326351823,20.679886632168582,108.27788560226116,93.34876158214828
2022-09-11,Ground Coffee,1415719.0,8.770732286170116,8.670728622616286,20.827364237915386,40.749027024540176,14.515926236467381,76.02456855035392,0.0,62.2061715901968,21.493731830660707,108.4109597710167,93.43177922394376
2022-09-18,Ground Coffee,897336.0,9.113477188241538,9.02449627596777,16.305843522699753,24.060726828392134,10.560407675862125,75.47453945874844,0.0,80.36840890498455,18.821669814346027,108.80087281936417,91.47469449011797
2022-09-25,Ground Coffee,882059.0,9.089106939129088,8.598125987884636,17.753831115946827,20.78865150930292,13.122008390495946,76.48978234995306,0.0,49.92767742473029,16.55221965229912,108.72315447864455,91.1830085550858
2022-10-02,Ground Coffee,778488.0,9.034385334848846,9.254914416416856,13.072920039566016,28.293206914436944,9.223545393609886,75.77128726962718,0.0,74.6975069613045,14.246669884907007,109.08799293999625,92.55280968499927
2022-10-09,Ground Coffee,1312998.0,8.644195368290159,8.780480258738201,22.314553137709684,36.383215417333695,15.425239522606798,76.79976882939961,0.0,44.126469779995595,17.451576246105425,109.46667918029519,92.00970017665637
2022-10-16,Ground Coffee,1473352.0,8.392797152621778,8.385908295729362,20.72258010360981,51.19447190829701,17.632017377240217,76.5394242238815,0.0,29.03321526981523,15.820092648277857,109.63766839326033,89.97154323699009
2022-10-23,Ground Coffee,1172357.0,8.958410393437443,8.823139023480849,15.83319456980391,42.77649145788074,18.92116966037878,76.11794119828568,0.0,63.607135419233046,10.910230910654652,109.95545001413635,91.37133166179116
2022-10-30,Ground Coffee,904476.0,9.103097308733648,9.331036045762136,15.794004564237689,27.845757861713047,13.921658977704414,75.05759959352106,0.0,57.45902062285154,10.65724256328603,110.06664134566341,91.2722133924328
2022-11-06,Ground Coffee,1117173.0,9.154355215715489,8.804290676875363,18.340256768925478,40.24493171501823,12.206506157129745,75.03856470022879,0.0,55.826263325519236,10.329544704152655,110.65347626366956,91.18535927597412
2022-11-13,Ground Coffee,1439097.0,8.886546794572837,8.719654873068022,21.081921154201602,39.630468880392925,15.085133267767649,76.5991214341055,0.0,77.87933470290645,9.105107810974728,110.73909500593734,90.16610219773645
2022-11-20,Ground Coffee,1198098.0,9.10067990089787,9.016787102883995,19.58227167137467,29.761489122787594,15.374861222234268,75.25152562839686,0.0,38.07755297776466,8.25641641124401,110.89399569958235,89.29038780505613
2022-11-27,Ground Coffee,2605519.0,8.481057396274851,8.571767889851431,30.114676624977264,38.561688853013145,13.051480866954709,74.68821339586292,95.336128351603,63.53573720972938,9.319231467984206,111.25639981778643,89.20886367399322
2022-12-04,Ground Coffee,2665091.0,8.646231751388635,8.566737808983948,28.98155269580972,36.24564603726157,22.601560677308072,76.04815149018451,46.47060309605551,94.91239547243762,5.418266837933507,111.37415083348796,88.46415234623926
2022-12-11,Ground Coffee,2847173.0,8.712244193216103,8.977326296237193,26.311609975304517,45.95076742043537,36.17251888599522,77.62854247196202,0.0,61.30144385479931,6.853451719888746,111.55149281303163,88.42638037550667
2022-12-18,Ground Coffee,2798372.0,8.69769246309715,8.789378895421954,32.05567356250671,36.108889140360134,33.82258174466759,74.89380033086354,0.0,55.51270666688776,4.763257274824404,111.85688459030887,89.13570252805036
2022-12-25,Ground Coffee,1930789.0,8.96988673580724,9.078603701609497,23.080540121708545,32.18210233107465,15.4103305818987,76.57265396228502,0.0,36.35942357155636,5.0000363153127365,112.15946302742384,90.23986490595092
2023-01-01,Ground Coffee,1788780.0,8.933811224106813,9.023509713849117,26.1739866547665,30.44933689178886,12.687575117565054,76.63990030290627,0.0,50.754304259199124,3.0681740697740087,112.2435686323915,88.13866236918132
2023-01-08,Ground Coffee,1675209.0,9.15828504231462,8.730666967648194,15.018422497578543,33.20708340189153,17.394993642558433,77.07074430832537,156.786227756184,61.44124235307631,3.0,112.36210519942091,87.01565766501353
2023-01-15,Ground Coffee,1602222.0,9.104220025483132,9.040992289544102,23.801771276482135,25.178577548475026,12.5326173459497,76.71883543752112,0.0,33.522763728370904,3.638004732174514,113.0054582469118,89.23345450531697
2023-01-22,Ground Coffee,1529396.0,9.080454160735664,8.691388844510234,19.081931107878834,35.427024105455324,13.465028818081763,76.60993774203946,0.0,17.60465788213075,3.0,112.9808198922694,87.84003612372364
2023-01-29,Ground Coffee,1521613.0,8.999574066538042,8.6449642355017,18.848704893368748,42.642855727882576,10.090189380074591,76.64465225902576,65.63471158021657,70.5730736869594,3.627465304941028,113.45777785169673,86.56175277563713
2023-02-05,Ground Coffee,1180888.0,9.564982515565003,9.45922240851881,15.327408275160458,28.531025654725987,15.634012759395098,76.98782855145254,39.75229559859075,43.40956483452985,5.113548300981992,113.7216265596168,87.88599347706017
2023-02-12,Ground Coffee,1352511.0,9.257048458575833,9.175846603700409,20.712740628931137,25.173160962861548,12.573208018792945,77.02634522250344,30.028361717055486,47.58209226634535,6.187647791974121,113.68901509431643,85.84859469082595
2023-02-19,Ground Coffee,1470322.0,9.196095526659951,8.960478733461661,18.878757964649516,37.603013765417515,12.802905149335947,76.92919531060227,33.56479504097539,63.620358775106624,6.249101315277736,114.12094214972387,85.25838528327597
2023-02-26,Ground Coffee,1677752.0,9.110787779525417,9.198545445228836,18.223250655833354,43.92242231870309,20.905014127173793,75.58920808937444,0.0,47.08284942492356,6.2078706095481495,114.27517986834373,83.75881920192252
2023-03-05,Ground Coffee,1678285.0,9.13444262600178,9.28986009747377,23.83139832407464,35.50396216495257,9.769004314348155,76.74470785008953,112.22499118307088,91.49291996866697,7.485411310535873,114.63840880652226,85.06945575380487
2023-03-12,Ground Coffee,1152661.0,9.538754350612278,9.581827599520594,15.590319064233217,29.120749108768248,14.553036741713306,78.0653540020961,0.0,46.722809804763024,10.422843199069561,115.08533793348006,83.51403454001704
2023-03-19,Ground Coffee,1619077.0,9.08564884189382,9.282625375935194,20.433219607468317,41.3103643042262,17.457225681790206,75.80425467632897,47.12763115840064,52.48372659346523,7.080338618516496,115.15958776037938,83.45844418853018
2023-03-26,Ground Coffee,1515815.0,9.24500564489758,8.814532792136829,24.24872323554792,32.056234480794366,21.665662095486134,77.07833968517049,0.0,48.57402232388046,9.46800785729281,115.39505982727903,84.08036848340014
2023-04-02,Ground Coffee,1450830.0,9.390649920996685,9.110138604134342,20.52905486416661,31.023494473736196,24.48697624439011,76.93211143030305,41.72060120751147,58.148955358605654,11.181657985361035,115.8306517129208,83.37742771790062
2023-04-09,Ground Coffee,1507148.0,9.155632646990165,8.872821549539834,23.47427631558737,37.55040210491981,18.665229286752826,77.93736333711027,0.0,41.681791129271154,11.69708054698663,115.7876614874001,83.44242890630522
2023-04-16,Ground Coffee,1398034.0,9.215950010512646,9.660260676493834,20.70510268167708,35.87805549511866,18.1432707642492,77.80283148456301,0.0,41.162273487768736,14.19621943071346,116.03923779140571,82.75881673209972
2023-04-23,Ground Coffee,950100.0,9.644458238927287,9.927286148860128,14.126130499937123,32.26458949322657,11.134333595983112,76.91833797438748,203.36530998474814,42.270007282050265,13.729501124331874,116.49809801474908,81.9332986275708
2023-04-30,Ground Coffee,1647096.0,9.056239272513194,9.513616214781484,21.80963139259273,38.39155781647493,16.00353429702819,77.83568709876046,67.3633193900407,87.4539562110781,15.43603621393239,116.56842322986692,80.95241467620797
2023-05-07,Ground Coffee,1101407.0,9.589027058603019,9.519521498126268,15.598793842513068,30.25175732465746,16.73779706142239,78.42687188543782,48.79760062320797,41.060347400416894,18.29502795119269,116.89597694975474,82.57072462755885
2023-05-14,Ground Coffee,987483.0,9.612558674975636,9.408667633173753,17.094993406437187,28.35482108052922,14.804205787969945,76.84558752958509,0.0,94.97692789860253,18.587343202562987,117.17055007182273,80.82359934524038
2023-05-21,Ground Coffee,951571.0,9.681194534006632,9.59387511428703,20.37630180604882,23.788596299186757,14.05717023180509,77.85240231118598,40.40826160864699,0.0,20.26110205543384,117.44136123410591,80.44392893238036
2023-05-28,Ground Coffee,972547.0,9.406952708406394,9.815063080292585,18.492460258938426,27.242496521086697,11.737833845558155,80.24714213904439,0.0,48.512068556620825,20.189420769205597,117.55511288579301,80.97281552479922
2023-06-04,Ground Coffee,1025237.0,9.548029221386406,9.666407922891638,17.150539199448367,40.770645618998024,10.21273521635494,77.93867405764409,75.62977258228338,27.568919367771223,22.661002169371404,117.8054243265904,80.81143526786012
2023-06-11,Ground Coffee,1674407.0,8.824997793502758,8.743130365649424,22.780703674146793,52.46996375875976,20.4457489844848,79.38858426253742,48.1468028415776,54.398020253961654,20.43886378553205,118.20768800424464,80.51653648085825
2023-06-18,Ground Coffee,1201697.0,9.538277574966724,9.073545539381918,16.85282695456734,39.009970912420094,31.894473456274394,78.12739791215306,0.0,53.77498230844876,21.828820213094176,118.48245528951395,80.12671549282351
2023-06-25,Ground Coffee,1391397.0,9.151660378610218,8.815770753084932,21.40831138765817,40.297132593224966,21.001627049885233,79.43713126133727,146.35291215861994,60.97774251426267,24.433334169619947,118.65170624169468,81.33228891950354
2023-07-02,Ground Coffee,1156267.0,9.492924728768312,9.410362675520897,17.967485967767967,38.0452447548782,23.446156908047527,79.30016055864314,0.0,40.09625399943438,23.988049426280035,118.76695797413218,80.11037944753257
2023-07-09,Ground Coffee,1437810.0,9.381667787900636,9.240140195937153,25.203298992413185,37.21204733307589,20.054412675641267,77.86345867603379,0.0,73.54810815660096,23.32013406968531,118.87001498637167,81.59234220215897
2023-07-16,Ground Coffee,1061104.0,9.62659797362035,9.772639196942443,17.54794228094377,31.710883349755246,19.083865549476222,80.29443736610425,0.0,64.65504571813938,24.183890887028248,118.852590892221,81.16496403969586
2023-07-23,Ground Coffee,1186663.0,9.48275546625179,9.57810441914111,17.45716894922875,40.63251377382279,17.14975932977049,78.41709957032857,0.0,78.46942148167385,23.488337410510248,119.00775308829685,80.56987251243564
2023-07-30,Ground Coffee,1059074.0,9.642221479743784,9.721670074150614,14.354889232975077,39.16564466121137,14.861579447555846,78.64695583380454,71.51825025518255,85.74051312635143,21.232067127841,119.27280006695456,80.02480655989163
2023-08-06,Ground Coffee,1261956.0,9.57304638673011,9.123133740494913,22.669416492264595,28.018990220953047,27.922761493518873,77.69861167131614,0.0,57.70741617195748,21.938955975221692,119.17296291223609,81.19231479198794
2023-08-13,Ground Coffee,954885.0,9.683787387756725,9.610003490349122,15.52294806510963,32.15263408923925,13.791704534899043,77.92291951258939,80.15667355932167,55.14365647432628,21.697624631206853,119.33281868925044,81.46808597231951
2023-08-20,Ground Coffee,1034135.0,9.550552430541082,9.619480589784482,15.775360299060898,38.4768469554733,10.744116522214792,79.58167627633858,107.89122792309475,0.0,23.200054649484837,119.59757865239736,80.44173608427003
2023-08-27,Ground Coffee,858496.0,9.850095657604367,9.557334131579811,15.362737667624819,24.487378931121683,12.171556512376325,78.85994431348688,0.0,101.57969636588251,22.40096314188521,119.67056200598739,82.03697865495275
2023-09-03,Ground Coffee,936386.0,9.917473229841598,9.656192014305221,19.744649323132876,26.5804203229621,11.51909494171619,80.28256432542031,0.0,62.16215217148189,21.766996630453022,120.00632042933103,81.41811326706994
2023-09-10,Ground Coffee,938446.0,9.879102907546638,9.669836264164283,17.336005523490645,27.517944664843053,19.453069538568826,78.88445844965628,0.0,62.795328009985376,20.681782453968417,120.18196520273689,83.35033218604883
2023-09-17,Ground Coffee,1129470.0,9.500292601836966,9.53382626616692,20.02566527239751,41.446038882011266,17.681773399355222,78.84536700613536,0.0,36.37688638196325,17.861984809120294,120.12685815028836,81.37145143422492
2023-09-24,Ground Coffee,877674.0,9.754502041125154,9.443298687283065,13.87790233963611,32.52956548051954,18.324330728466922,78.57361427042672,33.488061422866785,95.97542729375627,16.9288689829114,120.2027384754898,82.65448831807383
2023-10-01,Ground Coffee,1470011.0,9.446776884977055,9.872498675626577,24.485997103622587,34.45156729465591,27.919265919649973,80.24335584799397,0.0,46.41150594482734,16.35401814795208,120.13525871783602,83.40240936850219
2023-10-08,Ground Coffee,896416.0,9.836137765607399,10.07599508971832,17.1204201845586,28.85695935926422,14.143659705723817,79.57035204929734,0.0,55.477536348707574,15.214946890585782,120.1964901192066,83.55671784431773
2023-10-15,Ground Coffee,1667864.0,9.377367894500358,9.965674342676541,25.53903608363823,31.807711053105262,27.794845818477025,80.62010885855892,70.76589771770666,75.49064719895435,16.153524290801897,120.4904426403884,82.3970637286763
2023-10-22,Ground Coffee,1109208.0,9.744791252986895,9.718100601989185,19.36099551636326,30.526175120035337,16.279394143627226,80.26058155162545,45.55737470078593,45.6084421837234,14.85167086321712,120.66129110026814,83.83074829927585
2023-10-29,Ground Coffee,1138868.0,9.659895059444038,9.39111587700815,20.175148851341447,35.23802066202031,14.500581474102132,81.26211105784871,0.0,61.371694545488076,12.310678589845459,120.74506177960909,84.47593370864314
2023-11-05,Ground Coffee,1104741.0,9.806329324144947,10.07864184293456,17.627670156079326,26.984686296856342,25.688639103292527,81.09557207098841,0.0,60.675981643165535,10.352567542823484,120.91534886887615,85.9091980743163
2023-11-12,Ground Coffee,1358170.0,9.516858169909703,10.196428074240348,20.310211479677506,37.301372499369336,12.25406657997555,79.93943241684248,52.58766989664636,73.564261072046,8.531475050774244,121.03602128888883,84.99625849093209
2023-11-19,Ground Coffee,1157447.0,9.78447980300662,9.318670923657196,19.403219930581557,26.632509480996386,19.73673644498708,80.75836555537491,0.0,85.18811891356863,10.291873917742569,120.90597928914818,85.26356073272406
2023-11-26,Ground Coffee,1611930.0,9.616986604937612,9.193659069558251,24.933242696521795,28.539273282245418,28.954962115742124,81.94679435312041,0.0,30.084304023945325,7.862900996466086,120.97991736643458,86.54559455185677
2023-12-03,Ground Coffee,2171736.0,9.161961860204295,9.231313309581859,26.125396570057124,43.62475424930642,30.557765074149234,81.43703986948282,0.0,68.42076713534703,7.835519470779903,121.32928527249656,85.89360982614991
2023-12-10,Ground Coffee,1515704.0,9.64398807954512,10.1502100386409,17.236670779534364,39.46262181140786,15.12666624523065,83.82525243709493,127.23959243200206,128.2137538590818,4.829770497467159,121.16471615643681,87.2195082844071
2023-12-17,Ground Coffee,1833434.0,9.564912609212787,9.944344129648007,19.996553197075116,36.514743763830054,26.36751741172934,82.59910742469826,0.0,50.71599112153058,5.653950762722352,121.43272709092815,86.44887049099735
2023-12-24,Ground Coffee,2270006.0,9.346529525465934,9.465405841466962,27.730970855587433,39.84409218769964,20.379359012207722,81.52420271710108,0.0,0.0,5.676836057330993,121.476511380826,88.46585908039776
2023-12-31,Ground Coffee,1238384.0,9.839855545721178,9.45038088408741,16.6167133155317,33.151072194984614,12.057631619120743,81.36487564930027,0.0,44.199207353172724,4.219753868820218,121.71197182956448,87.9319187380164
2024-01-07,Ground Coffee,1376342.0,9.760374533211564,9.438808809155692,16.587521949631018,34.74125391354925,16.63508674699919,81.75456357247295,0.0,45.04788720915233,3.307700414456305,121.67073597035863,87.33127593447433
2024-01-14,Ground Coffee,1234644.0,9.943827610064712,9.7886799124159,19.685806168881314,23.196681190992603,16.501528942959236,82.89100689757814,40.09924907255516,50.991020365212364,3.332120091293826,122.1350784919235,89.78275644677238
2024-01-21,Ground Coffee,1531159.0,9.844902118966939,9.637602045768034,17.90718540350749,30.198125326708524,31.12184661018881,82.0411479307077,0.0,60.13785249760303,4.758976454585221,122.09377270265706,90.14685653589522
2024-01-28,Ground Coffee,1154960.0,9.770352459972973,9.724468219405765,15.025761656635396,38.147338780225226,17.605206381140512,81.05400756439984,0.0,0.0,6.083046613071854,122.3535621247256,89.83380523869856
2024-02-04,Ground Coffee,1273530.0,9.86321030479917,9.508832965915778,18.233509664257884,31.677197525667204,20.127864881259597,82.44781437433616,0.0,41.21152056704703,5.009577459216099,122.36878016148776,92.41964193304611
2024-02-11,Ground Coffee,1311503.0,9.909831073479644,10.663795727681094,18.06135841564248,36.20714191971739,17.529853793729384,80.73838823127475,0.0,92.26684305346106,4.581781570347554,122.3550342107482,90.25786690132654
2024-02-18,Ground Coffee,1324030.0,9.73787400093434,10.18506570017321,20.243894939304617,39.46778234698559,13.155569733265057,82.8869064735677,0.0,46.020165605890185,6.86057495143317,122.37357205468378,92.28628793510853
2024-02-25,Ground Coffee,1259750.0,9.823643979524672,10.015774261713828,19.754476611703588,38.387812697950665,16.689789551534247,83.40509475444777,0.0,43.83981759572568,5.095358371202252,122.61972888033344,93.60114224391505
2024-03-03,Ground Coffee,1098034.0,9.7401378001765,9.427029530577537,18.16938966058666,37.72678876074905,12.970827898070343,85.1488405597207,0.0,0.0,7.519082032014636,122.60227840753896,92.63034720971726
2024-03-10,Ground Coffee,836607.0,9.942637718587912,9.310203924636664,17.44328445661779,32.633870373205184,11.191040030435238,82.23078417451197,0.0,28.976761326573666,8.160192840209376,122.84085719917626,92.51290250608803
2024-03-17,Ground Coffee,1208112.0,9.862522808240897,9.575756837428266,16.571331124401535,32.2277025156996,20.695809409808902,82.0277239108802,60.88384650957589,81.6081565701658,9.82063498238303,122.72611076692537,93.59378995577292
2024-03-24,Ground Coffee,1797915.0,9.500134025312306,9.312329579941178,22.758855218740756,47.158231800101746,40.25452164492261,80.98450851958545,0.0,46.67341268107199,9.377090484507072,122.99170751605573,93.55866064161698
2024-03-31,Ground Coffee,1230818.0,9.90045678567217,9.793534527307274,16.175414363146874,35.763306004120174,23.389691616705964,84.65502839608428,0.0,102.32878566658567,13.419656677831362,122.9365114904099,94.50439653851932
2024-04-07,Ground Coffee,1410912.0,9.74347368046079,9.77031662361499,24.155969596740302,32.056777528676655,18.445852138895564,82.72245763765709,0.0,83.97291354885259,12.72156315269494,123.2549657560768,96.73613567181104
2024-04-14,Ground Coffee,1087763.0,9.816010002718508,9.806494440790013,19.373506435025337,34.51444613483356,11.860721674638764,84.34463891671453,0.0,48.69074066218355,13.77645361359137,123.40436880281744,94.04926986155715
2024-04-21,Ground Coffee,1307327.0,9.591748606829544,9.345706754487233,20.65132681804033,46.136468035590134,15.121580294179825,83.82456318936384,0.0,59.050117705149866,17.111647048668868,123.37670081268017,95.29214618858684
2024-04-28,Ground Coffee,1424623.0,9.641313506492068,9.56471415955555,24.244350163785484,31.788310887915195,14.916110309790845,85.66116935303593,81.2299515004269,55.39158349817938,16.516168944312845,123.3218562824755,95.76010923972896
2024-05-05,Ground Coffee,977458.0,10.204153313462895,9.669051138958555,16.982752921886895,27.878369629469017,19.066295050493096,81.20817914782104,0.0,68.40370286938074,18.310955581178668,123.6919543845386,96.89738075854284
2024-05-12,Ground Coffee,1044625.0,9.942281054624736,9.572184059382021,12.824197571323339,34.476100545560485,27.093715233745268,84.8771540187462,0.0,65.18711756352411,19.42603292834756,123.2484818737358,96.85295452542081
2024-05-19,Ground Coffee,1015437.0,10.188702273403795,9.703303009479562,16.50667394253651,25.324987100792583,23.209100584608507,86.55865548408714,0.0,77.46653606968525,17.88353372268214,123.80408303176728,96.14681754846082
2024-05-26,Ground Coffee,1098888.0,9.844206410983317,9.299590275606999,22.09157574666382,28.754441825940386,13.576987263131834,85.07886554145868,21.761241866783227,42.23867567534203,18.327597520483177,123.84518544586241,97.13993264887729
2024-06-02,Ground Coffee,953689.0,10.045661824803581,9.81865647072612,14.168191445119867,32.21585791755364,21.519099738752267,85.70301845834224,0.0,56.677677342553,21.338936173713225,124.18059415403978,96.32842582137256
2024-06-09,Ground Coffee,1186986.0,9.707231039530928,9.4615656182161,16.186755084936166,47.605054227127034,17.627616594251336,85.96339775129535,0.0,36.16459347180614,23.01142860569013,124.38074650679314,99.37073201268541
2024-06-16,Ground Coffee,1110343.0,9.889438218217625,9.837422727515746,21.022042652153242,34.897309690438675,18.24581353079526,84.42694496624829,0.0,55.3597325402938,22.860692947824973,124.252816218326,98.01224786271693
2024-06-23,Ground Coffee,1107906.0,9.932346784783755,9.941182277655876,21.387885593396412,28.134403337776728,21.635861659182257,86.02519495423306,0.0,92.23849207878283,25.85112185301724,124.21703228857311,98.81316920422312
2024-06-30,Ground Coffee,1594223.0,9.532475736117682,9.526889545374585,22.176643459738894,45.96056783415299,19.39908530039294,86.79119129956642,67.26033890856272,78.17254112727522,24.671260281718553,124.71727218654783,99.28242861244375
2024-07-07,Ground Coffee,1328595.0,10.046136238726442,9.896889361922376,17.740645049153393,41.48339274259896,18.73617655964747,87.61608837303203,65.45860874370078,34.75869242952378,23.974310915331678,124.67500829010802,98.93386851932209
2024-07-14,Ground Coffee,1404252.0,9.93990657125614,9.991060532340173,22.859329927021843,32.73627064932178,30.24908569659552,84.26701210072119,0.0,55.72134697979583,23.381580201398766,124.7997255563764,100.46411349766426
2024-07-21,Ground Coffee,1120967.0,10.226107812314531,9.303579967510673,19.383894024133898,30.62059396080665,20.43621147540732,84.63612470368216,0.0,109.24516691121835,25.59630492011361,124.40551121343707,99.29851043538383
2024-07-28,Ground Coffee,1069996.0,9.851597449402869,9.472616448503597,13.156165609510538,46.239381756404114,18.099928486069196,84.9666477890045,0.0,0.0,23.839277545530695,124.68799974713951,99.94817271372567
2024-08-04,Ground Coffee,1021958.0,10.218724687226217,10.31710835435182,14.377205768295747,27.455356661133216,14.781219590912158,87.2004166988796,86.08019776443633,83.58502361371796,23.967654370416433,125.21565114699624,99.6082360351417
2024-08-11,Ground Coffee,966767.0,10.190788869739752,10.007510150875351,17.31763428749681,29.664251482318814,16.38231116785738,84.55864119747748,0.0,46.80907866251106,23.57152762098473,124.87476364381907,98.94561890632022
2024-08-18,Ground Coffee,1272483.0,9.831204742644166,9.391785452667257,18.36127900022627,45.9175519629091,14.650062146071797,87.58617609896021,40.919391756267686,84.17747227807938,25.675350020457063,124.83957874444262,101.6831271954301
2024-08-25,Ground Coffee,1098786.0,10.16295149148014,10.17158934810045,16.990113172323337,29.461400972802306,18.224427081713902,87.40282864325576,140.90165190138384,37.555229082139775,19.90969349893652,125.00044855805918,98.69022198684559
2024-09-01,Ground Coffee,956803.0,10.254296350701214,10.071936202563636,14.327481802787956,26.04046635331167,18.25918870906418,86.99661946760972,0.0,84.18212081847491,22.553310496146974,125.03426040261648,99.87348349315181
2024-09-08,Ground Coffee,945293.0,10.138828704843743,9.489948391523567,18.289373896089984,22.49799412670787,15.808482301088906,86.31375940323107,38.22446904171259,70.0975063507133,20.3672106970004,125.0254490589321,100.84215198213798
2024-09-15,Ground Coffee,1286892.0,9.702749624462513,10.024965815180916,24.443250891919547,27.78218520328386,18.0472683349614,85.10919023775918,0.0,53.544324586025596,19.09168798779311,124.91313918370187,100.2439585843997
2024-09-22,Ground Coffee,1047990.0,10.042285764219928,10.262087889303485,17.796732093747057,33.08710563679807,15.440037959904299,85.50330512733285,0.0,67.57939318234885,17.262567065597633,124.77298888169217,98.82862656078296
2024-09-29,Ground Coffee,1139390.0,10.103212250585807,10.154670024217067,22.278070537268366,27.404211712803967,21.021679525325823,88.4873475778767,0.0,35.542232562350016,15.314073935004576,125.30107616851176,103.37732331010878
2024-10-06,Ground Coffee,1007987.0,10.015826969480102,9.78528461921539,17.290147724009184,44.41756089348325,14.57200584273507,85.92931351541844,0.0,44.388029768258484,15.739631958550593,125.22955331723338,100.44612384256686
2024-10-13,Ground Coffee,974750.0,10.116651498086506,9.915962216329445,16.026718776019678,32.46520149602468,14.957865144053816,85.97267987616758,107.19476354860694,53.2077607657105,15.707787397215624,125.4704069450651,101.03073685019224
2024-10-20,Ground Coffee,1088005.0,10.16541632543807,9.948253377005884,15.833808294675801,36.8643957037764,15.200328341882637,86.09211851748806,91.4679037348126,85.07985372997294,14.014065804550107,125.31683307162918,100.64979997468821
2024-10-27,Ground Coffee,973344.0,10.109123468463473,9.584622765704705,18.14498309837242,26.368099992181765,12.03473940751065,86.6293596519285,0.0,50.629542046177704,12.439840113976306,125.42998651944734,102.76080956905157
2024-11-03,Ground Coffee,989517.0,10.382500657203924,10.497724583243683,15.576391128331236,26.807912103257863,18.14204273621144,85.48746690067532,78.65592436421858,48.52674738029695,11.739968287874497,125.68816202549772,100.09672501379707
2024-11-10,Ground Coffee,1426936.0,9.79125269726026,10.061046245195637,20.708016977679122,36.34729776841111,16.278547838307258,87.09848140814397,45.19260470263878,78.69477180073058,8.769663364815298,125.73045176655518,100.23447370854856
2024-11-17,Ground Coffee,1511802.0,9.9220144416502,9.739205503335741,30.39067123125388,25.38551908678262,18.98064816186129,87.39589763141613,0.0,34.35933703811559,8.619773247868473,125.88552725727814,100.48320131340377
2024-11-24,Ground Coffee,1532746.0,10.016398821238106,9.83659415620486,16.39087886874353,42.2371824837569,22.46077540792695,86.62312999937005,72.79191960972972,65.14653575807485,6.833927774931429,125.80193896674399,102.17661673439387
2024-12-01,Ground Coffee,2176601.0,9.552000242874119,9.679144259358775,24.331329041400476,45.27234494281611,17.01380555715193,89.54617684476457,64.87140505648513,74.30339511797928,6.600280998823011,126.0960944146809,102.82565603030648
2024-12-08,Ground Coffee,2636093.0,9.192251233307907,9.292675679133104,28.43682710138209,49.05500854493746,28.69510782431442,87.39983770898318,0.0,63.052532556976985,5.100696737018158,125.92190968753545,101.70077413900633
2024-12-15,Ground Coffee,1699502.0,9.787978542674555,10.290481197359872,24.89572924560255,33.12638471528463,17.52485377887295,86.46465471943718,0.0,43.750040569215436,7.241398109312552,125.91277998578641,101.16600441969159
2024-12-22,Ground Coffee,1175198.0,10.238159578938074,10.109923197480787,15.719087407793117,26.59309322402294,11.635254702391311,87.29679238832814,0.0,41.85729304038854,6.24730412785824,126.09147367863399,101.39277536997956
2024-12-29,Ground Coffee,1609625.0,10.154305250042254,9.99390576633585,19.09697188021403,26.650266705985562,23.3247203520867,88.63799063656027,0.0,56.482059130372605,4.024942055887585,125.60663822172664,102.130926479679
2025-01-05,Ground Coffee,1405562.0,10.121892996148041,10.047160693843239,17.833849899684314,29.988694000196716,17.05283307949141,87.14086772480667,0.0,78.75115608492435,4.402358702893787,126.10586275463668,102.33179400676427
2025-01-12,Ground Coffee,1637780.0,10.062578341257652,10.203808622389646,16.72339914105453,40.0114988210037,19.33510164726193,87.81574258167622,74.82633978763289,90.95212218966472,4.386208385387767,126.44541812466446,102.88523903355544
2025-01-19,Ground Coffee,1235353.0,10.114622032855555,10.27830997517389,19.654483873985345,26.61064240168763,11.755821122496458,89.33360081622484,0.0,0.0,4.159630008220258,126.50283062134125,102.74217992622991
2025-01-26,Ground Coffee,1499970.0,10.073609421956544,10.653738017758958,16.163487792518385,31.889220586389982,18.31700225599115,88.08772735619377,113.11157077890753,69.16977239372258,3.2117928883357436,126.47663005774609,100.71507101083363
2025-02-02,Ground Coffee,1279364.0,10.149013344717563,9.949741419480175,17.150067221154174,29.391631456873426,14.26776156394659,87.02625283251895,0.0,49.72865486192215,3.860357217320669,126.38397214384166,101.37141410970028
2025-02-09,Ground Coffee,1303039.0,10.056293315226682,9.846863959270772,13.568487448473526,38.24231560499254,19.970431731275692,89.32910322343393,50.520931209553865,56.24258834364799,4.744759362036409,126.51188572789613,102.33145882666393
2025-02-16,Ground Coffee,1484974.0,9.899659215155603,10.09510436206794,16.65950575598613,33.009584652722694,26.446004190436277,88.47275331877162,0.0,33.30849695203713,5.8940240715905245,126.52634541225122,102.5579714781827
2025-02-23,Ground Coffee,1074538.0,10.175778362067344,9.764982059454033,19.514430736391766,26.534266628679713,13.664279633587052,87.2825050117353,0.0,36.94606908831899,7.077893166796361,126.5484174212117,101.85369131818761
2025-03-02,Ground Coffee,1313918.0,10.003951383053185,9.737160976472277,22.984071528492553,29.762457995021162,22.546302580892533,88.8399282424181,0.0,37.09794034532601,6.226254822694095,126.69289576378307,104.24911499754762
2025-03-09,Ground Coffee,780233.0,10.415014932927445,10.226267365259588,17.218227957973532,26.890133164865862,9.742243784828048,87.80744238913267,0.0,78.12138361559332,8.512295791643762,126.72538126278982,102.07534002417363
2025-03-16,Ground Coffee,1092615.0,10.243763629283832,10.439829605671525,18.0503511055959,29.41883643528526,20.335831298167616,86.72124212630588,0.0,42.2539872059946,9.813120002521627,126.75226651830249,103.06209172046772
2025-03-23,Ground Coffee,1164902.0,9.840015184016043,9.923025328570294,20.847012234269542,39.77921795235207,16.909822083715007,87.09582713499465,0.0,66.50190784437346,10.098568534443995,126.98656158019534,105.21542463590205
2025-03-30,Ground Coffee,1020807.0,10.362103563833095,10.347237109611456,15.042937955060001,27.848908916818772,21.76601061629057,88.73533745155156,62.34376506191641,62.82245362240481,11.659800194267836,126.7308739688357,102.05706958823797
2025-04-06,Ground Coffee,1368310.0,9.897413043978208,9.333674057445728,18.538826409206873,39.369288598657995,23.74083944493265,88.54380613953563,0.0,90.3997402763469,13.52064625678952,127.06797429509147,103.24238888318655
2025-04-13,Ground Coffee,1354428.0,10.003076968027294,10.051447123928401,17.532807749783906,34.33021938921846,24.976288722985714,89.1124676371414,135.3542263287836,73.1189269388322,13.486446580743447,127.32788782432397,103.49506810016656
2025-04-20,Ground Coffee,1205015.0,9.993175472081413,10.162460014939363,16.75534497043293,43.25111440225683,12.592111244391878,90.8214143551506,0.0,71.49840867640928,16.125826771211276,127.0657659449437,103.48428033585492
2025-04-27,Ground Coffee,1053964.0,10.220659971423263,10.231667947002599,19.731674648263095,27.967716363317944,10.914996154368335,89.84330778294458,118.66278481852689,86.42819387774428,17.207656223822934,127.33577839116457,102.01037345740909
2025-05-04,Ground Coffee,1145140.0,10.123983964679043,9.832443051650213,16.22659176898244,31.125538745393108,13.33241339795177,88.90869060198091,0.0,50.87743019587368,18.128403507721234,127.18615912023805,101.98349570933853
2025-05-11,Ground Coffee,1131646.0,10.188244266327363,9.806235165054211,20.075511340165022,26.227878092124545,13.759240186482321,89.38330476265405,0.0,62.68952193269315,17.096420256744324,127.15296325050643,103.05010527612684
2025-05-18,Ground Coffee,1062091.0,10.210440964677966,9.870315655121777,17.49158575990343,29.058134801853836,15.233131115635935,88.68286684711697,0.0,101.49761264029858,19.33628030477069,127.73527538853854,103.92143009857996
2025-05-25,Ground Coffee,1221324.0,10.111380675344218,10.059769971595445,18.884003732969052,34.81468871036412,16.57926223913125,88.60017422835435,70.71027589390901,62.72416214232558,19.23257939489835,127.40259087728394,104.14978360857857
2025-06-01,Ground Coffee,1139177.0,10.085699523824543,10.575789602537062,20.107377743082996,30.47164879791216,11.775518556988231,87.44934911784999,0.0,84.23982070570531,21.08513994254824,127.33131399285244,103.54724366444997
2025-06-08,Ground Coffee,1065758.0,10.411658972405197,10.090232691703052,15.985155586716434,28.244881023034672,29.06436388955753,89.11664739081611,47.681397313105435,48.358558195720256,23.37175170344084,127.76296998710579,102.07130893328834
2025-06-15,Ground Coffee,1452511.0,9.867241841322652,9.595968668462142,23.20642065441493,34.88094179517147,21.951754566104558,88.67999403541585,71.10105332516814,0.0,22.293762242623462,127.5479267914309,104.69704709080825
2025-06-22,Ground Coffee,1299829.0,10.117647094682878,10.278855724039538,22.907435605087997,26.455585824767084,16.41168495134796,90.83411572442735,50.63957671038548,68.10228954878775,23.28041017702861,127.65473626943367,103.1634093168841
2025-06-29,Ground Coffee,1465241.0,10.002895379763313,10.136635121086545,21.233493854049495,36.165797014434986,18.75373226984406,90.151616848963,81.94395978006688,92.90632616175911,25.127191743781804,128.18587449476658,103.98262786102349
2025-07-06,Ground Coffee,1622098.0,9.850948044328561,10.588230844609997,22.200458453041584,39.432080771920106,17.80997647867759,90.24296017055637,74.71168995247035,75.59022640096762,23.70607205090636,127.65875273552358,103.40645855545263
2025-07-13,Ground Coffee,2031671.0,9.354554747848368,9.816247826983153,24.406008879772713,52.96736148181554,17.938126001361276,90.4942883789278,0.0,43.6656391359756,25.546596761969518,127.5690369806822,103.16517715547404
2025-07-20,Ground Coffee,1662168.0,9.553015462151288,9.984262457136886,21.8458405680519,51.72093072606693,13.823913459949246,89.54250592651087,0.0,43.420379279532156,26.31867061720426,127.91711338870878,102.54289703495466
2025-07-27,Ground Coffee,1157647.0,10.152453472368334,10.316757810265319,23.478265633190826,24.558742599028015,14.23254760922784,88.0355615455211,0.0,51.51419101740509,23.094338546219358,127.79461830724762,102.57820476663044
2025-08-03,Ground Coffee,1096591.0,9.980375556718826,10.011881875158805,18.815207511547463,45.75499764202819,9.428557722729707,89.52490655679058,0.0,47.7297065988675,23.49161006290846,128.21373431844802,102.99146516631228
2025-08-10,Ground Coffee,1205927.0,10.030901738520583,9.84684433435632,24.27461189950414,26.27467986118554,20.11046519946853,89.90669785419553,0.0,42.01110543310167,22.717333836999295,128.09162925433975,102.59880248730744
2025-08-17,Ground Coffee,787857.0,10.260583223944202,10.773572417916828,14.880716656594437,24.843390615829342,10.047427283441023,90.05893854941364,0.0,64.70558549060777,20.187498978846623,128.20506299505965,105.04483091280854
2025-08-24,Ground Coffee,850327.0,10.466411854790506,9.757823872647338,17.395958291360273,24.25232751913718,20.34782911102258,89.21143044629018,0.0,63.14954508058152,22.54065706714638,128.3999885759552,103.08885887488724
2025-08-31,Ground Coffee,1224578.0,10.326728028597026,10.505873333375279,19.120635069924134,29.100369910512075,16.265356908389027,88.6601159863792,123.51713746234282,61.69619993276215,18.447261319647804,127.9486692311569,103.01129050403541
2025-09-07,Ground Coffee,1070868.0,10.438932830119652,10.115734967961554,18.72459197809011,24.866946658345345,14.78083503955401,90.79643615013909,53.463672913585626,76.19256895995031,19.579603302836823,128.392887389188,103.89953609800703
2025-09-14,Ground Coffee,1097402.0,10.126550576743577,10.172628347401645,19.0351909516979,24.18018552284544,12.14690033613046,90.12218672811466,0.0,53.40969313885947,18.40352448158232,128.19194382409458,102.59878390862443
2025-09-21,Ground Coffee,968445.0,10.220322256549268,9.689528052101025,13.521670228327581,35.74664512300301,11.69562650675916,88.88666066246775,0.0,62.93422439744195,18.652291462184074,128.4653749622177,104.2825862668427
2025-09-28,Ground Coffee,1101214.0,10.343457349666908,10.299578935333203,16.22036349326508,27.036818118080202,20.806076412061483,89.63663470219542,0.0,68.0938772292733,17.097827052699255,128.64461654557144,103.71031449013316
2025-10-05,Ground Coffee,1566608.0,9.589611420375263,9.749853291995281,25.981392693876103,42.43190784874045,11.322494001793967,88.62925240827434,0.0,53.77046037250331,17.520275275559566,128.56054893206775,104.25608725657834
2025-10-12,Ground Coffee,1210311.0,10.124143616596362,10.240572965128615,20.439626047024557,32.982035541515486,12.914352445959173,90.52345434255419,0.0,74.02930266261451,14.332320323351427,128.88047022226516,103.77890636626879
2025-10-19,Ground Coffee,1056130.0,10.377922796950314,9.89328169643899,20.30059288965176,26.22655503958906,7.735633972215525,90.11339797863735,49.07532905606122,58.55299865242609,12.384738830462885,128.6159220683538,105.16789313744664
2025-10-26,Ground Coffee,1428803.0,9.976894787084245,9.809240076264789,19.172962080520968,42.28804856535852,13.139695680186971,91.12267547209773,0.0,57.66692672590695,10.570947760693366,128.68161380365908,103.77735089618399
2025-11-02,Ground Coffee,1123622.0,10.398960194052984,10.086284232460839,16.940553884040952,26.360995879720704,18.509808562202522,88.63737717002685,61.34364914328074,65.81855705263668,9.215736612912123,129.0347163593748,105.14929960199339
2025-11-09,Ground Coffee,2026994.0,9.859280735345825,9.78358744078144,20.690575619936034,45.97650637968022,26.01209591753059,92.02567528736225,0.0,73.67003204843319,7.801417212164743,129.01049955927408,105.76402730904576
2025-11-16,Ground Coffee,1567507.0,10.313505091197696,10.014173690346531,18.59606323520679,30.121431739376032,27.548962337995718,88.39035345703911,81.26897544681316,63.91494410849953,9.221131398271844,129.1232772969349,105.4408671059182
2025-11-23,Ground Coffee,2207904.0,9.814179616510186,9.693278437049802,18.99643549577719,52.67214182235257,29.25367912317279,89.28380458575133,0.0,56.67704914687844,8.925136355433931,129.02023624584155,103.69524636164745
2025-11-30,Ground Coffee,2781157.0,9.518676714534495,9.843638358496316,22.698268410867854,56.534720410317696,21.630401228083645,90.13138240385973,77.74938205241368,67.46613814117025,6.063477492641609,129.16604014130084,105.9499095163308
2025-12-07,Ground Coffee,1856408.0,9.84552318490476,9.64638831473609,20.874923809046837,42.860775704015964,14.635354454403272,89.90644748543546,0.0,140.97707581973674,5.426440431182378,129.54184967299773,104.1216360810559
2025-12-14,Ground Coffee,1252168.0,10.317241431381255,9.604830539543206,17.10374358471933,25.79874107633387,16.11006733373382,90.6734756687666,0.0,0.0,7.410968258470049,129.12839907546055,105.08479803932663
2025-12-21,Ground Coffee,1864200.0,10.239735686408396,10.430783771312893,19.098509900079787,34.988552998858104,16.209589381752487,90.55465175240907,110.74321735773185,35.766143346016584,4.1362040425894095,129.3285295133403,103.95173673668077
2025-12-28,Ground Coffee,1437864.0,10.379987371749346,9.473719374620476,16.54053142971935,31.81425254930064,12.48408386613607,88.64649301370609,94.58058680758886,100.70319005642672,3.0,129.64181512844527,104.93614353375615
2026-01-04,Ground Coffee,1333548.0,10.450562398156132,10.33525886845098,16.63317240403327,23.044427246266505,12.712151323527658,90.26494094125611,0.0,74.50322375060193,4.135582172692854,129.06948513225325,104.54014442201964
2026-01-11,Ground Coffee,1459876.0,10.372204826931448,10.352559259408705,20.000126540674895,26.697993548071157,14.936726144288192,91.71738174362389,61.539991107453716,71.2324326790026,5.657470660447823,129.43227749828142,104.3532980875067
2026-01-18,Ground Coffee,1183372.0,10.625163189210763,10.083895822407385,16.79490571460988,18.562360658347938,19.006269445807458,91.91719239978522,0.0,75.02046649195837,4.796691793720872,129.28776916685197,102.81473525295797
2026-01-25,Ground Coffee,1572212.0,10.16523260587952,10.921515110283485,15.68057969080329,35.14121349384494,20.184557486664247,90.18140256786984,65.56462175640338,69.41128279629856,4.525171838462346,130.04497801852474,102.67187621730882
2026-02-01,Ground Coffee,1422572.0,10.25622622658501,9.923185364362446,22.468644544947956,25.80676170116737,15.738094389374714,89.00574640980216,0.0,75.14837178426323,4.218349437716808,129.7388247352248,105.68251692999462
2026-02-08,Ground Coffee,1303248.0,10.305479757625282,10.228486053769636,14.161236307998747,39.89754834642148,15.897387623399627,89.76833756550052,33.70078970393104,49.695667492209836,3.6597416231024553,129.8413862734617,106.25204736527742
2026-02-15,Ground Coffee,1487006.0,10.166075275473307,10.655683777857082,19.09350184634138,36.23566561378636,11.569179739327474,90.63580682255721,104.39407016017495,144.32487727752326,6.6560029151275035,129.74446692612676,105.14220079397357
2026-02-22,Ground Coffee,1239155.0,10.550776188441073,9.564584567468351,19.530823851386867,25.861802773789694,15.9429964446983,90.43550631792925,41.91497518543785,111.06403461678792,7.706110030560757,129.96396978640976,104.81988395744357
2026-03-01,Ground Coffee,1248595.0,10.447239597336992,10.558528332793747,14.73730407390077,29.145185975032334,20.66271838962769,91.36646540180459,0.0,0.0,8.965928332853338,130.1363500876484,104.38453451410135
2026-03-08,Ground Coffee,1679371.0,10.002615783166801,10.163066147062102,23.24543942412112,36.60110816296876,15.33727478912952,90.72769345384663,34.07441392542627,86.02421676530854,7.8558933186828765,130.0801507057338,102.92519654786699
2026-03-15,Ground Coffee,1395242.0,10.398289591021705,10.731838533706698,17.954192224825153,32.70139095014437,21.500329561674455,89.49291340905037,0.0,69.90739618029583,9.210662473400884,130.0757843947205,104.4964066657824
2026-03-22,Ground Coffee,1434762.0,10.094364505822139,9.50916148643635,21.491441609453826,41.55010366842585,16.168199949085036,89.19206429809373,60.551509544788594,0.0,9.068300699053546,130.06768049740947,103.14991967695468
2026-03-29,Ground Coffee,1369449.0,10.42775521234649,10.150630735449258,18.312547786244238,31.14439991633671,26.127364200304132,90.04225509328073,74.88440698205815,53.95994065070956,10.97611963774951,130.2538192663462,104.23100909146498
2026-04-05,Ground Coffee,1226629.0,10.174380553779178,10.285921903922949,16.979431485745526,37.97731092236536,10.64670706828694,89.60295601590941,86.53742145460461,37.75955021542867,13.566166510467163,130.49329411040628,107.04826847111262
2026-04-12,Ground Coffee,1349254.0,10.434011941164414,10.106500929905836,18.328614068201265,34.39239600946097,24.011738509543687,90.48767201414574,0.0,85.05793604356506,11.49493653539616,130.71941209128812,106.91527090532915
2026-04-19,Ground Coffee,1074699.0,10.451726065143257,9.649134330653053,17.395907728803262,31.388875115888247,19.65255268634593,89.34164051593467,64.87049166874506,37.185590069430596,15.40528640990351,130.30320540158434,105.84734659595186
2026-04-26,Ground Coffee,1343115.0,10.213045829457503,10.267318244641363,19.513900591411474,38.6661191728381,16.15362015643983,90.91578835619909,0.0,116.20379367615192,15.196565430645048,130.53783881912747,103.8481941534157
2026-05-03,Ground Coffee,1213317.0,9.94015289866667,10.402712194701092,20.381150505051096,29.802585228836396,13.685972812460506,91.11643758749206,0.0,45.59659914020738,17.877179998194446,130.6236530142695,105.38131191676167
2026-05-10,Ground Coffee,882674.0,10.443177946936247,9.9673414825919,18.02583642437672,24.849348103016627,12.805703080326081,90.11576516730074,0.0,52.55602833440737,17.976605457588516,130.74928251042965,104.46938611824605
2026-05-17,Ground Coffee,1208796.0,10.20133742460075,10.101680143101257,23.6911937437382,29.47041441787645,10.649848192858366,90.6789177973244,108.25990216835972,86.93136640012695,21.700684363871215,130.62675895263214,103.5156690853103
2026-05-24,Ground Coffee,1261181.0,10.084939363244715,9.953812803669662,21.226626188830917,33.83874073278159,16.34734914396786,91.62971142020483,0.0,62.02279280121435,21.930629055984415,130.74882760898,104.50102957877631
2026-05-31,Ground Coffee,1131011.0,10.378031353663687,10.210264496752409,18.940905196585074,29.62944514834434,21.6773062312901,90.05039351121926,0.0,61.49642005438454,20.317711279733025,130.96437813940898,105.30986459185097
2026-06-07,Ground Coffee,1171341.0,10.277239922392852,10.270799124923418,16.488274214843187,38.04591473235593,17.786178966991987,91.27921687812494,0.0,94.20970546229759,20.183384415885293,131.04745007402028,103.80108177051311
2026-06-14,Ground Coffee,1412144.0,10.22512142904986,10.548400090342287,23.594963723998912,34.144658828577214,26.45365640612619,88.23570951357381,0.0,40.42054172000171,22.68022999184379,131.15848975800327,105.36649898832687
2026-06-21,Ground Coffee,1871133.0,9.810889248948646,10.177289244100407,30.05374312171592,37.25809652748869,17.190662607095025,90.8468105393739,48.80971305931006,57.37042721478862,20.217291500677263,130.88872655496021,105.035803684003
2026-06-28,Ground Coffee,1133854.0,10.416299380460666,10.473310629720658,22.11479103695556,27.389480638577695,16.841478512161874,90.83852067360253,0.0,49.10264348341157,22.59336092530272,131.2694365788784,104.40451372917165
2026-07-05,Ground Coffee,1461792.0,9.94562911002883,9.8293231261705,23.166995738119628,49.32940940204128,19.67162431811908,89.41613631001582,0.0,59.803321915969455,23.043910629204863,131.27213608405532,106.71626447361471
2026-07-12,Ground Coffee,1261361.0,10.205422112753944,10.296860548953372,18.306872045797242,44.28916650127271,19.224870484480803,92.56173319194254,0.0,52.39441666495561,24.614874187220156,131.42553660504595,107.1745949273087
2026-07-19,Ground Coffee,996014.0,10.290191613611933,10.244915559331599,15.539034033214367,28.49560688051013,25.327929724444893,90.24842094595625,0.0,42.91162316064014,25.774681222123956,131.0237904608618,104.34558933098138
2026-07-26,Ground Coffee,1400523.0,10.150619387711544,10.023847051808715,22.319685719117338,40.25537956641966,14.26293724549561,92.3091981218023,75.66774035740762,54.26269216143339,23.67802802526316,131.4524978372508,106.82838109908869
2026-08-02,Ground Coffee,1202380.0,10.558380767709561,10.135022654685347,18.56083046841435,31.48171935402903,30.111082741825026,89.91814900046737,0.0,53.46194897189754,23.224149144462537,131.52219863246862,106.20513567306249
2026-08-09,Ground Coffee,979089.0,10.364528939737381,10.075665309939172,18.704783807542576,29.128994554430225,17.93196080384139,90.21564970341102,56.06972559559573,0.0,20.347721719889694,131.6412614582969,105.17636577937668
2022-01-02,Ice Cream,780406.0,4.1106725541916145,4.307085862837891,23.100188124444625,62.97297919658324,24.284433610517375,68.9358219289229,90.55744287280623,74.4886489198958,4.503746616830196,100.24130369140437,93.86789218858914
2022-01-09,Ice Cream,485250.0,4.6050612186024,4.528248134120487,16.045043761212618,39.78299842965386,32.00676311809856,67.52704904166599,0.0,63.06692753579499,4.688961220884122,100.41384391981707,93.32940949006152
2022-01-16,Ice Cream,481054.0,4.213360992386491,4.294660859529212,26.85523372853547,43.74507695157631,15.624874143061408,70.10210361305884,0.0,0.0,4.091192657940171,100.68656868925525,93.99400340515226
2022-01-23,Ice Cream,398197.0,4.513764951656804,4.349838827246745,17.81755437206445,37.711586773526186,17.35219730400109,69.0297215447292,74.88705046402421,60.30487300190292,3.9081664124442854,100.96992613367756,94.43986032625273
2022-01-30,Ice Cream,561751.0,4.301963932499241,4.5313635762978635,20.250705850560955,52.60450039369047,15.667682931575213,69.04083100009534,163.82866315275731,29.39937526151119,4.192287348203582,101.18972843927817,94.61226968140987
2022-02-06,Ice Cream,398248.0,4.466305162064414,4.791069937958961,19.366395495055034,36.12557473540236,14.982594612783315,68.30503396591263,135.439483003044,68.51462936902232,3.084073671717324,101.25609506974257,94.92428927625517
2022-02-13,Ice Cream,492438.0,4.532273459353499,4.6704376096654405,24.387956523683755,31.1879360238453,18.70959498731168,67.94319805234929,0.0,35.470136078129975,4.50813648684579,101.61636463067178,97.5828927780204
2022-02-20,Ice Cream,480414.0,4.337461299050905,4.411371702861182,25.687202231820415,42.74357341245579,18.948847719430958,68.54556974567878,60.22256825302697,32.47441587279375,3.095258147793161,101.881551109575,95.07308645357624
2022-02-27,Ice Cream,542536.0,4.551395784282486,4.283893694245929,24.220957436284262,26.141522609957757,18.337233681098844,69.6415987714991,0.0,32.14624468303182,6.976947320130494,101.99780618581404,94.13994843053426
2022-03-06,Ice Cream,638346.0,4.644827127523388,4.651992993706954,20.522092599555844,27.9768969747764,19.981005759040507,69.15291654262487,66.13781156913531,0.0,8.716786890029756,102.37000828162257,94.09407174985618
2022-03-13,Ice Cream,971859.0,4.188810963457984,4.547001945957805,28.056854550250442,46.29541540328084,12.862049412929343,68.9240772641502,65.6864299400231,63.591245804278564,9.890205764530567,102.2954915545924,94.62966196031485
2022-03-20,Ice Cream,596164.0,4.5981224508899965,4.326236364694857,18.069602681392187,35.109060345086945,16.539207190264797,69.32318969941885,0.0,0.0,10.772720748051718,102.54855649969204,95.08437474256432
2022-03-27,Ice Cream,875265.0,4.3900153305577065,4.335379000231507,19.03153784254168,62.3416939177513,23.275691922684217,67.9870491822046,0.0,67.5372642134791,11.087714923416401,103.0779281211557,95.36020850805535
2022-04-03,Ice Cream,920750.0,4.475551214635066,4.321871025543944,31.35428162068202,28.52642814946859,21.27399239441949,68.0578058098786,70.9437506597712,50.188839237127254,12.303731181625533,103.35765537644284,96.20628008919194
2022-04-10,Ice Cream,950958.0,4.433833877830729,4.652235752942093,24.545389401634335,41.72566434165353,21.96379970476525,69.32565788145862,0.0,23.525420903324886,12.32966508855237,103.18912910335969,93.59958282127195
2022-04-17,Ice Cream,927154.0,4.320561369761836,4.458825571474432,21.335284296563042,54.14544144353223,17.880881270087166,69.33608750575041,0.0,35.21233409813785,14.087168420791523,103.54273374488109,94.56492874797176
2022-04-24,Ice Cream,1292312.0,4.397067445152918,4.607258940381927,20.60819046563098,48.478521788162986,25.747936801032395,69.03619133050204,146.55371855149588,42.59806397348882,16.61404437836227,103.87572772196582,95.29707768307799
2022-05-01,Ice Cream,963546.0,4.636873265206807,4.650481226233204,18.59393146605772,33.39949635695045,23.87602570853338,70.01052671997014,0.0,39.41497916983365,17.305647370413826,104.08384763379497,95.92769716740321
2022-05-08,Ice Cream,1173251.0,4.6092099897067,4.567857635462043,26.616458839505132,30.885456639159617,24.605911883328503,69.5087424963654,62.08634471200251,47.598785775573674,18.840190402611483,104.39037122232486,94.05893169601114
2022-05-15,Ice Cream,1214354.0,4.497440051101939,4.664929476428636,25.735271746383592,32.24960561629503,21.761758050310092,69.59048426044875,0.0,41.542824594363566,18.579150844918335,104.45697742490047,96.58087712903827
2022-05-22,Ice Cream,1318276.0,4.447307098739431,4.694122034075583,27.79208009276625,35.65800157468119,34.324238374116604,67.73261813343403,0.0,32.47193375395366,18.949064353963976,104.65956174090933,94.94601380878542
2022-05-29,Ice Cream,1412897.0,4.460548001737617,4.5975899055893334,23.771471785117207,47.24630241984103,33.183502214065,68.94304405439726,0.0,65.05924368418253,22.765296980456586,104.8818608826675,94.19324569923955
2022-06-05,Ice Cream,1307500.0,4.4044806615567715,4.265964858100367,29.62644676268944,41.625069768923794,15.902966980920453,69.78686635111232,95.08181781177484,28.0562886628402,20.861549441592473,105.19450611229308,93.8174640542837
2022-06-12,Ice Cream,1815862.0,4.160026446401444,4.434868775434794,26.2654598092104,59.69547129318996,23.280454091502055,68.6611824837613,0.0,45.43860432872197,20.33421333546263,105.3391422290194,94.45087930188795
2022-06-19,Ice Cream,1300020.0,4.642096535939998,4.352503628505134,20.14875112727884,36.77125465951749,23.870692172497524,69.49742017240816,90.5130355138159,39.08682882263134,22.361671532928497,105.75465330116995,95.99380412303331
2022-06-26,Ice Cream,1600785.0,4.5438429711179085,4.726249425082378,23.341333824311313,41.99677793725572,26.303559568776784,69.09650792598963,0.0,51.83361314959809,22.97024279317105,105.98302769977946,95.23216367515366
2022-07-03,Ice Cream,2300090.0,4.1803694022401645,4.358604024104518,25.950273222975333,70.51388813964306,19.416789330479183,71.03066787875079,0.0,46.951247435384346,24.08926420251015,106.24644207521193,93.94051622296219
2022-07-10,Ice Cream,1892423.0,4.426458969827365,4.0254352052873505,26.930844003507268,46.658021351146374,24.996799496337246,69.17925236288336,0.0,61.988930400698216,25.551876301945953,106.37112766737428,94.96157463326284
2022-07-17,Ice Cream,2124881.0,4.550282588060603,4.545336343530622,24.010092144287853,44.276226327837385,27.431834550902312,69.15467005476313,281.01328373808104,46.70429392056829,25.667895148434116,106.51212776374453,94.3935761509401
2022-07-24,Ice Cream,1995769.0,4.581873569056124,4.781936677551202,21.983098072085404,45.23000234786243,29.686009381337733,70.56784365137933,131.7627072486642,79.97807954397277,24.642288109580143,106.85378908048436,94.74884267212225
2022-07-31,Ice Cream,1480007.0,4.61683903511827,4.5343345163242486,30.556326698961072,31.964873940967365,18.70625799179132,68.90298471516209,0.0,29.13837203007594,26.19411495685751,106.99087992282432,93.33298619161498
2022-08-07,Ice Cream,994979.0,4.787876833576179,4.675437671316991,17.919684900839908,29.481072860135722,15.337041390037992,70.58868406149581,83.4404825854612,59.1464896877238,23.934544837109147,107.2046632026113,94.59240143866693
2022-08-14,Ice Cream,1145972.0,4.619571059343097,4.859463447124559,20.31355588164643,40.57069993070279,21.143502578401517,69.46111294050034,0.0,20.767651168826887,22.72143123918376,107.59488340151239,92.94266648128492
2022-08-21,Ice Cream,984949.0,4.629408066986014,4.6957625918794585,26.406151436631824,38.70577367635346,14.877737105511876,70.87162401555211,0.0,58.26591533315456,21.74927745135542,107.82644976705282,92.37289479935043
2022-08-28,Ice Cream,553584.0,4.882630641602884,4.670181542250815,16.444848754035775,24.896902195284152,13.736859019887754,67.7931513437905,0.0,22.713633255994548,22.20351172284562,107.96788414192388,92.13592291048819
2022-09-04,Ice Cream,1292463.0,4.479364162345609,4.674477023816874,29.258310727426622,40.39802467353957,21.491320715050094,68.46652693102408,86.46637697927639,31.035502270038254,20.679886632168582,108.27788560226116,93.34876158214828
2022-09-11,Ice Cream,1038158.0,4.618673363758527,4.570635984666004,25.36514182302404,35.16101625907316,17.673824341479843,70.04873717662562,45.90184460841824,40.14035570200353,21.493731830660707,108.4109597710167,93.43177922394376
2022-09-18,Ice Cream,1430221.0,4.503591046657244,4.4371653596214164,23.990094862469114,53.74975686081281,33.99299175916135,70.39047106750094,94.72556760998445,0.0,18.821669814346027,108.80087281936417,91.47469449011797
2022-09-25,Ice Cream,805678.0,4.779061422809071,5.033892611428633,16.161207416532438,38.0903622646307,21.747432254425856,68.74735065231133,0.0,18.42050103152064,16.55221965229912,108.72315447864455,91.1830085550858
2022-10-02,Ice Cream,854661.0,4.80043142038913,4.662236995756195,22.20799515342599,28.973220766612688,25.61422673742742,68.88490918519805,153.2012857175883,40.47808119951826,14.246669884907007,109.08799293999625,92.55280968499927
2022-10-09,Ice Cream,1018112.0,4.811482192477551,4.676890278380439,24.313775028308076,32.030636380427964,23.54537985026306,70.67289109152519,0.0,87.74365413413017,17.451576246105425,109.46667918029519,92.00970017665637
2022-10-16,Ice Cream,1167571.0,4.573427951561402,4.550914785484302,21.451429023628915,52.65927410124522,23.65346513485744,70.35048479701393,208.2500763789461,41.740337444651956,15.820092648277857,109.63766839326033,89.97154323699009
2022-10-23,Ice Cream,660504.0,4.8222087293642595,4.86420794587778,22.157425165344844,33.59577610599408,18.070734026163507,69.81198997175248,0.0,55.95600586243144,10.910230910654652,109.95545001413635,91.37133166179116
2022-10-30,Ice Cream,539741.0,4.733810116917604,4.512854750500675,20.627424331697256,41.932751250396755,12.060670300117732,68.70883797864603,0.0,65.96724455567444,10.65724256328603,110.06664134566341,91.2722133924328
2022-11-06,Ice Cream,980525.0,4.339380193989207,4.5234558413919626,33.54785104306844,47.57291206107708,26.196673392453782,70.23111464953038,0.0,49.030360996507945,10.329544704152655,110.65347626366956,91.18535927597412
2022-11-13,Ice Cream,751211.0,4.759632316476712,4.767195146972519,23.938534450526202,37.12269622886803,34.992357733826594,71.44425886817903,47.82418982868183,34.47161466321635,9.105107810974728,110.73909500593734,90.16610219773645
2022-11-20,Ice Cream,655268.0,4.6877048105653785,4.546785813897051,24.088460700370593,43.82768213357959,18.360780604114158,69.5183695851973,88.39459817017327,42.01189858836309,8.25641641124401,110.89399569958235,89.29038780505613
2022-11-27,Ice Cream,971637.0,4.451614807601028,4.4127839647982405,21.987092181918996,66.49664249942583,26.83239169611389,70.47261765207388,41.15325590758994,64.5411217739537,9.319231467984206,111.25639981778643,89.20886367399322
2022-12-04,Ice Cream,639811.0,4.568561852083,4.728166546514893,30.1988036230044,42.76998890626471,26.81627316924526,69.1725546889209,0.0,96.0393217592873,5.418266837933507,111.37415083348796,88.46415234623926
2022-12-11,Ice Cream,1119094.0,3.8515717948535886,4.120126264278313,35.798205116301716,71.41052781387415,33.093653065638954,70.08751712214183,0.0,111.07579147597718,6.853451719888746,111.55149281303163,88.42638037550667
2022-12-18,Ice Cream,401199.0,4.9301828616152115,4.960863046831203,19.149683374036144,35.957605561570695,21.741707264471465,70.45820764302194,124.59853127741123,26.535426042712125,4.763257274824404,111.85688459030887,89.13570252805036
2022-12-25,Ice Cream,814396.0,4.348715172582843,4.721555856203172,24.565659659494813,74.0154024028542,29.205078666088614,69.75029219561138,49.24129665921511,28.42659241193241,5.0000363153127365,112.15946302742384,90.23986490595092
2023-01-01,Ice Cream,424780.0,4.577897285090647,4.5201867700171805,25.665840630674687,46.2203101766237,16.797304822624852,71.9719186211965,60.20968648015055,36.002672765240845,3.0681740697740087,112.2435686323915,88.13866236918132
2023-01-08,Ice Cream,281820.0,4.902266317839615,4.7542767491894935,24.016164032445552,33.41288464770414,13.515176976903307,69.69684382386066,0.0,49.153642397792595,3.0,112.36210519942091,87.01565766501353
2023-01-15,Ice Cream,575915.0,4.589744654438565,4.729973421269095,29.44986436216826,47.88936421716063,22.440920105711626,70.70998640024139,96.64268484342752,39.894257628703315,3.638004732174514,113.0054582469118,89.23345450531697
2023-01-22,Ice Cream,312636.0,4.788957233290214,4.986235449980955,21.373124540817237,41.64854567533365,13.970864018024129,70.51148547839176,0.0,29.137818602051105,3.0,112.9808198922694,87.84003612372364
2023-01-29,Ice Cream,294853.0,4.936686240632913,4.977399085514933,18.59363859516153,36.31774960535877,20.557220946810723,70.8233045294115,0.0,34.86322104011432,3.627465304941028,113.45777785169673,86.56175277563713
2023-02-05,Ice Cream,340050.0,4.9766449741279155,5.115252865199663,21.889766007640237,28.459076429296413,15.647717296095038,71.15583819693921,0.0,75.58869872000398,5.113548300981992,113.7216265596168,87.88599347706017
2023-02-12,Ice Cream,726295.0,4.733430526592547,4.732423134510459,29.202188346197712,35.03886891606458,33.46395169689415,71.10211715053055,114.58959541207867,50.47355890914238,6.187647791974121,113.68901509431643,85.84859469082595
2023-02-19,Ice Cream,639279.0,4.5707823445334235,4.932935448158137,26.398367817298922,53.88704086462686,12.585822121669992,71.22379300801582,97.6037246880209,47.84287479340584,6.249101315277736,114.12094214972387,85.25838528327597
2023-02-26,Ice Cream,720030.0,4.657030654950117,4.725951502337889,23.220761279646187,48.914705690598765,36.19037539333438,69.67660049446248,0.0,39.44930888351936,6.2078706095481495,114.27517986834373,83.75881920192252
2023-03-05,Ice Cream,525802.0,4.870494406147196,4.803794276038434,22.252875749000342,35.159000365215945,16.64495950657997,71.83210244380915,70.74235273983102,39.00593466046831,7.485411310535873,114.63840880652226,85.06945575380487
2023-03-12,Ice Cream,629994.0,5.019548961353319,5.165130317264216,17.94142421708462,34.58451731130716,20.89945775111477,72.22923905324824,75.28726614607763,92.92948233968976,10.422843199069561,115.08533793348006,83.51403454001704
2023-03-19,Ice Cream,612820.0,4.81005099682808,5.112754677356213,16.46686117043338,56.39378650691439,26.160308149468616,70.91972394222934,0.0,81.2918619206379,7.080338618516496,115.15958776037938,83.45844418853018
2023-03-26,Ice Cream,657098.0,4.947373414543801,4.797773227870908,21.13005285042156,37.51044701839833,29.30974981553169,72.78778044774846,0.0,50.10935908848021,9.46800785729281,115.39505982727903,84.08036848340014
2023-04-02,Ice Cream,936386.0,4.715296765902303,4.973985352141253,24.227393683694412,48.408560680047586,20.652989904835618,71.78601296014378,231.43537093300233,26.078406410055578,11.181657985361035,115.8306517129208,83.37742771790062
2023-04-09,Ice Cream,1272900.0,4.403919886978511,4.380647337400083,26.891616756204513,67.02784616856152,23.92047302928793,71.4116192802994,64.58591852546836,47.608125816671105,11.69708054698663,115.7876614874001,83.44242890630522
2023-04-16,Ice Cream,1201047.0,4.702086177927767,4.919766520157809,23.241367325114286,63.584576398098775,20.692220103549758,71.18850655479815,227.800026617377,53.68377988665119,14.19621943071346,116.03923779140571,82.75881673209972
2023-04-23,Ice Cream,742996.0,4.993189445335256,4.968281311854257,19.304282020735528,40.73190757182842,17.70525026650071,72.98434071494684,0.0,48.91400486997338,13.729501124331874,116.49809801474908,81.9332986275708
2023-04-30,Ice Cream,912916.0,4.9825891126617785,4.913033349681462,27.657732575581203,35.61559939457725,23.049416386390476,72.56868193833377,54.64167397256387,31.884980799639774,15.43603621393239,116.56842322986692,80.95241467620797
2023-05-07,Ice Cream,750397.0,5.069943581790323,4.88207117672256,19.293832910099393,38.96682946046477,16.57014910973737,72.0887381203067,0.0,59.44114177649254,18.29502795119269,116.89597694975474,82.57072462755885
2023-05-14,Ice Cream,743124.0,4.949369171998762,5.092931959556877,17.991286750050772,44.15785125935089,13.356997499899615,73.21644578964252,0.0,23.675048829229883,18.587343202562987,117.17055007182273,80.82359934524038
2023-05-21,Ice Cream,734476.0,5.070749442147974,5.091485911475251,22.605767321941578,35.340509203844746,14.66414458545088,71.91497983195295,0.0,37.846914814399945,20.26110205543384,117.44136123410591,80.44392893238036
2023-05-28,Ice Cream,651918.0,5.013896345553352,4.867308766681841,18.043894998141127,47.10323778772729,11.906962602859817,72.23714235529164,0.0,45.94220823170253,20.189420769205597,117.55511288579301,80.97281552479922
2023-06-04,Ice Cream,1063721.0,5.022691341200004,4.957263226435783,21.975798311789504,35.61525448885867,17.181316083561722,72.54090392456598,42.69131044704668,51.764762625281655,22.661002169371404,117.8054243265904,80.81143526786012
2023-06-11,Ice Cream,1621236.0,4.7321724359938395,4.720201481230578,21.343000243339453,64.40683446578466,28.853179045575715,72.54737323692575,110.14900564949984,57.37240820061315,20.43886378553205,118.20768800424464,80.51653648085825
2023-06-18,Ice Cream,1287140.0,4.847785784095114,5.00162451827739,20.073976570028357,52.576005347367676,20.507292876690162,73.25887186326015,0.0,30.37555209735489,21.828820213094176,118.48245528951395,80.12671549282351
2023-06-25,Ice Cream,1274891.0,4.919251792378459,5.095269476758435,23.816157903803443,36.915961921926396,25.04337115847696,72.88073219626446,0.0,58.12756927891379,24.433334169619947,118.65170624169468,81.33228891950354
2023-07-02,Ice Cream,1654865.0,4.8293225451758355,4.986105817381317,27.297508693089753,47.870901507206526,28.801656912524308,71.64540051811791,0.0,56.20602071572874,23.988049426280035,118.76695797413218,80.11037944753257
2023-07-09,Ice Cream,1384092.0,4.927457296109184,4.893226109078843,25.826745753408268,36.998701773229534,28.722739623731915,73.02821683850102,0.0,38.35368152060428,23.32013406968531,118.87001498637167,81.59234220215897
2023-07-16,Ice Cream,1289723.0,4.940686819290135,4.867335354143837,27.034271647181065,35.93914476610983,28.06015132572667,73.87287497856015,0.0,42.94037219600467,24.183890887028248,118.852590892221,81.16496403969586
2023-07-23,Ice Cream,1774494.0,5.082566728809219,5.223419618825577,26.179929583137664,31.034407400950407,47.05371272902101,72.48913447054305,135.81253758465468,52.13168425163671,23.488337410510248,119.00775308829685,80.56987251243564
2023-07-30,Ice Cream,1595451.0,4.89797372496822,5.097758578754997,24.226189089852166,48.082695895926804,24.74606347486608,74.62071205710329,83.49026908487724,27.908400878980192,21.232067127841,119.27280006695456,80.02480655989163
2023-08-06,Ice Cream,1191260.0,5.1152661990088815,4.917124332920009,20.37008117604136,33.9588931891375,30.89383204897117,73.65166418606637,0.0,40.34910728044885,21.938955975221692,119.17296291223609,81.19231479198794
2023-08-13,Ice Cream,1188790.0,4.936212154332631,5.060133491124346,27.535278051771787,38.941072162394235,17.87807416960032,72.81578648972705,0.0,36.01060772576269,21.697624631206853,119.33281868925044,81.46808597231951
2023-08-20,Ice Cream,1172116.0,5.044469118763473,4.928505190909276,25.638395397493202,36.24343569610815,16.905536237637698,72.43405599234144,73.483922452029,47.71279048185323,23.200054649484837,119.59757865239736,80.44173608427003
2023-08-27,Ice Cream,1246999.0,4.978318465027968,5.078379606888207,23.51656608578748,43.26907377792607,22.236483060099825,73.84926663630249,0.0,46.591342747927555,22.40096314188521,119.67056200598739,82.03697865495275
2023-09-03,Ice Cream,988695.0,5.089656491509396,4.969725312455893,20.7226283420627,44.56038654453529,16.703881058391982,74.13067526932716,50.22069030224019,31.79774217218192,21.766996630453022,120.00632042933103,81.41811326706994
2023-09-10,Ice Cream,1199284.0,5.2642397213594485,5.322255242699567,21.27022640956392,27.22678642766358,55.73272831959138,74.42782040239531,0.0,57.987960720327976,20.681782453968417,120.18196520273689,83.35033218604883
2023-09-17,Ice Cream,851376.0,4.893331692785233,5.050941955152803,19.721801825089305,60.407443810467434,15.784344568317385,73.2389520786964,0.0,45.83275335855346,17.861984809120294,120.12685815028836,81.37145143422492
2023-09-24,Ice Cream,601132.0,5.131055881958917,4.8717901556830085,21.520086377518563,29.39813366978432,18.263373694041842,72.97902792876192,0.0,60.32074303392805,16.9288689829114,120.2027384754898,82.65448831807383
2023-10-01,Ice Cream,911332.0,5.14892618286863,5.035390196808951,22.14139290912997,35.88733708386751,27.96798690346668,74.39783233872355,74.62062997043637,32.59419702024527,16.35401814795208,120.13525871783602,83.40240936850219
2023-10-08,Ice Cream,783548.0,5.193354423239788,5.329989680502306,16.78819550963849,39.273816022380345,21.6112829038802,74.21928331416362,107.00634716672471,43.076420365311854,15.214946890585782,120.1964901192066,83.55671784431773
2023-10-15,Ice Cream,1185564.0,4.627038979132966,4.841338957716146,24.65868061811107,67.51696161575194,19.38065547199112,75.9319215766179,0.0,38.21393732850748,16.153524290801897,120.4904426403884,82.3970637286763
2023-10-22,Ice Cream,749065.0,5.060537594985864,5.228990762009236,21.607250704682695,38.17518481468233,20.91166521476505,73.83979855886201,0.0,23.874495185539107,14.85167086321712,120.66129110026814,83.83074829927585
2023-10-29,Ice Cream,858433.0,4.9053294171315125,4.974077435536601,24.926660814000083,44.14078835055014,18.9659458280409,77.44218571573488,61.15306718725035,32.265297961944746,12.310678589845459,120.74506177960909,84.47593370864314
2023-11-05,Ice Cream,829603.0,4.898803247181527,4.978760706476905,32.909953952526415,37.55245678655366,24.651973088505674,74.57793220091891,0.0,44.52232941495162,10.352567542823484,120.91534886887615,85.9091980743163
2023-11-12,Ice Cream,644573.0,4.89321336855935,4.795142390586592,25.508730719358045,55.100524127806096,25.35617071879073,75.21838967834614,0.0,30.11494028811722,8.531475050774244,121.03602128888883,84.99625849093209
2023-11-19,Ice Cream,799586.0,4.75591829878453,4.577700529919275,24.86435505648465,59.01507091183285,20.231528361421365,73.64282533193051,95.14817687400956,0.0,10.291873917742569,120.90597928914818,85.26356073272406
2023-11-26,Ice Cream,647761.0,4.96816248180128,5.335535657196146,22.388492537975957,46.0615437169399,21.79221924389944,74.08177872751942,0.0,43.673087542065424,7.862900996466086,120.97991736643458,86.54559455185677
2023-12-03,Ice Cream,1061555.0,4.5791426154484824,4.849987431835959,31.852534324524296,55.71425381630616,29.155147233820724,76.4138987738099,74.69006451176747,30.090078355984474,7.835519470779903,121.32928527249656,85.89360982614991
2023-12-10,Ice Cream,410134.0,4.953520674336131,4.969249773378563,22.703315359957507,50.60518390798193,12.939347946228716,78.10060455008332,0.0,52.02778754435554,4.829770497467159,121.16471615643681,87.2195082844071
2023-12-17,Ice Cream,563933.0,4.937990174833747,5.144440877543309,25.394285701090983,46.26874226892224,21.828243761509984,75.19627249569724,72.7520138199471,0.0,5.653950762722352,121.43272709092815,86.44887049099735
2023-12-24,Ice Cream,696308.0,4.885941640762608,5.007997433966232,22.83234679113537,56.46840121758727,24.112639589841944,78.19073933210908,132.56132293960664,53.16937632819097,5.676836057330993,121.476511380826,88.46585908039776
2023-12-31,Ice Cream,523942.0,4.833509036924114,4.9492857709889035,21.890084076843184,61.933684024398644,17.362517748813993,75.96213449786163,96.17459204268108,47.68086425231702,4.219753868820218,121.71197182956448,87.9319187380164
2024-01-07,Ice Cream,422581.0,4.976640823356335,4.949130625669471,23.965577758100892,45.99624953858679,19.849852205222493,76.98404222265134,0.0,28.782637882968825,3.307700414456305,121.67073597035863,87.33127593447433
2024-01-14,Ice Cream,292389.0,5.292057546607892,4.904912264695067,16.620830338786956,29.7425115434931,19.82081207130127,77.75375156867804,67.05065199261365,32.4823321367751,3.332120091293826,122.1350784919235,89.78275644677238
2024-01-21,Ice Cream,483098.0,5.160678198124857,5.057336902869452,21.875141955237552,36.55443460546118,21.925880993112564,76.73696795819919,122.75577100059454,56.29088920752541,4.758976454585221,122.09377270265706,90.14685653589522
2024-01-28,Ice Cream,532794.0,5.203447533595396,5.0592309913750855,25.381273797990566,33.52579068207345,20.056817228148155,77.68567181963263,0.0,26.56112135538721,6.083046613071854,122.3535621247256,89.83380523869856
2024-02-04,Ice Cream,482640.0,5.228620251797636,5.140090045806477,21.42162381400286,30.7230978511411,20.157455978732386,78.5603666276707,82.08891547307142,33.67480539801245,5.009577459216099,122.36878016148776,92.41964193304611
2024-02-11,Ice Cream,384159.0,5.153085264266353,4.910109162342311,20.535141653665786,38.35841095674951,13.80284622617927,77.48108405360261,0.0,30.684909669890835,4.581781570347554,122.3550342107482,90.25786690132654
2024-02-18,Ice Cream,573565.0,5.287191576542677,5.083753022966284,25.19169656957813,31.269623111411082,19.67242824732851,76.91406073049484,76.41983840449068,56.53032602720314,6.86057495143317,122.37357205468378,92.28628793510853
2024-02-25,Ice Cream,691903.0,4.8879421174832025,4.991462957212334,26.051071831052035,49.505103173179144,21.48589107216218,78.45776020642657,101.35344068635749,21.235738057216714,5.095358371202252,122.61972888033344,93.60114224391505
2024-03-03,Ice Cream,744856.0,4.952776777986957,5.170979132857715,22.27769012868674,50.035828504829496,16.26733603248952,78.5059393628693,170.99165602737864,40.8582895961827,7.519082032014636,122.60227840753896,92.63034720971726
2024-03-10,Ice Cream,758228.0,5.209880179826837,5.1846184106979765,21.06519512130078,34.69860565916744,34.61906227446186,78.02776736773025,0.0,40.60171900912582,8.160192840209376,122.84085719917626,92.51290250608803
2024-03-17,Ice Cream,1024115.0,4.9462565367640385,5.073810663165679,26.708921706085953,49.297783180907665,26.20939450799212,77.19699188785603,48.73686942888478,40.42928285709066,9.82063498238303,122.72611076692537,93.59378995577292
2024-03-24,Ice Cream,722210.0,5.149883147683008,5.073053279604589,21.771871422077357,43.10593287162682,18.10713545418124,78.41337506727442,106.53235586893233,89.71041897512897,9.377090484507072,122.99170751605573,93.55866064161698
2024-03-31,Ice Cream,982260.0,5.051835991923307,5.194731983511132,23.74465558542377,44.55668614916645,22.56235788908852,77.22868706395485,0.0,73.78429412993229,13.419656677831362,122.9365114904099,94.50439653851932
2024-04-07,Ice Cream,781989.0,5.192506400068772,5.111731222626151,19.034934820028443,44.087743453414404,13.296855224810617,78.66463529982394,205.58117646887717,23.121430445950768,12.72156315269494,123.2549657560768,96.73613567181104
2024-04-14,Ice Cream,1046353.0,4.897317911710471,5.363535709318723,25.326664833817212,51.79060415228845,14.07129363595413,78.10438224997202,0.0,46.9749242396135,13.77645361359137,123.40436880281744,94.04926986155715
2024-04-21,Ice Cream,1141620.0,5.103583117633442,5.142229728553165,25.48444331121703,36.239111711695,29.11292618740111,79.70608977492323,0.0,26.685025513027593,17.111647048668868,123.37670081268017,95.29214618858684
2024-04-28,Ice Cream,743307.0,5.399666885124558,5.215593972558551,20.176163719452386,28.255777045785038,22.282472812267223,77.71897404085836,0.0,54.274942585401526,16.516168944312845,123.3218562824755,95.76010923972896
2024-05-05,Ice Cream,1076256.0,4.829264802088977,4.918295735025088,22.335599200960058,65.62421909025869,14.712851748688154,79.8353072607054,0.0,67.51889522947695,18.310955581178668,123.6919543845386,96.89738075854284
2024-05-12,Ice Cream,1254568.0,5.209597528166785,5.277288105489783,26.191737606553197,33.78921334603889,19.008951212253383,80.080916261369,64.33563268740427,46.17965001955715,19.42603292834756,123.2484818737358,96.85295452542081
2024-05-19,Ice Cream,1036015.0,5.227084407062629,5.149226478188681,21.439263414751593,43.96689408462786,14.44266179574162,78.94769131320021,123.91927083679995,42.672750497445236,17.88353372268214,123.80408303176728,96.14681754846082
2024-05-26,Ice Cream,1284553.0,5.13680862299823,5.076911147750519,23.86947755525793,41.91142154385312,17.90029780953326,81.08376179380775,105.69498309511346,39.39742183944586,18.327597520483177,123.84518544586241,97.13993264887729
2024-06-02,Ice Cream,1292974.0,5.114949237343088,5.209624023765445,22.469936597209376,43.5304740699444,16.39516509617129,79.72523181191167,41.077393772122626,26.993702619324146,21.338936173713225,124.18059415403978,96.32842582137256
2024-06-09,Ice Cream,1654284.0,5.043448274289101,5.2910001179655,21.318007482406912,48.0102590301152,21.073821549552633,78.32282241158879,191.00901360694104,41.130935861928535,23.01142860569013,124.38074650679314,99.37073201268541
2024-06-16,Ice Cream,1854862.0,4.8306504882406,4.951949219397443,29.0317809577078,51.04886496220912,17.68460026021961,79.44834006768977,86.16304595586259,47.76368418651382,22.860692947824973,124.252816218326,98.01224786271693
2024-06-23,Ice Cream,2526995.0,4.79350071410057,5.163355379102664,36.620661746656836,44.50505423803268,24.38289661367986,79.87770394915778,131.30577494106333,38.67298350368709,25.85112185301724,124.21703228857311,98.81316920422312
2024-06-30,Ice Cream,2576661.0,4.819542212474409,5.06232533129767,29.89881711161387,50.36395624702723,22.540598103050144,81.01311130672512,0.0,29.25687041199603,24.671260281718553,124.71727218654783,99.28242861244375
2024-07-07,Ice Cream,2209167.0,4.8667763328342115,5.050826368758581,36.07374613836534,44.496647941503056,17.303249098045306,78.40670439073048,0.0,58.10774768124657,23.974310915331678,124.67500829010802,98.93386851932209
2024-07-14,Ice Cream,1777938.0,4.974230998225015,4.799568410609845,33.964276177901475,41.85455936294125,20.640670147431017,81.53978175938012,0.0,44.30744564905669,23.381580201398766,124.7997255563764,100.46411349766426
2024-07-21,Ice Cream,1787417.0,5.194200250516861,5.430587618219083,20.278264904462205,42.13380486854015,26.76900235424669,80.45505283748302,83.87641304060658,59.62281682286688,25.59630492011361,124.40551121343707,99.29851043538383
2024-07-28,Ice Cream,2157662.0,5.080878293424235,5.315117330149933,23.032993095499826,47.96591980613263,28.50915553206849,82.22851051784738,154.44023360823434,31.529542058451376,23.839277545530695,124.68799974713951,99.94817271372567
2024-08-04,Ice Cream,2254376.0,5.024100698486504,5.092020588951252,39.9502114919421,34.90380596751406,22.54616216274929,82.89154936487512,0.0,47.26780304530591,23.967654370416433,125.21565114699624,99.6082360351417
2024-08-11,Ice Cream,1649113.0,5.132164247587598,4.948861152881221,26.333260161025024,36.335866130249265,28.555178270248597,81.94540492205034,0.0,62.4535912711505,23.57152762098473,124.87476364381907,98.94561890632022
2024-08-18,Ice Cream,1512673.0,5.25574486143919,5.180076902342592,21.190188879466415,36.31138405755628,26.179522842520107,80.03450579073044,0.0,113.91828252992661,25.675350020457063,124.83957874444262,101.6831271954301
2024-08-25,Ice Cream,1304451.0,5.123910007777655,5.227763358591344,27.343615427959424,38.20395509921368,21.493532895140646,80.51290362950613,0.0,43.84382563371872,19.90969349893652,125.00044855805918,98.69022198684559
2024-09-01,Ice Cream,930118.0,5.401416462396184,5.5851668456530295,18.069303063267565,35.54736383130675,17.428770680100207,81.99470337109962,0.0,66.8023887349013,22.553310496146974,125.03426040261648,99.87348349315181
2024-09-08,Ice Cream,1129488.0,5.220359441823993,5.252562380975319,19.86648209789008,33.958768881511986,16.272671472208934,81.08450207828832,108.30039278745197,25.969218046460373,20.3672106970004,125.0254490589321,100.84215198213798
2024-09-15,Ice Cream,1181015.0,5.2393520106045655,5.194037582251661,25.168289962260648,41.13331579575875,16.143552372027134,80.17912770980097,142.97272498300367,50.701862807659175,19.09168798779311,124.91313918370187,100.2439585843997
2024-09-22,Ice Cream,1427492.0,4.85420914431513,5.038208548631561,24.04053266124032,60.8978295718261,19.959955445012284,82.02777720523153,0.0,45.07571069385418,17.262567065597633,124.77298888169217,98.82862656078296
2024-09-29,Ice Cream,1153375.0,5.108120431734001,5.092895564417828,24.49859705123474,45.441646698727084,24.17947676190451,81.43024148298647,0.0,47.29200977426565,15.314073935004576,125.30107616851176,103.37732331010878
2024-10-06,Ice Cream,712723.0,5.433746823343954,5.457715844656845,17.91002749952482,30.1098817927797,12.199064623778265,82.2197856210102,115.81366893696645,0.0,15.739631958550593,125.22955331723338,100.44612384256686
2024-10-13,Ice Cream,963371.0,5.21409562975837,5.308568576201504,23.39415308678484,43.65801640902469,15.188097513213707,82.85981198032155,52.59577664253832,29.492056214626956,15.707787397215624,125.4704069450651,101.03073685019224
2024-10-20,Ice Cream,775186.0,5.298593403323624,5.5080872089050885,17.069756239291436,42.3283369858839,11.343332474614801,83.2420414694793,76.62936608941314,34.14246717664848,14.014065804550107,125.31683307162918,100.64979997468821
2024-10-27,Ice Cream,1009807.0,5.2204971090977885,5.019314959040125,22.23902139039224,48.77727385187173,20.98472612277501,82.53882295268112,59.697330435395024,24.04651800708566,12.439840113976306,125.42998651944734,102.76080956905157
2024-11-03,Ice Cream,1075983.0,4.959385467601113,4.956800677659801,26.270323167573295,52.121672791984636,19.972721715669916,83.8542014339002,0.0,48.587634846086615,11.739968287874497,125.68816202549772,100.09672501379707
2024-11-10,Ice Cream,709216.0,5.267272794916461,5.123584832810098,24.579213013630728,34.24161049093486,23.64949091190808,83.05811403372832,0.0,67.04748894660216,8.769663364815298,125.73045176655518,100.23447370854856
2024-11-17,Ice Cream,673659.0,5.053655121769834,5.029556776138795,20.032407785065896,56.945235667072566,20.278547818099028,82.13089937193068,0.0,0.0,8.619773247868473,125.88552725727814,100.48320131340377
2024-11-24,Ice Cream,787536.0,4.955290238760327,5.016604381731825,26.74403467000276,48.82822849796199,31.008510648875088,83.62573562917574,0.0,79.67121542988916,6.833927774931429,125.80193896674399,102.17661673439387
2024-12-01,Ice Cream,825808.0,4.986203981527696,5.163500404742848,28.053725346678664,49.56600503702528,17.719587624963097,83.41547497341101,66.02211311952529,33.39253243480695,6.600280998823011,126.0960944146809,102.82565603030648
2024-12-08,Ice Cream,724495.0,4.610170969622073,4.94740925555269,35.63129169678716,55.49260409399551,13.419971405853165,84.13599346493301,0.0,44.54841449743213,5.100696737018158,125.92190968753545,101.70077413900633
2024-12-15,Ice Cream,576306.0,5.253123664936984,5.182178277090062,20.185518710820304,43.54485042221234,23.05449452705831,83.3028865506639,0.0,39.358439712465554,7.241398109312552,125.91277998578641,101.16600441969159
2024-12-22,Ice Cream,672809.0,5.278286122120047,5.26802754564826,21.632515552795404,35.74069152234454,25.150057105181144,82.7172832040098,88.35234618590448,35.2586144050367,6.24730412785824,126.09147367863399,101.39277536997956
2024-12-29,Ice Cream,646151.0,5.096652015818004,5.3008200536886685,24.004573022908453,51.46736365640003,30.7096983691873,83.46839671606516,0.0,44.912968981760976,4.024942055887585,125.60663822172664,102.130926479679
2025-01-05,Ice Cream,472599.0,5.387317308746035,5.247969747042721,21.24860156367174,32.45105386658639,18.245582250743148,83.02424585347528,329.9936409267926,23.76842137839876,4.402358702893787,126.10586275463668,102.33179400676427
2025-01-12,Ice Cream,563402.0,5.298906592756797,5.123023426224668,20.718411458915142,42.34916634857916,25.57165180565182,83.56119672767294,59.78100831386675,44.06721400386661,4.386208385387767,126.44541812466446,102.88523903355544
2025-01-19,Ice Cream,460279.0,5.422624675991666,5.407369626232052,21.392683815560716,30.03670367307918,19.29905591111028,84.84856224028113,141.39030022041004,24.498458979643182,4.159630008220258,126.50283062134125,102.74217992622991
2025-01-26,Ice Cream,430417.0,5.3369434251442085,5.2647074683537545,22.979823290832684,40.5028261451617,15.810203672046422,85.7210955394493,54.583526063405344,45.96685370717883,3.2117928883357436,126.47663005774609,100.71507101083363
2025-02-02,Ice Cream,473878.0,5.4445802283881966,5.458315506299027,21.28403906143522,32.54328567473193,29.181278282868657,84.88280372681504,0.0,42.272573833001616,3.860357217320669,126.38397214384166,101.37141410970028
2025-02-09,Ice Cream,415188.0,5.566033338514819,5.357311583328352,17.394202827591986,32.26550060634237,24.674509181486243,83.47114790173265,0.0,41.518417964167924,4.744759362036409,126.51188572789613,102.33145882666393
2025-02-16,Ice Cream,578647.0,5.259861077322362,5.229153988003703,25.58094124473594,35.90485218543429,22.275129335102744,83.70006106597766,0.0,31.37736186455434,5.8940240715905245,126.52634541225122,102.5579714781827
2025-02-23,Ice Cream,789575.0,5.131582525189458,5.182888349757632,20.64384841394884,48.4456040062477,19.94330587493479,84.41584446975473,121.9803832497557,51.707158621509855,7.077893166796361,126.5484174212117,101.85369131818761
2025-03-02,Ice Cream,544644.0,5.426025413958082,5.605319612176883,18.01752607435525,39.91952296553154,16.779775913789667,84.43171705886412,0.0,38.008554391473474,6.226254822694095,126.69289576378307,104.24911499754762
2025-03-09,Ice Cream,721411.0,5.301054101797909,5.516055972229332,22.22579604368188,39.54291122687116,22.893856044318124,82.94976269535317,0.0,30.76990236940872,8.512295791643762,126.72538126278982,102.07534002417363
2025-03-16,Ice Cream,1078687.0,5.248899723677882,5.155284621660596,32.22123184988041,30.389830110538277,34.830057854777486,81.98540572213376,36.416887657699505,55.018762079158044,9.813120002521627,126.75226651830249,103.06209172046772
2025-03-23,Ice Cream,863638.0,5.123394729458135,5.000781243108034,25.710014816188618,48.04707133725206,21.93994891659778,83.78868718181623,0.0,42.20241095148269,10.098568534443995,126.98656158019534,105.21542463590205
2025-03-30,Ice Cream,1164491.0,5.250717939330664,5.138571875553106,27.700251775217193,38.88667298778044,34.151728739089215,83.32136856019741,93.91184883405042,74.28098986464126,11.659800194267836,126.7308739688357,102.05706958823797
2025-04-06,Ice Cream,1090599.0,5.158030343605698,5.386219250360549,19.84497882183516,54.65675822524624,26.014616203686053,83.55704118893884,0.0,43.402140083997615,13.52064625678952,127.06797429509147,103.24238888318655
2025-04-13,Ice Cream,1278997.0,4.91223296607993,5.371956105952391,27.119603929267534,56.718431174894064,21.026535581036562,82.98615658242315,49.864121220375786,71.01998244022752,13.486446580743447,127.32788782432397,103.49506810016656
2025-04-20,Ice Cream,954880.0,5.467671427013367,5.589733644352323,20.831364525876843,38.232794910891904,21.853460345577197,84.181738231979,0.0,33.18704741891913,16.125826771211276,127.0657659449437,103.48428033585492
2025-04-27,Ice Cream,1048490.0,5.421914518892173,5.55065191253413,12.740083116715699,45.42855310101607,25.69620280183094,84.62965170391355,229.4888252960825,41.322007325446705,17.207656223822934,127.33577839116457,102.01037345740909
2025-05-04,Ice Cream,897469.0,5.480174405913896,5.095386641539832,21.382072480115625,27.226375105480503,16.054744730803513,85.21831484835313,38.31421628402083,43.25740295430045,18.128403507721234,127.18615912023805,101.98349570933853
2025-05-11,Ice Cream,1307882.0,5.218338943700337,5.429232454973997,23.950922528470645,42.393393193141954,19.122071239659007,85.19910247900121,70.42725824558092,33.296173009061484,17.096420256744324,127.15296325050643,103.05010527612684
2025-05-18,Ice Cream,1664154.0,5.221172608488771,5.278068716545203,29.233300514584233,37.32453313681777,25.34266669376907,84.96655944625311,154.84124157324712,47.577393816051114,19.33628030477069,127.73527538853854,103.92143009857996
2025-05-25,Ice Cream,1480715.0,5.190333781162992,5.3665280027257225,21.391453704625604,45.83103616402264,23.070287477019765,84.65785777339077,0.0,35.685530285343674,19.23257939489835,127.40259087728394,104.14978360857857
2025-06-01,Ice Cream,1292803.0,5.344527000299409,5.375829121505952,26.477059184114154,26.507407203606476,21.544082938901905,83.49498475005018,0.0,30.563625652994563,21.08513994254824,127.33131399285244,103.54724366444997
2025-06-08,Ice Cream,2020944.0,5.078960535707079,5.100954056132334,34.09307641273557,39.12231691513458,29.816234089244226,86.59145044616528,0.0,52.96346698007862,23.37175170344084,127.76296998710579,102.07130893328834
2025-06-15,Ice Cream,2316414.0,4.994699637026277,5.224649431243968,32.1139590056424,49.0213709807113,17.98371564980568,84.38775746711502,176.73747674899994,36.56840448058284,22.293762242623462,127.5479267914309,104.69704709080825
2025-06-22,Ice Cream,2129736.0,5.036427399427385,4.933771533965811,22.082771746201427,62.48707844645507,23.677545467700657,84.29437047586633,132.24696733746137,59.156290870996514,23.28041017702861,127.65473626943367,103.1634093168841
2025-06-29,Ice Cream,3074274.0,5.051233609882265,5.112692734806631,32.86988028297484,44.59455672269022,44.98475483768624,84.6496663244139,0.0,60.51074722310771,25.127191743781804,128.18587449476658,103.98262786102349
2025-07-06,Ice Cream,3306673.0,4.6968005049069514,5.036160302814225,36.90378543344985,52.0708522337925,19.276000483863346,86.29870628758621,274.05370836983053,47.59986789004109,23.70607205090636,127.65875273552358,103.40645855545263
2025-07-13,Ice Cream,1800072.0,5.424088436025084,5.031925920339185,19.357029455345334,41.95132466892421,31.245605511268913,85.08498613656955,0.0,38.21789911960055,25.546596761969518,127.5690369806822,103.16517715547404
2025-07-20,Ice Cream,1776202.0,5.144704771973793,5.006593793919121,28.975632923784985,39.89357224479863,21.816208742917116,84.19614729546821,0.0,28.997332244672474,26.31867061720426,127.91711338870878,102.54289703495466
2025-07-27,Ice Cream,1186026.0,5.384395459657012,5.354842993646794,27.949325206118484,29.689765101102786,13.149495241034678,84.7771259663063,37.003047555793735,39.5743293869779,23.094338546219358,127.79461830724762,102.57820476663044
2025-08-03,Ice Cream,1404733.0,5.238685388024907,5.360471042882976,25.163925919410133,42.05834945477386,12.239771780312292,84.67090362498689,156.87820084543108,67.97319651138007,23.49161006290846,128.21373431844802,102.99146516631228
2025-08-10,Ice Cream,1628762.0,5.421156420662608,5.273482322745552,20.48088414145105,34.76008575106666,29.21694136377103,86.74027936488031,154.79760877009602,52.657591273316235,22.717333836999295,128.09162925433975,102.59880248730744
2025-08-17,Ice Cream,1461311.0,5.230688320087106,5.275265520722748,20.003005061790606,47.2378697939811,25.113288924660175,85.06341398109363,0.0,34.47690509187138,20.187498978846623,128.20506299505965,105.04483091280854
2025-08-24,Ice Cream,1138027.0,5.572529681511218,5.3586320964705205,19.763753508260972,28.92682441380712,27.6111407418588,84.8317084745354,0.0,29.279069655792576,22.54065706714638,128.3999885759552,103.08885887488724
2025-08-31,Ice Cream,975722.0,5.471249630305762,5.199547759049529,19.184542549643567,34.00365528600316,15.23946284654953,85.26820915890454,141.4642394484595,32.975758659218286,18.447261319647804,127.9486692311569,103.01129050403541
2025-09-07,Ice Cream,1045641.0,5.494633826140719,5.45242342554513,23.94222018499698,30.639373927962165,15.926704406947298,84.11129320760264,0.0,35.5039860889427,19.579603302836823,128.392887389188,103.89953609800703
2025-09-14,Ice Cream,1304525.0,5.2673707958608285,5.485338553067253,18.162482967738093,52.7213699878064,19.432789815062744,85.99999814586096,50.30810055243061,34.69466466487421,18.40352448158232,128.19194382409458,102.59878390862443
2025-09-21,Ice Cream,1434361.0,5.16235391851626,5.438858220132872,20.505377895399825,55.1440240049038,24.123413074334,84.79304575533803,0.0,76.77565055454424,18.652291462184074,128.4653749622177,104.2825862668427
2025-09-28,Ice Cream,927709.0,5.405593895275546,5.312282395863825,20.948522526730823,37.95845623625023,17.68552537744167,87.60270638200014,0.0,33.99816255718439,17.097827052699255,128.64461654557144,103.71031449013316
2025-10-05,Ice Cream,823793.0,5.431447326812084,5.3530744386311335,22.64527336352022,36.24755175151832,16.688206232843974,85.49204248068507,0.0,45.327255208642846,17.520275275559566,128.56054893206775,104.25608725657834
2025-10-12,Ice Cream,785107.0,5.372773596899605,5.297914135863018,21.796278281457464,37.960153678248595,18.691196875075907,87.41710424793926,0.0,21.099056317537627,14.332320323351427,128.88047022226516,103.77890636626879
2025-10-19,Ice Cream,778600.0,5.365573189602273,5.165767480335989,22.589563226938434,39.76641366186233,24.110398510147892,85.12353257175178,0.0,38.421733483511154,12.384738830462885,128.6159220683538,105.16789313744664
2025-10-26,Ice Cream,764425.0,5.435255878398567,5.366553370747897,23.424955790257446,31.713064126648952,35.83888053736032,84.25790532091922,0.0,46.05824210720567,10.570947760693366,128.68161380365908,103.77735089618399
2025-11-02,Ice Cream,853076.0,5.371847213175649,5.389921653507716,22.720098930349895,34.70379646666664,23.68486088563006,85.71991144372006,147.25085087391878,29.07274149329896,9.215736612912123,129.0347163593748,105.14929960199339
2025-11-09,Ice Cream,669756.0,5.411042144931775,5.407323724921139,20.510921373719928,40.91782814613802,17.81573522329841,86.32149903888156,0.0,22.806430996437292,7.801417212164743,129.01049955927408,105.76402730904576
2025-11-16,Ice Cream,1041115.0,5.125687536066798,5.045990094535112,28.63635219133901,46.78766145276748,26.476855683612246,87.01665636485396,0.0,52.92490031962167,9.221131398271844,129.1232772969349,105.4408671059182
2025-11-23,Ice Cream,1375083.0,4.801343219043081,4.84539473583336,32.24381954147242,57.40770778278848,35.816816684317686,86.86491569128982,0.0,47.36805138746655,8.925136355433931,129.02023624584155,103.69524636164745
2025-11-30,Ice Cream,1219689.0,4.819211977812071,5.044977208570969,33.26767090151538,54.21150125454594,33.66337200606905,87.2267249147219,100.05439719920757,41.13866047560922,6.063477492641609,129.16604014130084,105.9499095163308
2025-12-07,Ice Cream,912306.0,4.916256936728234,5.12931884642095,29.922571663678323,57.587936005382474,27.49970700225118,86.7416469605267,0.0,50.37579208205093,5.426440431182378,129.54184967299773,104.1216360810559
2025-12-14,Ice Cream,693149.0,5.353575050827027,5.632056167080031,23.565976213838233,40.3449059434791,28.675991034682518,84.86947347755778,0.0,40.86789497263608,7.410968258470049,129.12839907546055,105.08479803932663
2025-12-21,Ice Cream,633947.0,5.179849757764465,5.311923584194773,29.680545441090686,44.853767072378126,17.968536497803672,86.86588324468283,83.92753991199442,56.847148541604774,4.1362040425894095,129.3285295133403,103.95173673668077
2025-12-28,Ice Cream,414276.0,5.32872446935723,5.48610551701061,16.446468012243642,62.382065621740644,18.590754169584955,85.57065717500096,0.0,32.39503896755305,3.0,129.64181512844527,104.93614353375615
2026-01-04,Ice Cream,438213.0,5.356450025128966,5.197480250468855,22.002199305839348,50.601175028708155,13.395512213891717,85.53549838185074,0.0,42.89853005970067,4.135582172692854,129.06948513225325,104.54014442201964
2026-01-11,Ice Cream,456557.0,5.419602760428756,5.296362806595388,16.30830738432313,38.46078612430917,15.974041893011053,85.51313531673082,50.326755260534775,29.75827068844343,5.657470660447823,129.43227749828142,104.3532980875067
2026-01-18,Ice Cream,605878.0,5.2640061635252895,5.354270447290964,22.984173942414806,44.76873310221983,16.81771134180152,87.1401652235536,174.03977336601525,70.77791770277705,4.796691793720872,129.28776916685197,102.81473525295797
2026-01-25,Ice Cream,450208.0,5.501838163304565,5.312224204697573,17.407239655414024,43.35139718544341,17.940416839616983,85.36010347897978,0.0,56.61930260421713,4.525171838462346,130.04497801852474,102.67187621730882
2026-02-01,Ice Cream,492311.0,5.4565981293737345,5.562667724179509,24.350842725496488,32.523739058291554,20.925340449565816,84.87637614155211,0.0,28.931386600011823,4.218349437716808,129.7388247352248,105.68251692999462
2026-02-08,Ice Cream,487182.0,5.48657457209128,5.702806961433119,24.66145447711404,27.547889877535155,17.305027011900354,87.14152403370944,177.69197764155288,19.054139674873134,3.6597416231024553,129.8413862734617,106.25204736527742
2026-02-15,Ice Cream,670297.0,5.452689452786293,5.671950739736976,18.408540228968477,40.04772261781014,24.025684327880455,85.73520505101835,0.0,68.68270030561791,6.6560029151275035,129.74446692612676,105.14220079397357
2026-02-22,Ice Cream,709416.0,5.472057937109747,5.309700999713758,18.53882458492123,39.5543976721042,29.81938477904319,85.54151704338815,0.0,24.3686050363908,7.706110030560757,129.96396978640976,104.81988395744357
2026-03-01,Ice Cream,601051.0,5.490317490974909,5.829219595099959,20.04135102072416,32.33345055979638,16.497972328032493,87.84554927837847,0.0,34.98603707820671,8.965928332853338,130.1363500876484,104.38453451410135
2026-03-08,Ice Cream,744878.0,5.294650235700169,5.595763087031119,24.52598988188536,39.03775742001545,13.15453348585085,84.7894977898879,171.8357630612262,38.32427262893026,7.8558933186828765,130.0801507057338,102.92519654786699
2026-03-15,Ice Cream,837398.0,5.373611196117924,5.569913900386383,16.01502521563304,49.95192786074873,24.543262420873944,86.38096324208739,0.0,25.719480877417684,9.210662473400884,130.0757843947205,104.4964066657824
2026-03-22,Ice Cream,865698.0,5.220571707916598,5.124186703244098,23.81081577905783,53.975703584128766,19.862764758405806,84.55359416819489,0.0,44.67233036035037,9.068300699053546,130.06768049740947,103.14991967695468
2026-03-29,Ice Cream,1049621.0,5.226170977876127,5.334072548345522,24.027529607161913,55.92504553114604,15.355061833005669,86.32675261467638,115.39424625924676,46.50007124930512,10.97611963774951,130.2538192663462,104.23100909146498
2026-04-05,Ice Cream,1299078.0,5.244461136755327,5.568352487967769,24.590877250163317,42.355311806373095,30.09682908959081,86.81547960501813,0.0,33.83952685962298,13.566166510467163,130.49329411040628,107.04826847111262
2026-04-12,Ice Cream,972422.0,5.434279310596111,5.382366467246309,22.032949946630094,38.052774540853605,20.49246729203613,87.29078509213765,58.02717273036438,52.02510630996633,11.49493653539616,130.71941209128812,106.91527090532915
2026-04-19,Ice Cream,1386400.0,5.154388663638299,5.235603099654345,18.999102610472672,63.093514752380464,24.748926751393427,86.26463551782864,110.95917034529703,53.778901836334356,15.40528640990351,130.30320540158434,105.84734659595186
2026-04-26,Ice Cream,867014.0,5.682898863365303,5.603047626555187,19.757879556322095,30.103786048935476,19.37565029003889,86.69962896319242,0.0,68.83363750083187,15.196565430645048,130.53783881912747,103.8481941534157
2026-05-03,Ice Cream,882095.0,5.615804521564953,5.489138993509347,21.031523865379395,29.169356749236737,14.527539890915309,87.71102824756599,0.0,65.33757396456397,17.877179998194446,130.6236530142695,105.38131191676167
2026-05-10,Ice Cream,1143936.0,5.581043135214592,5.496488970757487,21.569006355426033,26.05944387992868,24.0642702065938,85.41550579263529,83.61780967958497,42.195441272570356,17.976605457588516,130.74928251042965,104.46938611824605
2026-05-17,Ice Cream,1289071.0,5.413100274842912,5.387073452663197,20.215118115140143,43.866785174107726,11.396741177794377,85.93448728765445,233.42632870844565,49.527642114070645,21.700684363871215,130.62675895263214,103.5156690853103
2026-05-24,Ice Cream,1667032.0,5.29210322722208,5.3125614004030535,20.570434616367642,53.52703526745531,21.5034457298915,85.34461717282232,0.0,47.93562671984711,21.930629055984415,130.74882760898,104.50102957877631
2026-05-31,Ice Cream,1125492.0,5.4117353635153504,5.4748051588804145,17.97693935978383,37.6449964501659,13.704329478405562,86.90765615472401,0.0,46.196124892999684,20.317711279733025,130.96437813940898,105.30986459185097
2026-06-07,Ice Cream,1615615.0,5.3461446323572455,5.156967027860595,21.895191342537352,48.77918716249578,25.176658772266475,86.97643634908286,65.27503257474878,47.7898697623136,20.183384415885293,131.04745007402028,103.80108177051311
2026-06-14,Ice Cream,1522477.0,5.366425467197485,5.520405440233644,23.467964855100092,46.284346924782824,20.037816739940077,84.79897441908932,0.0,40.54492034461009,22.68022999184379,131.15848975800327,105.36649898832687
2026-06-21,Ice Cream,1724791.0,5.171080817396183,5.256015918921493,22.905385932535186,50.68648018815238,20.150761982266815,86.51625464864422,142.76620135108283,20.77913044576783,20.217291500677263,130.88872655496021,105.035803684003
2026-06-28,Ice Cream,2319276.0,5.327285962244438,5.643433690851923,25.8855803580505,42.60045764684675,29.419296577518296,85.97120619171194,70.90841096391956,54.26394181714748,22.59336092530272,131.2694365788784,104.40451372917165
2026-07-05,Ice Cream,1716064.0,5.521940995303206,5.4783523227348985,20.81835370382521,37.19344293836079,19.133551394992658,85.53285203541466,52.1246145871724,57.94694425160168,23.043910629204863,131.27213608405532,106.71626447361471
2026-07-12,Ice Cream,2872846.0,4.96401648443911,5.2363113929609995,36.426765306304596,48.580425051941546,21.84820792245264,86.65503669315868,121.1248303195071,35.12464971058182,24.614874187220156,131.42553660504595,107.1745949273087
2026-07-19,Ice Cream,1474866.0,5.43626865749423,5.426549953438643,25.882622032133966,30.271483445514352,15.271701383244942,85.30081988654445,0.0,72.88941618489393,25.774681222123956,131.0237904608618,104.34558933098138
2026-07-26,Ice Cream,1639796.0,5.406961726969533,5.2517140810249,18.321800960954576,49.02314587330144,30.509553624238368,87.20097833410775,0.0,42.37847320555027,23.67802802526316,131.4524978372508,106.82838109908869
2026-08-02,Ice Cream,1374504.0,5.453957781634616,5.47393924896482,17.455573369019277,44.98059289180013,13.661802105433328,87.89798164485266,97.6869138253672,79.18034143742048,23.224149144462537,131.52219863246862,106.20513567306249
2026-08-09,Ice Cream,1253289.0,5.409084830491674,5.732977614698512,22.180560412461464,42.34882974229155,16.732283904398404,86.21852584745533,0.0,65.84044464168844,20.347721719889694,131.6412614582969,105.17636577937668
2022-01-02,Laundry Detergent,1656461.0,10.114851786578756,10.21185687706553,22.97779308618998,51.54284896826125,15.60945435171401,83.50307490612644,0.0,40.457666585814415,4.503746616830196,100.24130369140437,93.86789218858914
2022-01-09,Laundry Detergent,2327100.0,10.124861155038571,10.746915690356225,31.50081676914688,39.64315593988229,23.03282439091679,82.15939823565553,78.9455911645315,17.878604695938357,4.688961220884122,100.41384391981707,93.32940949006152
2022-01-16,Laundry Detergent,1478796.0,10.609577349297584,10.662471821176457,22.90981059931755,28.010469556877773,13.823738987675663,84.5558131032469,0.0,38.912217104856325,4.091192657940171,100.68656868925525,93.99400340515226
2022-01-23,Laundry Detergent,3335405.0,9.462067590893868,10.08046545893409,32.53176099449184,50.7683126291053,37.27867807156151,81.78536286359663,0.0,25.08787910948735,3.9081664124442854,100.96992613367756,94.43986032625273
2022-01-30,Laundry Detergent,2033431.0,10.455984722176833,11.061461212692226,18.83270205535572,45.77684827604984,27.159223836571197,82.2356428813428,47.26191947065385,0.0,4.192287348203582,101.18972843927817,94.61226968140987
2022-02-06,Laundry Detergent,2092350.0,10.451331488800964,10.377520483485847,23.58770671764782,45.263080911589334,25.862093801958483,81.35583287579263,89.97465193686537,36.038125966217905,3.084073671717324,101.25609506974257,94.92428927625517
2022-02-13,Laundry Detergent,2180753.0,10.141660816036483,10.320838074332444,25.668813503795793,50.18283279685897,19.315366023326554,81.70689729016802,0.0,15.440809501666193,4.50813648684579,101.61636463067178,97.5828927780204
2022-02-20,Laundry Detergent,2067631.0,10.29619955992909,10.84076508337888,26.611103245859155,43.78830163392782,19.146687463804298,81.90460592508093,55.97567146068035,44.382328260045,3.095258147793161,101.881551109575,95.07308645357624
2022-02-27,Laundry Detergent,2621173.0,9.957160492662583,10.571140615547614,27.26587504575103,52.26452611450845,30.275924250129435,82.47960768741399,0.0,32.5810667312075,6.976947320130494,101.99780618581404,94.13994843053426
2022-03-06,Laundry Detergent,2062577.0,10.436228393422594,10.76868974464992,29.029495480058447,38.50843665924488,17.387147533600313,83.4449728758045,0.0,35.3052407328068,8.716786890029756,102.37000828162257,94.09407174985618
2022-03-13,Laundry Detergent,2297075.0,10.375960737990965,10.901696381364943,27.211174440389723,44.846827475097406,23.281341310903365,82.33355565988717,42.146695025715374,28.667434618875653,9.890205764530567,102.2954915545924,94.62966196031485
2022-03-20,Laundry Detergent,3491565.0,9.715472940508697,9.717894796520495,27.80038031785577,64.74667158644922,43.566464453228306,81.3848109039908,0.0,15.320839571947417,10.772720748051718,102.54855649969204,95.08437474256432
2022-03-27,Laundry Detergent,2765737.0,10.09652318761435,10.610068828559346,29.93984307681045,51.64177880142266,26.934900873255806,79.87126413374881,0.0,30.343855365388862,11.087714923416401,103.0779281211557,95.36020850805535
2022-04-03,Laundry Detergent,3415216.0,10.025699321320676,10.308283239531773,29.460241408501943,53.39963567089885,46.20392433833189,82.12926159821599,0.0,32.91739222432085,12.303731181625533,103.35765537644284,96.20628008919194
2022-04-10,Laundry Detergent,1858238.0,10.669821335696756,10.695273197030223,23.976239032413048,37.13692926556082,24.91767223320442,81.12456955846349,0.0,20.716408773876992,12.32966508855237,103.18912910335969,93.59958282127195
2022-04-17,Laundry Detergent,2296490.0,10.28215561643427,10.740444946828667,24.656047081986,46.27618184654228,26.70980489255022,81.91101357789016,0.0,54.209836195764865,14.087168420791523,103.54273374488109,94.56492874797176
2022-04-24,Laundry Detergent,1756231.0,11.04255841545607,10.858480873722135,22.653426949094086,36.77277733260874,20.477849658924246,82.79297210542268,0.0,23.881836689376616,16.61404437836227,103.87572772196582,95.29707768307799
2022-05-01,Laundry Detergent,2564052.0,10.138267702813842,10.655268950556986,26.655392022768048,53.59932709695068,26.851683267954726,81.31347556899934,47.361533965062655,20.00296387209745,17.305647370413826,104.08384763379497,95.92769716740321
2022-05-08,Laundry Detergent,1673873.0,11.221294031718099,10.979468487467248,18.259627010979937,39.36037985993547,25.490826039997287,81.74512669824432,0.0,34.460702457859156,18.840190402611483,104.39037122232486,94.05893169601114
2022-05-15,Laundry Detergent,2529366.0,10.310909206484812,10.593482868964871,26.75994522342701,47.55414869059072,27.610842356646195,83.99052077070151,45.24021647226733,33.32063686416281,18.579150844918335,104.45697742490047,96.58087712903827
2022-05-22,Laundry Detergent,2233320.0,10.484176402253114,10.48723215649106,27.60182675591725,43.28996216926822,22.44098928171906,83.2818622638069,0.0,27.647163650786954,18.949064353963976,104.65956174090933,94.94601380878542
2022-05-29,Laundry Detergent,2074207.0,10.581315278488736,10.276932307105016,25.107723012819996,47.136373374238225,22.371282182130134,82.7204952517748,0.0,26.712675477484666,22.765296980456586,104.8818608826675,94.19324569923955
2022-06-05,Laundry Detergent,2225330.0,10.210331133339157,10.680432877090889,27.528810443324144,52.51696327024609,16.724929002786794,84.10003334489227,0.0,0.0,20.861549441592473,105.19450611229308,93.8174640542837
2022-06-12,Laundry Detergent,2266971.0,10.450573181908869,11.463526015121516,28.94426549408871,48.87880099563934,17.471397134401705,82.26664624226986,0.0,44.21437848321621,20.33421333546263,105.3391422290194,94.45087930188795
2022-06-19,Laundry Detergent,2497312.0,10.45454209601322,10.102570512148564,34.1657932948193,38.352338831281926,31.954870582849768,82.96443145617579,0.0,59.263930271882856,22.361671532928497,105.75465330116995,95.99380412303331
2022-06-26,Laundry Detergent,3106579.0,9.220354770502526,10.17348129549971,34.26642885109143,71.92458224779065,21.81932414688831,82.17798703210354,0.0,62.460571453468525,22.97024279317105,105.98302769977946,95.23216367515366
2022-07-03,Laundry Detergent,2329764.0,10.265763012694743,10.218354796862997,27.65184668159942,51.22666913062323,38.91182115400849,83.01153513546829,0.0,39.101862281202976,24.08926420251015,106.24644207521193,93.94051622296219
2022-07-10,Laundry Detergent,2514040.0,9.725603029685418,10.329180182462277,29.169513565475008,61.91391836522753,22.445757153328543,83.49177794982899,74.09011677246671,22.84999558381048,25.551876301945953,106.37112766737428,94.96157463326284
2022-07-17,Laundry Detergent,1887487.0,10.670254242171191,11.084025849844583,28.964533439213106,40.42196429185056,21.581515961866963,82.30919012765717,0.0,24.540822129707774,25.667895148434116,106.51212776374453,94.3935761509401
2022-07-24,Laundry Detergent,3022688.0,9.54404852089428,10.174379930104992,34.645242037921264,60.95509670907028,27.276953850425507,82.22130861342417,0.0,22.369351680060678,24.642288109580143,106.85378908048436,94.74884267212225
2022-07-31,Laundry Detergent,2639713.0,10.027277350760958,11.018192749724482,34.283690706842386,46.99865456386877,37.6290042272081,83.39298375903603,0.0,16.38715330416131,26.19411495685751,106.99087992282432,93.33298619161498
2022-08-07,Laundry Detergent,1800985.0,10.479680954992538,10.843773231639446,29.067534102991612,49.40516587216873,16.54488216241097,81.57621683447368,48.2366873833297,28.597500924656547,23.934544837109147,107.2046632026113,94.59240143866693
2022-08-14,Laundry Detergent,2417089.0,10.31810460488407,11.125595859006113,29.84656023094081,51.265880831807706,30.707134619768755,82.71712296108643,81.81615013337905,22.032059457013318,22.72143123918376,107.59488340151239,92.94266648128492
2022-08-21,Laundry Detergent,1722843.0,10.712289319174875,10.769663300347966,22.647818841335525,49.7081958578414,25.406961416403234,81.26632233367484,102.1495520824633,36.881644195682334,21.74927745135542,107.82644976705282,92.37289479935043
2022-08-28,Laundry Detergent,1942819.0,10.409289919885135,10.781297497821326,29.227749846801572,51.8924691469258,21.967958548246497,81.21511081364018,0.0,14.881248793414988,22.20351172284562,107.96788414192388,92.13592291048819
2022-09-04,Laundry Detergent,1318757.0,11.180752958013835,11.120042816689793,20.66621250387435,39.07142984977795,25.37224376455251,82.05253523501457,0.0,26.31509723035249,20.679886632168582,108.27788560226116,93.34876158214828
2022-09-11,Laundry Detergent,1750258.0,10.62839585856783,10.782058657827788,21.187593524433098,56.08513770488092,23.83393325112241,83.84931500018139,0.0,24.809128997808028,21.493731830660707,108.4109597710167,93.43177922394376
2022-09-18,Laundry Detergent,1622016.0,10.707852855640937,11.554476330814751,24.20097855262649,54.22034050125169,14.467419233853322,84.07019401582049,0.0,38.55085760338192,18.821669814346027,108.80087281936417,91.47469449011797
2022-09-25,Laundry Detergent,1585743.0,11.142907868119222,11.206644092529984,20.72550282147733,37.780861198031985,32.13013621446564,83.98779004071945,0.0,30.737506942749594,16.55221965229912,108.72315447864455,91.1830085550858
2022-10-02,Laundry Detergent,2509734.0,9.578992620648906,10.427793331987402,28.385609123422363,78.41603887678897,21.208477858665503,81.39492432600318,37.05467912131312,50.40097759659785,14.246669884907007,109.08799293999625,92.55280968499927
2022-10-09,Laundry Detergent,1363673.0,11.602227054257886,11.288993826260613,22.07088205059817,33.85706326690691,20.185560686168056,83.2098556757897,0.0,44.27422940060648,17.451576246105425,109.46667918029519,92.00970017665637
2022-10-16,Laundry Detergent,2037366.0,10.812800099015547,11.147065717764319,32.289609525052164,40.77905246556992,21.43149224448503,82.65738359449934,0.0,35.16179158565078,15.820092648277857,109.63766839326033,89.97154323699009
2022-10-23,Laundry Detergent,1925439.0,11.193156426112889,11.610941625193849,22.79201413872538,44.819003982211534,32.55999264559843,83.88034668017544,18.61429457326967,37.91267170195242,10.910230910654652,109.95545001413635,91.37133166179116
2022-10-30,Laundry Detergent,2086777.0,10.528952803149226,10.700303054743895,26.64285865060994,56.46351478207222,25.83919933868461,84.84487331130036,49.001143720201966,46.71024572253815,10.65724256328603,110.06664134566341,91.2722133924328
2022-11-06,Laundry Detergent,1556804.0,11.297556925445146,11.639713200925714,20.81202205226428,46.233525562047134,20.099720555930347,82.42576197217714,0.0,21.176592564298478,10.329544704152655,110.65347626366956,91.18535927597412
2022-11-13,Laundry Detergent,1992988.0,10.580088938238418,11.054996519460543,28.75796447588734,48.71383153026926,21.18425801980403,83.19790886123683,0.0,30.988428320899605,9.105107810974728,110.73909500593734,90.16610219773645
2022-11-20,Laundry Detergent,2049833.0,10.528246455461396,10.1616839528875,29.404866704702588,53.037827017051754,20.020289385253776,84.71528751107019,0.0,22.49371542272336,8.25641641124401,110.89399569958235,89.29038780505613
2022-11-27,Laundry Detergent,2967371.0,9.912286610810389,11.051977026664147,27.908129286699616,71.87986383548996,30.20014093358424,83.62197508651242,0.0,26.266460711926737,9.319231467984206,111.25639981778643,89.20886367399322
2022-12-04,Laundry Detergent,3046935.0,10.50172211006713,11.407921840840714,30.134503942302818,53.67553541690797,48.94933120354704,82.98092715733065,25.63918155487538,43.96390625926929,5.418266837933507,111.37415083348796,88.46415234623926
2022-12-11,Laundry Detergent,3850718.0,9.785626682261466,10.956573215255911,35.92379314913529,64.81519147512826,59.21503572016556,83.37548588637615,45.16031870182106,42.90779454646913,6.853451719888746,111.55149281303163,88.42638037550667
2022-12-18,Laundry Detergent,1794228.0,11.064706582235816,11.385607964182288,26.611270128329352,45.900207043946146,22.532931723404303,83.24104265652953,65.92987848616369,61.681822380637634,4.763257274824404,111.85688459030887,89.13570252805036
2022-12-25,Laundry Detergent,2040985.0,10.432352018532843,11.21996455273567,23.986597557862336,64.93588459654453,25.355822504905177,82.24972817447721,0.0,48.459490646633945,5.0000363153127365,112.15946302742384,90.23986490595092
2023-01-01,Laundry Detergent,1611872.0,11.377636682327124,11.899217233963135,25.148338241624582,38.65654550148074,23.097966256927126,83.15840733057567,0.0,20.470808301142906,3.0681740697740087,112.2435686323915,88.13866236918132
2023-01-08,Laundry Detergent,1818017.0,11.491682111336369,11.425768261370491,25.55528156062509,32.8046670136102,47.692005477278336,83.20163021232159,31.22135845950713,48.9324228191388,3.0,112.36210519942091,87.01565766501353
2023-01-15,Laundry Detergent,1926657.0,11.19979310251889,11.552936471374139,23.70254817880243,52.214995846896294,22.221985007834437,84.88062678227563,0.0,0.0,3.638004732174514,113.0054582469118,89.23345450531697
2023-01-22,Laundry Detergent,1965940.0,11.16532685030702,11.551423059044922,23.205632287291245,49.509959051744794,26.051031786363676,83.24528646226217,0.0,35.86100950334901,3.0,112.9808198922694,87.84003612372364
2023-01-29,Laundry Detergent,2070018.0,11.161793026687668,11.560833138818381,27.066079844546586,48.17970775759482,23.615895955006867,82.4234394610403,96.37125601804583,25.216463665069075,3.627465304941028,113.45777785169673,86.56175277563713
2023-02-05,Laundry Detergent,1596550.0,11.832193626831419,12.023627576201037,26.164052100621813,29.330639861258692,18.924751029794564,84.38602319951443,69.85219523460208,54.83901499868261,5.113548300981992,113.7216265596168,87.88599347706017
2023-02-12,Laundry Detergent,1780653.0,11.506298329773683,11.990586602695725,19.62000512274442,49.084243520080236,20.158628589375787,83.54766495834947,0.0,61.814412595372765,6.187647791974121,113.68901509431643,85.84859469082595
2023-02-19,Laundry Detergent,3076870.0,10.182345311422894,11.27220447246016,28.670032136941813,69.68702685184022,23.880020055625998,83.77518901502145,65.67362682896112,20.5768358684133,6.249101315277736,114.12094214972387,85.25838528327597
2023-02-26,Laundry Detergent,2262631.0,11.013015723809254,10.843106206011797,24.967044831700083,60.07233856534099,24.52108984521615,84.46570836138943,0.0,26.025878092398376,6.2078706095481495,114.27517986834373,83.75881920192252
2023-03-05,Laundry Detergent,2582568.0,10.752025984430526,11.5682323901204,33.49058033974444,49.58991419468746,20.95131505464837,84.94513672639927,0.0,30.61607031707889,7.485411310535873,114.63840880652226,85.06945575380487
2023-03-12,Laundry Detergent,1975288.0,11.838150524625355,12.20888496618277,23.291336026032244,35.55229073391289,38.19971703350411,83.99225044062779,0.0,41.32104615622249,10.422843199069561,115.08533793348006,83.51403454001704
2023-03-19,Laundry Detergent,2158197.0,11.254031550899162,11.174465390241561,27.70398111129128,48.37133538181576,24.24018991803192,84.16276228303659,0.0,0.0,7.080338618516496,115.15958776037938,83.45844418853018
2023-03-26,Laundry Detergent,3024595.0,10.519357403663054,10.799237905797126,34.70927790668501,48.09242461115551,37.14342022452363,85.06061780725629,0.0,36.581537400041746,9.46800785729281,115.39505982727903,84.08036848340014
2023-04-02,Laundry Detergent,2241858.0,11.056146562406688,11.748161784871277,30.868020469841607,46.801435218402496,24.26352465324272,82.95567137563819,51.976035197515046,45.03122485008344,11.181657985361035,115.8306517129208,83.37742771790062
2023-04-09,Laundry Detergent,2172623.0,11.200208560064098,11.57672983159765,27.34385766577318,45.36839178486349,29.883700432137925,85.55814397500144,0.0,15.311152122934487,11.69708054698663,115.7876614874001,83.44242890630522
2023-04-16,Laundry Detergent,1640029.0,11.806806175757943,11.704329001236824,25.18813463976765,34.82748390896669,27.360741311109585,83.50489191797195,0.0,38.92832653255985,14.19621943071346,116.03923779140571,82.75881673209972
2023-04-23,Laundry Detergent,1724927.0,11.449910937568186,11.357664601556966,25.383497259184047,42.524243701357925,24.597905029738044,83.97221017470021,0.0,48.78585351222603,13.729501124331874,116.49809801474908,81.9332986275708
2023-04-30,Laundry Detergent,1863953.0,11.470261266328377,10.983695412681408,22.11149138355254,54.10916398190878,25.714302515111946,86.48492808961142,72.28872684334863,24.716375616038597,15.43603621393239,116.56842322986692,80.95241467620797
2023-05-07,Laundry Detergent,1930498.0,11.293937983529633,11.537174841849026,30.195769553217314,43.18924167528558,22.058579615795278,84.59778746106944,0.0,45.53631639213489,18.29502795119269,116.89597694975474,82.57072462755885
2023-05-14,Laundry Detergent,1768436.0,11.775702364096878,11.693610812909911,26.027863400099776,42.157795902300734,25.402353334769554,83.72450594860099,72.6611166368619,32.49530332096693,18.587343202562987,117.17055007182273,80.82359934524038
2023-05-21,Laundry Detergent,2295161.0,11.347294647881267,11.87544766233701,30.86315546855866,44.90494649593417,25.61968558459078,84.42357897219563,58.07233741532518,24.762002914040714,20.26110205543384,117.44136123410591,80.44392893238036
2023-05-28,Laundry Detergent,2956478.0,10.398353999055638,11.167073333407473,29.977913306524965,64.13244131528047,37.54404593714553,84.57906444604511,81.7432527075233,16.531455549750387,20.189420769205597,117.55511288579301,80.97281552479922
2023-06-04,Laundry Detergent,2049994.0,11.063062556790385,11.734422240119498,30.435427683644154,52.51703973880262,17.13688378913528,86.66765454400364,39.08567827444994,27.154771379210253,22.661002169371404,117.8054243265904,80.81143526786012
2023-06-11,Laundry Detergent,1671179.0,11.449366791670851,11.871799152525107,21.503829052719965,54.776128041338865,18.530099125031015,82.30593074709141,90.95736939597793,29.65003048842305,20.43886378553205,118.20768800424464,80.51653648085825
2023-06-18,Laundry Detergent,2598702.0,10.229683342139694,11.733868054061865,30.480056675622546,70.9483997093963,25.15466066501049,85.79333659023624,0.0,34.270708472148435,21.828820213094176,118.48245528951395,80.12671549282351
2023-06-25,Laundry Detergent,2411141.0,11.107234192656934,11.886194737935545,34.61715716197765,46.80498813622722,28.05428552145701,86.32346310519839,0.0,37.883525737932885,24.433334169619947,118.65170624169468,81.33228891950354
2023-07-02,Laundry Detergent,2554315.0,10.871291568136416,11.570831826702848,24.88228635555282,64.95555820743377,58.63076158115608,87.0207234008719,0.0,45.602405525663535,23.988049426280035,118.76695797413218,80.11037944753257
2023-07-09,Laundry Detergent,1959694.0,10.678496960182748,11.160169227329808,24.611434105012044,77.27241533648863,21.276163066427753,85.25524452603966,0.0,0.0,23.32013406968531,118.87001498637167,81.59234220215897
2023-07-16,Laundry Detergent,2196403.0,10.77372481095628,11.357055873311953,26.324531213177472,67.63692663757453,33.35711564824675,85.53233785341978,66.45765264556412,0.0,24.183890887028248,118.852590892221,81.16496403969586
2023-07-23,Laundry Detergent,1858578.0,11.695783037247834,11.498275058346115,28.346560957108323,44.0153203835908,34.27947755818931,84.4739516543629,0.0,28.22626924066765,23.488337410510248,119.00775308829685,80.56987251243564
2023-07-30,Laundry Detergent,1701989.0,11.32829103415373,11.146547055663888,23.330295937388428,58.77409722459385,26.767624819553166,83.58350453966673,0.0,40.71553301035303,21.232067127841,119.27280006695456,80.02480655989163
2023-08-06,Laundry Detergent,2146035.0,10.92079519043858,11.819068525273957,22.426538162337334,79.14323814030845,29.40440147186893,86.19894222099389,0.0,34.818259009459375,21.938955975221692,119.17296291223609,81.19231479198794
2023-08-13,Laundry Detergent,2001555.0,11.202664965309335,11.544940411628374,29.2979125774898,55.851399499219966,27.00004477512488,85.55670252265719,0.0,14.273167753930892,21.697624631206853,119.33281868925044,81.46808597231951
2023-08-20,Laundry Detergent,1791820.0,11.795861831030074,12.117789129349921,25.07776577298977,44.31867463365425,30.31488327386819,85.61829799847375,78.67190131767133,46.85815797819759,23.200054649484837,119.59757865239736,80.44173608427003
2023-08-27,Laundry Detergent,1433780.0,11.973332082789453,12.439230701364586,22.916186141119784,43.38806335573707,23.02056834304462,85.00179602228222,0.0,31.41128401642878,22.40096314188521,119.67056200598739,82.03697865495275
2023-09-03,Laundry Detergent,1661716.0,12.134304434433124,12.320168276637034,21.03825790720766,40.25683021430782,43.091809149796404,85.70688569622442,49.981404339325266,21.76261755787602,21.766996630453022,120.00632042933103,81.41811326706994
2023-09-10,Laundry Detergent,1882137.0,12.018838355163453,12.005022566039896,29.87353225350722,38.40540442169432,28.039344949445898,85.52835643925471,42.47104207985323,69.82401643801185,20.681782453968417,120.18196520273689,83.35033218604883
2023-09-17,Laundry Detergent,2037515.0,10.931687188189757,11.619912679894373,29.533461098643972,62.830030440770095,12.778830347912574,84.4720709945014,158.33624107843997,22.871138327795368,17.861984809120294,120.12685815028836,81.37145143422492
2023-09-24,Laundry Detergent,1353947.0,12.223809626391409,11.486859460230688,19.039763155213926,35.09717891591861,32.09228377026769,87.45873799732733,0.0,24.231516394447155,16.9288689829114,120.2027384754898,82.65448831807383
2023-10-01,Laundry Detergent,1792079.0,11.673532026679181,11.651845954614213,23.10308968316742,56.54614507061702,23.794908652067814,86.86076608280604,0.0,13.839347892278415,16.35401814795208,120.13525871783602,83.40240936850219
2023-10-08,Laundry Detergent,1481070.0,12.05167128205409,12.126985604910889,23.946967612311155,35.71315906080204,26.679920688418257,86.99515041734364,51.55165179658396,20.47857596482156,15.214946890585782,120.1964901192066,83.55671784431773
2023-10-15,Laundry Detergent,1830859.0,11.60105543161149,12.22265822961136,37.491844026907245,32.30752605583553,17.35097919688059,86.34124449521366,75.45886789382254,0.0,16.153524290801897,120.4904426403884,82.3970637286763
2023-10-22,Laundry Detergent,1616242.0,11.962922610383263,11.616182242034604,28.649410276049316,37.98220863987263,20.11789967487073,88.40013395585422,0.0,26.555188986233745,14.85167086321712,120.66129110026814,83.83074829927585
2023-10-29,Laundry Detergent,1958834.0,11.568188623963636,11.44562700500685,24.138169712377096,54.93693952024155,34.6554774094656,88.36637208064585,0.0,15.057707628903922,12.310678589845459,120.74506177960909,84.47593370864314
2023-11-05,Laundry Detergent,1906189.0,11.762062978133477,11.84846714173384,20.031276940895747,58.15248609823227,38.10084760989128,89.4809324421991,0.0,42.76906990431787,10.352567542823484,120.91534886887615,85.9091980743163
2023-11-12,Laundry Detergent,1565020.0,12.380486511504515,12.141400448959274,24.468001212135103,40.2196335144193,27.241202132930223,88.0730319259917,0.0,36.19622110440065,8.531475050774244,121.03602128888883,84.99625849093209
2023-11-19,Laundry Detergent,1726356.0,11.769504249175888,12.589030810380258,27.26973962714027,40.56085833894439,26.445913685403145,85.35955476446894,0.0,39.05703415786239,10.291873917742569,120.90597928914818,85.26356073272406
2023-11-26,Laundry Detergent,2780881.0,10.813409016687277,11.05736610185466,27.461119108081455,65.80591856434063,39.327742896453024,88.12462170319249,50.388867531633124,37.95809651286454,7.862900996466086,120.97991736643458,86.54559455185677
2023-12-03,Laundry Detergent,3372071.0,10.270780575097229,11.06258031049296,31.74679831513282,76.03755959815042,34.616770574491646,87.5386972445169,0.0,44.463089507062506,7.835519470779903,121.32928527249656,85.89360982614991
2023-12-10,Laundry Detergent,2163528.0,11.232215314627988,11.68301704816933,27.73092718775487,57.23456875667067,27.25301518200903,86.3509395343334,0.0,49.64045950232666,4.829770497467159,121.16471615643681,87.2195082844071
2023-12-17,Laundry Detergent,2248859.0,11.325137185823207,11.867218762578153,30.900405030781865,50.00890773687424,25.827274502046905,88.37825236192123,0.0,64.30830800293738,5.653950762722352,121.43272709092815,86.44887049099735
2023-12-24,Laundry Detergent,1908015.0,11.94327225277163,11.900973011860692,30.97317300767324,42.3694578767566,25.473470962388287,87.20596488212307,0.0,37.99031536488501,5.676836057330993,121.476511380826,88.46585908039776
2023-12-31,Laundry Detergent,2068351.0,12.025476010166114,12.847832099109052,31.038621734664567,37.1240132911093,40.126273903929516,87.36710019590623,129.15672532491928,17.026135965506757,4.219753868820218,121.71197182956448,87.9319187380164
2024-01-07,Laundry Detergent,1388102.0,12.079822109341189,12.281184283501766,24.903901194503486,36.07863999382127,15.829098750046779,89.29306676024369,0.0,26.596826869121372,3.307700414456305,121.67073597035863,87.33127593447433
2024-01-14,Laundry Detergent,2218835.0,11.643467422734911,12.005122877393642,33.06691751429823,39.59964277057255,29.082515375080344,88.87774806534863,39.663092841329835,34.386384130097795,3.332120091293826,122.1350784919235,89.78275644677238
2024-01-21,Laundry Detergent,1671655.0,11.92615386469367,12.037587464655093,27.434485745285752,41.718122518090794,23.43980106397225,87.97384609699908,0.0,18.376026969888912,4.758976454585221,122.09377270265706,90.14685653589522
2024-01-28,Laundry Detergent,1389433.0,12.386187216835891,13.347097110892497,20.080807645477346,38.32396000850136,24.661390251504827,89.24009672397543,0.0,73.74343444257458,6.083046613071854,122.3535621247256,89.83380523869856
2024-02-04,Laundry Detergent,1583228.0,11.967147670085721,12.150531527664791,23.724987415241436,53.941442903990065,15.497884925840054,86.61776075710448,0.0,47.16500465457899,5.009577459216099,122.36878016148776,92.41964193304611
2024-02-11,Laundry Detergent,1604276.0,12.022323698498344,12.377153844349824,26.189875474764584,38.59309818496946,17.93733325344333,89.19809634155389,0.0,25.134720117602335,4.581781570347554,122.3550342107482,90.25786690132654
2024-02-18,Laundry Detergent,2263914.0,11.74845367346471,11.868937721878721,26.95011462676923,47.633628075483976,34.13339832744125,89.37754494262377,0.0,25.33694379589203,6.86057495143317,122.37357205468378,92.28628793510853
2024-02-25,Laundry Detergent,2367923.0,11.258494586140433,12.072598232539145,28.27957380096266,59.32864307054702,26.128900960481538,90.35269347252087,0.0,37.91631268081251,5.095358371202252,122.61972888033344,93.60114224391505
2024-03-03,Laundry Detergent,1325826.0,12.290329485512974,11.775740326216582,20.49835938570688,40.27593970171874,19.489824637340686,88.1348133733922,0.0,42.61288191878635,7.519082032014636,122.60227840753896,92.63034720971726
2024-03-10,Laundry Detergent,2608059.0,10.564995425589583,11.450215883583498,25.37788068174083,85.0,25.2482676377862,88.70739795828493,0.0,16.72338862920648,8.160192840209376,122.84085719917626,92.51290250608803
2024-03-17,Laundry Detergent,1847632.0,12.067615731896446,12.346828001493888,25.896365398628497,45.63952195578698,31.154629552971365,88.33298709458556,0.0,34.399528777458684,9.82063498238303,122.72611076692537,93.59378995577292
2024-03-24,Laundry Detergent,1741947.0,12.01340147181617,11.95350002699418,32.192914017076305,34.66851341287826,23.433681717685634,89.72340736516105,0.0,36.985613189318016,9.377090484507072,122.99170751605573,93.55866064161698
2024-03-31,Laundry Detergent,2235430.0,11.259111879281289,11.897361960946366,31.302687572348223,60.68728899630952,23.71058853540304,88.53342752793897,0.0,24.420040875242407,13.419656677831362,122.9365114904099,94.50439653851932
2024-04-07,Laundry Detergent,1418197.0,12.401245550418087,12.801681152051215,20.14809890667712,47.0561637885217,22.51039427016611,87.29092232953414,0.0,35.38673840241409,12.72156315269494,123.2549657560768,96.73613567181104
2024-04-14,Laundry Detergent,2644198.0,10.98331094892249,11.955673462846654,29.020902685570373,69.7364339737631,35.19340156428427,86.95101136633379,0.0,32.68938458527083,13.77645361359137,123.40436880281744,94.04926986155715
2024-04-21,Laundry Detergent,1419968.0,12.280060903996764,12.488694142999563,20.31537923084828,43.110486349732355,30.438573335932094,88.11849932394782,0.0,34.015835643444795,17.111647048668868,123.37670081268017,95.29214618858684
2024-04-28,Laundry Detergent,1683344.0,11.843776884080862,12.205664491103846,21.540416401808905,57.70285093660569,18.66948086084925,90.0614006199962,53.669575288571494,32.87715074990986,16.516168944312845,123.3218562824755,95.76010923972896
2024-05-05,Laundry Detergent,1620210.0,12.272464004019195,11.987398804038747,18.922991148039152,51.39348373715447,25.80579034160181,89.8298482863636,0.0,23.39806890249008,18.310955581178668,123.6919543845386,96.89738075854284
2024-05-12,Laundry Detergent,1857400.0,11.872619372589435,12.079037507417539,26.52091596670461,46.503842395690484,19.14140888812185,91.11273734720203,76.54536544278385,24.79155409058692,19.42603292834756,123.2484818737358,96.85295452542081
2024-05-19,Laundry Detergent,2301802.0,11.775880627464847,12.316936075730506,22.402942920463182,57.867405309977634,37.45257362432225,89.4307857143598,0.0,41.81745647135168,17.88353372268214,123.80408303176728,96.14681754846082
2024-05-26,Laundry Detergent,1958292.0,12.028532025147852,12.533664567885499,34.90554664452741,33.348557146455114,23.432014863241005,90.11948994646501,0.0,27.890791096894542,18.327597520483177,123.84518544586241,97.13993264887729
2024-06-02,Laundry Detergent,1463492.0,11.674106937019541,11.935929065921217,23.094599438259696,58.81512171977369,11.127619145019652,90.10265241691924,0.0,37.48766506598631,21.338936173713225,124.18059415403978,96.32842582137256
2024-06-09,Laundry Detergent,1936323.0,11.918383869663437,12.335946147582048,30.490823541073446,42.53758274241093,26.023099380620337,90.65433723916517,0.0,67.35335089213123,23.01142860569013,124.38074650679314,99.37073201268541
2024-06-16,Laundry Detergent,2285662.0,11.273737627784607,11.544442384987848,30.276121703824444,61.937028483364855,22.82560182185644,91.93460525613709,62.98148204482926,23.89718740534861,22.860692947824973,124.252816218326,98.01224786271693
2024-06-23,Laundry Detergent,2442025.0,11.144161238015506,11.818096120445782,28.40758300476914,64.43270285975218,32.0156742128719,90.94035225530384,54.12503998236467,64.26733476282345,25.85112185301724,124.21703228857311,98.81316920422312
2024-06-30,Laundry Detergent,2182490.0,11.55315965175897,11.740904602158492,33.56525533292061,50.21297251904222,24.37550195978098,90.36725928329632,60.810521245322896,23.03278834886239,24.671260281718553,124.71727218654783,99.28242861244375
2024-07-07,Laundry Detergent,1750198.0,11.9796175410112,11.972357752315823,30.082432837161868,42.651338583793525,24.458365544073917,88.31237706441742,0.0,22.66663292439423,23.974310915331678,124.67500829010802,98.93386851932209
2024-07-14,Laundry Detergent,2126068.0,11.976498852619384,12.101816334550708,26.787171323131137,45.352373984287524,49.178867975202,87.29160088062467,0.0,30.38104989036759,23.381580201398766,124.7997255563764,100.46411349766426
2024-07-21,Laundry Detergent,2260720.0,11.833347939680367,11.894887857514606,27.59152984449111,53.99397603372633,33.57809415643006,90.3730361833171,0.0,26.049300145121595,25.59630492011361,124.40551121343707,99.29851043538383
2024-07-28,Laundry Detergent,2067972.0,11.867687831719488,12.037590580553703,21.714255967153562,62.00012570398891,32.804223182371345,89.30842559332574,35.88827478751488,31.71206429499413,23.839277545530695,124.68799974713951,99.94817271372567
2024-08-04,Laundry Detergent,1906040.0,12.18432264317588,12.611295338520438,24.97844355419973,52.417848956496485,19.768568870181102,91.13354978552834,39.42874218846951,34.52215115937877,23.967654370416433,125.21565114699624,99.6082360351417
2024-08-11,Laundry Detergent,1977780.0,12.056707877349695,12.064760427440705,29.74337308300289,39.66976374167188,26.497033880441553,91.06713593375515,0.0,24.290948529067002,23.57152762098473,124.87476364381907,98.94561890632022
2024-08-18,Laundry Detergent,1901129.0,11.872899784119273,11.895248457994832,20.422259120660588,65.85805553324722,26.767174190049346,89.65564115608503,51.972291813938995,27.621962061834957,25.675350020457063,124.83957874444262,101.6831271954301
2024-08-25,Laundry Detergent,2171987.0,12.189081819191532,12.692907393392604,23.46403294604478,49.30944697766473,49.07886233500228,90.17530998984797,46.94050135737538,38.808036859676875,19.90969349893652,125.00044855805918,98.69022198684559
2024-09-01,Laundry Detergent,1290927.0,12.553543461276437,13.118347123521668,26.844820338216923,34.42625401448756,12.442386446657688,90.57366468785334,0.0,49.2518383296532,22.553310496146974,125.03426040261648,99.87348349315181
2024-09-08,Laundry Detergent,1589781.0,11.919101467025158,12.149013185378758,21.930285984500387,60.9990467917257,17.564447075996178,89.0795815299572,0.0,43.802333316570156,20.3672106970004,125.0254490589321,100.84215198213798
2024-09-15,Laundry Detergent,1878320.0,11.62262414121597,11.51576878857944,36.28444091276388,44.56857080770128,18.759412925259824,89.78329840977392,34.99730063704937,17.81345499771693,19.09168798779311,124.91313918370187,100.2439585843997
2024-09-22,Laundry Detergent,1558747.0,12.443943641165133,12.569359577046596,28.357954315343218,37.70888738977,23.342594909223358,89.47228412593712,0.0,34.04885477922265,17.262567065597633,124.77298888169217,98.82862656078296
2024-09-29,Laundry Detergent,1620562.0,12.47847079672489,12.626103711770094,23.645308709426814,37.90905564947963,26.308070362318546,91.27654423468574,132.94933603204237,21.909492491245313,15.314073935004576,125.30107616851176,103.37732331010878
2024-10-06,Laundry Detergent,1975916.0,11.378580659658837,12.411484633147218,24.742004669296392,70.95000102864365,18.165698993602213,91.19179302280033,0.0,32.83534389030118,15.739631958550593,125.22955331723338,100.44612384256686
2024-10-13,Laundry Detergent,1764959.0,11.907981143528138,12.644656004670875,21.35449235852887,65.11256396566324,21.01303768057076,89.27673676431849,0.0,24.06528222190686,15.707787397215624,125.4704069450651,101.03073685019224
2024-10-20,Laundry Detergent,1768179.0,12.12875466895144,12.252083328188279,23.965654820633134,48.10918670184776,24.999790346766133,89.58408584167297,0.0,25.48832853405919,14.014065804550107,125.31683307162918,100.64979997468821
2024-10-27,Laundry Detergent,1962887.0,11.848735253937857,12.482528020456591,25.77600272761562,48.07757708604244,26.370333706828802,90.39926691334236,0.0,48.64355959995393,12.439840113976306,125.42998651944734,102.76080956905157
2024-11-03,Laundry Detergent,1802088.0,12.471399153847647,12.615796228383026,19.62233914125366,50.13202711608069,37.18282204309051,92.14446137743309,0.0,25.766496360190857,11.739968287874497,125.68816202549772,100.09672501379707
2024-11-10,Laundry Detergent,3170199.0,10.698817549664609,11.686751362101536,45.0,48.79561311432697,29.009080569790342,91.69689537248598,0.0,14.946588245198095,8.769663364815298,125.73045176655518,100.23447370854856
2024-11-17,Laundry Detergent,2392672.0,11.460697951767767,13.015479387617404,33.384739896646316,52.24578088626819,27.2312215056258,89.73685778087284,0.0,41.250411507737105,8.619773247868473,125.88552725727814,100.48320131340377
2024-11-24,Laundry Detergent,2324692.0,10.971839956227823,10.8767245542253,35.725911967898966,61.48227517032178,20.466601448278965,90.1153037449608,0.0,21.80538289275995,6.833927774931429,125.80193896674399,102.17661673439387
2024-12-01,Laundry Detergent,2402690.0,11.160395123772773,11.47803160570654,31.624110599626082,61.95022954606498,29.21528613068668,90.93433447121465,0.0,42.58253418747677,6.600280998823011,126.0960944146809,102.82565603030648
2024-12-08,Laundry Detergent,2755426.0,11.077525986844055,11.79194846981728,37.70686997008971,55.328625347591014,28.38411661369057,89.23775110203722,0.0,28.473531237815056,5.100696737018158,125.92190968753545,101.70077413900633
2024-12-15,Laundry Detergent,2240061.0,11.572960411881747,12.74685402806482,24.10904577818766,69.80158926850471,24.712700074898898,90.54577356980782,36.01435578909514,47.11989423237017,7.241398109312552,125.91277998578641,101.16600441969159
2024-12-22,Laundry Detergent,2097059.0,11.945917976293048,12.982993308040658,30.062646378414215,41.48473528728321,33.848144329366356,93.25133391320503,0.0,34.39149795668031,6.24730412785824,126.09147367863399,101.39277536997956
2024-12-29,Laundry Detergent,1663591.0,12.43610638019523,12.459047993706452,21.767977813782288,38.886251295040715,27.088222646506487,92.22707814512314,87.43018580536277,34.56507277644829,4.024942055887585,125.60663822172664,102.130926479679
2025-01-05,Laundry Detergent,2159070.0,12.074735849102282,12.398604320153275,34.587730951464536,36.757428117876664,25.531979260003766,90.52779895617502,0.0,35.9374940855297,4.402358702893787,126.10586275463668,102.33179400676427
2025-01-12,Laundry Detergent,1363357.0,13.1918545834537,13.359701808139624,19.39065200276383,28.293160837326194,29.555623955820405,91.82024130393603,0.0,33.03923532440955,4.386208385387767,126.44541812466446,102.88523903355544
2025-01-19,Laundry Detergent,1628893.0,12.880440296484057,12.230517698481158,17.167465594559587,48.751431235673294,31.688933729166422,92.48391580052507,59.57924453389432,57.83327818792595,4.159630008220258,126.50283062134125,102.74217992622991
2025-01-26,Laundry Detergent,2160437.0,12.038044279795395,12.523723015977536,23.9863187129854,63.25376073571059,23.52643999834829,93.48168092911988,0.0,44.097764870568945,3.2117928883357436,126.47663005774609,100.71507101083363
2025-02-02,Laundry Detergent,1277567.0,13.143872421660078,12.685262437694156,22.63331539706651,29.811922536488403,20.247647649682943,92.12024656102506,0.0,28.56981570214722,3.860357217320669,126.38397214384166,101.37141410970028
2025-02-09,Laundry Detergent,1810075.0,12.465450478885806,12.985033300390608,22.465890341690187,44.733734465454106,33.72716040166177,91.39497957658722,0.0,10.846744617791511,4.744759362036409,126.51188572789613,102.33145882666393
2025-02-16,Laundry Detergent,1853239.0,11.90546368312624,12.443576049326605,29.818559821764005,43.069177648081094,17.57001404719123,91.27250681877044,0.0,42.5101160405809,5.8940240715905245,126.52634541225122,102.5579714781827
2025-02-23,Laundry Detergent,1571191.0,12.89961504823405,13.093850128215134,22.745044117667607,35.44679388615636,26.554693653669013,93.9048582597923,0.0,30.33739730048181,7.077893166796361,126.5484174212117,101.85369131818761
2025-03-02,Laundry Detergent,2005300.0,12.185676022832498,11.883448152510285,30.263751077379826,38.45799249376322,29.525712670305264,92.25328593657349,44.56000574276121,34.168096481626804,6.226254822694095,126.69289576378307,104.24911499754762
2025-03-09,Laundry Detergent,1682675.0,12.394487947438302,11.667431877510886,26.71297486058183,38.06807160001838,21.679662186852486,92.47884600186968,0.0,15.759744542831784,8.512295791643762,126.72538126278982,102.07534002417363
2025-03-16,Laundry Detergent,1905057.0,12.132809892573873,12.985714353258572,19.050262919112928,54.98758103432454,31.19591560155114,92.8110131388245,43.740432466946984,14.818208163382653,9.813120002521627,126.75226651830249,103.06209172046772
2025-03-23,Laundry Detergent,1981560.0,12.315804849325291,12.795687763806454,19.30063013495377,54.43666114307844,32.61194562985726,93.32283512268664,69.43081753745032,29.02535071044479,10.098568534443995,126.98656158019534,105.21542463590205
2025-03-30,Laundry Detergent,3129539.0,11.134644693538045,11.664165246232038,29.216078289707315,68.20951800039214,39.68456631664371,93.6744204718255,0.0,51.39470939939986,11.659800194267836,126.7308739688357,102.05706958823797
2025-04-06,Laundry Detergent,2206722.0,12.356796017399153,11.809257720517536,22.431730369867854,46.27073931615598,56.368285923300746,92.3006584869504,79.9844220949754,59.250138328182295,13.52064625678952,127.06797429509147,103.24238888318655
2025-04-13,Laundry Detergent,2433375.0,11.619575573791312,12.299371942830966,30.608991000313477,56.87213872923271,22.873306288009495,91.78086724444132,0.0,40.45025463034396,13.486446580743447,127.32788782432397,103.49506810016656
2025-04-20,Laundry Detergent,2632594.0,11.521827448024851,12.172770891661427,26.084594995577483,65.85450126797838,26.76649760260133,91.74571692937924,80.88470193849128,23.390852357832188,16.125826771211276,127.0657659449437,103.48428033585492
2025-04-27,Laundry Detergent,2177894.0,11.991898017242791,12.400520360675642,27.942654948871358,49.19454858191297,24.3236927618823,92.52839066639544,0.0,21.992848329398175,17.207656223822934,127.33577839116457,102.01037345740909
2025-05-04,Laundry Detergent,1945982.0,12.660813795491373,13.28306805674401,25.348756636690577,32.6102216034252,41.663678919710726,90.65818348753226,0.0,44.80586938144269,18.128403507721234,127.18615912023805,101.98349570933853
2025-05-11,Laundry Detergent,2462434.0,11.525941727553452,12.090431109664003,28.775574571146464,57.7752964489635,26.575140768375537,92.95756563539499,0.0,27.681994525643596,17.096420256744324,127.15296325050643,103.05010527612684
2025-05-18,Laundry Detergent,1801105.0,12.648945134747576,11.775205841740117,23.916340137852966,38.00831385713903,39.690315180532785,92.0189976411491,0.0,25.680398301342557,19.33628030477069,127.73527538853854,103.92143009857996
2025-05-25,Laundry Detergent,2336005.0,11.708650146494598,11.9318425330779,26.485125113628055,63.20236094406067,30.63245960560718,91.73462863364846,0.0,27.718953999120085,19.23257939489835,127.40259087728394,104.14978360857857
2025-06-01,Laundry Detergent,2058947.0,11.794086876664386,11.884946488338649,22.515770697350828,66.67931821385766,32.364568441101845,89.80118789266496,0.0,32.10730884172533,21.08513994254824,127.33131399285244,103.54724366444997
2025-06-08,Laundry Detergent,1943782.0,12.058004548196182,12.120132380136887,23.341911985874315,60.44233441311293,24.670232965318437,93.52801871717557,0.0,39.69232208890947,23.37175170344084,127.76296998710579,102.07130893328834
2025-06-15,Laundry Detergent,1695253.0,12.097119917592485,11.907166093638102,28.30958506844317,47.880738583218395,23.310910894841488,93.56746857077005,0.0,10.964456564757418,22.293762242623462,127.5479267914309,104.69704709080825
2025-06-22,Laundry Detergent,1775721.0,12.501419195304914,12.69204080283548,24.233531750260212,41.48671882577419,39.97203691568987,93.17416216943042,0.0,28.406179765708753,23.28041017702861,127.65473626943367,103.1634093168841
2025-06-29,Laundry Detergent,2272147.0,11.654793952636508,12.349747538548655,31.21603576289491,55.236223969359806,29.168884920757918,92.51643289457759,0.0,40.26315496234356,25.127191743781804,128.18587449476658,103.98262786102349
2025-07-06,Laundry Detergent,1974248.0,11.925749404794693,13.016741603009155,34.83569442764842,45.39312614224023,20.73066995572848,93.75205047871766,0.0,43.615904928104825,23.70607205090636,127.65875273552358,103.40645855545263
2025-07-13,Laundry Detergent,1848794.0,12.53276046610268,12.28913662106244,30.408649367496107,43.46139578839016,27.320451530390493,93.61218499522063,0.0,58.048350260293184,25.546596761969518,127.5690369806822,103.16517715547404
2025-07-20,Laundry Detergent,2088312.0,11.184215951516176,11.895750213380921,25.222242551927465,79.95769495837025,13.616497443981487,93.31199848125888,49.17638651121023,17.55228051832695,26.31867061720426,127.91711338870878,102.54289703495466
2025-07-27,Laundry Detergent,1966551.0,12.285035332891475,13.348557454090098,24.670899658643908,47.21645704976993,31.483133440911256,91.48065454811983,0.0,23.065934906193156,23.094338546219358,127.79461830724762,102.57820476663044
2025-08-03,Laundry Detergent,2471705.0,11.793620485942046,11.967047430738516,31.758710601490822,48.86287036006529,34.12194433503677,93.50679453415552,0.0,51.63520640242276,23.49161006290846,128.21373431844802,102.99146516631228
2025-08-10,Laundry Detergent,2286396.0,12.227841825732773,12.653246596162466,25.862357342099397,49.909751148714065,43.95497346794266,91.18746711233565,0.0,38.83769127764213,22.717333836999295,128.09162925433975,102.59880248730744
2025-08-17,Laundry Detergent,2067629.0,12.034390648323397,12.510454475585854,23.596046936497583,64.01948621056779,28.243013366794614,91.217027945712,56.336564837088204,27.83521466832987,20.187498978846623,128.20506299505965,105.04483091280854
2025-08-24,Laundry Detergent,1429838.0,12.37752671635027,12.234196044557732,21.85368336339753,51.624321543322985,13.849915131946004,92.19453968397765,0.0,30.67149701884402,22.54065706714638,128.3999885759552,103.08885887488724
2025-08-31,Laundry Detergent,1302514.0,13.16080789264768,12.367751610219266,24.52431369041181,28.538214690269434,13.909335515034973,92.60561629165272,0.0,42.46201699722816,18.447261319647804,127.9486692311569,103.01129050403541
2025-09-07,Laundry Detergent,1776450.0,11.958674317766288,12.526138312184312,27.71883300041757,52.486160782730934,11.771980604572242,92.51395988068921,0.0,34.72960773865275,19.579603302836823,128.392887389188,103.89953609800703
2025-09-14,Laundry Detergent,1715072.0,12.449943540485805,12.495705013315929,25.720561111652817,42.45391169075174,21.26549299294135,91.6015197889264,34.50287890925181,35.998438973750844,18.40352448158232,128.19194382409458,102.59878390862443
2025-09-21,Laundry Detergent,1708605.0,12.71914042555214,13.290300313711263,24.705275257577767,40.90696183242498,23.378097575933253,92.75223129132398,69.79018300057086,18.12694543150868,18.652291462184074,128.4653749622177,104.2825862668427
2025-09-28,Laundry Detergent,1534133.0,12.6914822353991,12.82141145522223,25.4435517101035,34.84558806199029,21.962382009102136,94.44079249350852,0.0,15.23443491061023,17.097827052699255,128.64461654557144,103.71031449013316
2025-10-05,Laundry Detergent,1903708.0,12.225842646178599,12.375043100395654,25.25879288304842,46.91583776816635,34.372259991480796,93.5997977818186,45.226887921604224,48.60457526485758,17.520275275559566,128.56054893206775,104.25608725657834
2025-10-12,Laundry Detergent,1002453.0,13.28650008957864,13.588788419078114,19.007089798834002,30.984849040126697,12.70365128382032,94.25598164916862,0.0,32.747269345307394,14.332320323351427,128.88047022226516,103.77890636626879
2025-10-19,Laundry Detergent,1228785.0,13.220506626875904,13.340434296906862,18.69926442383907,39.7465483605751,18.026559404439073,92.83814289966787,0.0,33.56790568484234,12.384738830462885,128.6159220683538,105.16789313744664
2025-10-26,Laundry Detergent,1955888.0,12.348673695114138,12.493719241044802,24.03803946140981,51.52250990359496,27.15811823070935,92.24732336048098,56.320112256037774,46.31479276146035,10.570947760693366,128.68161380365908,103.77735089618399
2025-11-02,Laundry Detergent,2145400.0,12.366549931382485,11.973159322831611,23.791894712047675,49.750906164398714,36.391776115234244,92.75837822615829,79.08759213753349,21.875290735137163,9.215736612912123,129.0347163593748,105.14929960199339
2025-11-09,Laundry Detergent,1712620.0,12.770882023377016,13.584245775757843,24.26526202460747,38.39858418804926,19.75142142739525,92.98822261029187,23.69122567729799,31.248382384094437,7.801417212164743,129.01049955927408,105.76402730904576
2025-11-16,Laundry Detergent,2630100.0,11.370660290726502,12.558255970823534,33.009457491308964,58.86858310761209,24.73179211028749,93.23289029729679,0.0,41.391888537425885,9.221131398271844,129.1232772969349,105.4408671059182
2025-11-23,Laundry Detergent,3152446.0,11.088499318551136,11.819729483877694,33.73912447125153,63.39844482306969,41.95968071190302,93.37930700247058,0.0,39.21372937218517,8.925136355433931,129.02023624584155,103.69524636164745
2025-11-30,Laundry Detergent,3533045.0,10.210582709765864,11.30454416509554,35.86907334599364,75.78372211032729,33.25251507392785,94.0315270109898,0.0,24.496898972938975,6.063477492641609,129.16604014130084,105.9499095163308
2025-12-07,Laundry Detergent,2911682.0,11.209487897141884,11.850942970395762,35.70682083411608,62.258501814434936,39.5791935029187,92.0572267668945,0.0,22.771001403431885,5.426440431182378,129.54184967299773,104.1216360810559
2025-12-14,Laundry Detergent,2897620.0,10.60395869944948,11.825180691956126,32.921436372313956,73.54275968086844,21.464397383211036,94.03433701959088,0.0,35.41422340862263,7.410968258470049,129.12839907546055,105.08479803932663
2025-12-21,Laundry Detergent,2772729.0,11.280489613258963,12.101532272706027,33.198710519075135,61.66773306487809,30.87585619723311,94.98571772756753,100.05236936032948,20.9793265506944,4.1362040425894095,129.3285295133403,103.95173673668077
2025-12-28,Laundry Detergent,1430487.0,12.70278859512937,12.998486092669696,21.971204446047082,44.344039660976094,16.219790291458022,93.0221130262965,95.47985323801213,81.65235503853745,3.0,129.64181512844527,104.93614353375615
2026-01-04,Laundry Detergent,1887938.0,12.490275235935204,13.125234670061873,23.368009350159866,43.89025432105686,31.63732082006345,92.35488822865165,55.16372667150458,36.16224908100017,4.135582172692854,129.06948513225325,104.54014442201964
2026-01-11,Laundry Detergent,2602957.0,11.97063935679823,12.827009096241914,24.66100596130021,63.34987188723022,39.691581650399776,91.9894896095907,0.0,47.92088851521219,5.657470660447823,129.43227749828142,104.3532980875067
2026-01-18,Laundry Detergent,2197500.0,12.356183467473723,12.080198392317278,26.610242632338192,48.25849174913218,31.216378582472213,93.87265725705626,0.0,24.322895250663528,4.796691793720872,129.28776916685197,102.81473525295797
2026-01-25,Laundry Detergent,1150194.0,13.266658924543888,13.114893527549965,21.294326581524864,33.81614671622786,13.716136001581367,93.23808200235041,0.0,45.91575309766576,4.525171838462346,130.04497801852474,102.67187621730882
2026-02-01,Laundry Detergent,1795325.0,12.334617572829556,12.468754507965405,23.865171918041764,48.64847724526102,21.00414286648519,93.88464505469906,79.70463365915731,45.76750677722978,4.218349437716808,129.7388247352248,105.68251692999462
2026-02-08,Laundry Detergent,1628617.0,12.833040435977022,13.001211163670115,22.829842847766006,46.79095986547977,20.387335982919097,93.91085257482231,0.0,29.24633652444498,3.6597416231024553,129.8413862734617,106.25204736527742
2026-02-15,Laundry Detergent,1803694.0,13.052217566253825,12.913442054233121,30.559005601072773,30.124626642342236,27.020710066937205,93.4714245466141,139.83061297658273,35.926079946767715,6.6560029151275035,129.74446692612676,105.14220079397357
2026-02-22,Laundry Detergent,2295445.0,12.626012590727935,12.784263913342496,30.063054402736423,37.7751833436133,35.008293896904796,94.76265680942005,0.0,33.92068449435879,7.706110030560757,129.96396978640976,104.81988395744357
2026-03-01,Laundry Detergent,1775893.0,12.874777966226043,12.969607400432015,23.03100053760451,42.86559929783298,24.81072635254552,95.12792358495541,0.0,0.0,8.965928332853338,130.1363500876484,104.38453451410135
2026-03-08,Laundry Detergent,2055151.0,12.552979676067919,12.694610066976583,25.273700563869024,50.9676515633973,21.538629315241224,92.92398258929717,111.74215028726819,0.0,7.8558933186828765,130.0801507057338,102.92519654786699
2026-03-15,Laundry Detergent,1819261.0,12.873206116480782,13.323732569798716,23.199278909706116,36.48014787215489,28.913151510735922,94.13612113695976,126.56022992052667,36.36567708496615,9.210662473400884,130.0757843947205,104.4964066657824
2026-03-22,Laundry Detergent,2995181.0,11.343410878147289,11.51150735572495,35.11658360020436,55.745894583011285,28.850170145239527,94.48450791179322,136.84644845799494,24.273382101340406,9.068300699053546,130.06768049740947,103.14991967695468
2026-03-29,Laundry Detergent,2981331.0,11.525382811159705,12.835680823320468,29.29558287377793,61.097663219642676,30.187258539414653,94.00224705067212,55.26177522780186,33.478266781971904,10.97611963774951,130.2538192663462,104.23100909146498
2026-04-05,Laundry Detergent,2327043.0,12.142857009431227,12.55055677584207,27.56990168802176,49.38384273868975,23.826377405092842,92.10065906372475,0.0,57.71017915269242,13.566166510467163,130.49329411040628,107.04826847111262
2026-04-12,Laundry Detergent,2220392.0,12.575467460120649,12.522548179380777,29.466276498477793,40.70449393186535,26.655042760667673,92.60811502231509,0.0,37.9350577394209,11.49493653539616,130.71941209128812,106.91527090532915
2026-04-19,Laundry Detergent,2545783.0,12.099501234404451,12.489660292974873,23.83908690455447,67.42096175005595,28.989992482925587,95.63130820568445,136.16286970509006,20.293856766661122,15.40528640990351,130.30320540158434,105.84734659595186
2026-04-26,Laundry Detergent,2941697.0,11.746995324023175,12.649970972678425,30.377920857190286,56.83067985878703,32.91428359352317,93.590706463131,0.0,37.321097466063094,15.196565430645048,130.53783881912747,103.8481941534157
2026-05-03,Laundry Detergent,1649193.0,12.691659092741574,12.623240525791054,17.565149600891218,65.06916027948456,16.786523316887383,93.10861527491217,0.0,39.71355111782262,17.877179998194446,130.6236530142695,105.38131191676167
2026-05-10,Laundry Detergent,1676482.0,12.655997220890098,12.499481930861107,25.16395581428293,39.94449107046775,18.755026950234903,92.80242816124043,62.66541886217156,41.824187708355666,17.976605457588516,130.74928251042965,104.46938611824605
2026-05-17,Laundry Detergent,2080958.0,12.524046560117831,12.987900975805001,19.933163201499276,58.21547649851723,27.107775080210367,92.94596934196701,0.0,29.91220979416234,21.700684363871215,130.62675895263214,103.5156690853103
2026-05-24,Laundry Detergent,2267654.0,12.394232454539232,12.525343347259067,30.126826530499415,45.09351975015649,30.56917587198711,93.8359794153376,0.0,17.778825078901185,21.930629055984415,130.74882760898,104.50102957877631
2026-05-31,Laundry Detergent,2107225.0,12.312805099387303,12.186331622911252,35.74649278762636,38.499150961176404,21.352276715580622,92.95927379645565,0.0,47.32984860334139,20.317711279733025,130.96437813940898,105.30986459185097
2026-06-07,Laundry Detergent,1857075.0,12.330099590776069,12.942658336468984,24.25936354935474,60.84949387921212,16.687425419113477,90.72554493939379,78.01196766367343,38.295264223065296,20.183384415885293,131.04745007402028,103.80108177051311
2026-06-14,Laundry Detergent,1972940.0,12.585569526799121,13.092550503747727,22.529787440420073,51.98239197771362,32.508871625031226,93.17700979036506,0.0,32.31879636039677,22.68022999184379,131.15848975800327,105.36649898832687
2026-06-21,Laundry Detergent,3338720.0,11.149897702563962,11.764396271272002,34.008003713794956,61.46192846371065,39.81693506743374,95.41572339258663,89.18932566554115,20.098843370689792,20.217291500677263,130.88872655496021,105.035803684003
2026-06-28,Laundry Detergent,3153724.0,11.07570730388036,12.032163722659057,35.437930506829716,63.760308000671564,33.03660991489254,92.34380193131608,0.0,29.391455394137463,22.59336092530272,131.2694365788784,104.40451372917165
2026-07-05,Laundry Detergent,2376494.0,11.996007521921213,11.927281826353676,30.129818445562666,52.11159937685584,32.46086177967699,92.87267041019673,0.0,57.30676619557206,23.043910629204863,131.27213608405532,106.71626447361471
2026-07-12,Laundry Detergent,1997979.0,11.998966974586027,13.242350953573895,24.48119743265699,64.68686893526419,16.58024612059102,93.26005472077186,0.0,35.35967893023868,24.614874187220156,131.42553660504595,107.1745949273087
2026-07-19,Laundry Detergent,2501338.0,12.44377436747645,12.040518180692777,27.507203190493904,52.79857002142861,50.526682903296816,94.97579011397433,0.0,25.729952777682907,25.774681222123956,131.0237904608618,104.34558933098138
2026-07-26,Laundry Detergent,2955868.0,11.450025508035363,12.137866830174111,34.176957737848575,57.77832161412134,39.53229624363394,93.1897636857778,0.0,32.698783629632736,23.67802802526316,131.4524978372508,106.82838109908869
2026-08-02,Laundry Detergent,1340295.0,13.364262145183929,13.292430277451322,19.20165086611209,41.025381165769154,22.940769387771734,92.74262379739524,0.0,0.0,23.224149144462537,131.52219863246862,106.20513567306249
2026-08-09,Laundry Detergent,1767923.0,12.198762747829482,12.664878398136084,21.97868088214339,68.21543350648196,22.204145361506956,93.15785356931566,0.0,30.48257552375774,20.347721719889694,131.6412614582969,105.17636577937668
